"STATE,C,2","CWA,C,9","TIME_ZONE,C,2","FE_AREA,C,2","ZONE,C,3","NAME,C,254","STATE_ZONE,C,5","LON,N,19,11","LAT,N,19,11","SHORTNAME,C,32"
AL,BMX,C,ec,019,Calhoun,AL019,-85.8261,33.7714,Calhoun
AL,MOB,C,sc,057,Butler,AL057,-86.6803,31.7524,Butler
AL,BMX,C,se,046,Bullock,AL046,-85.7161,32.1005,Bullock
AL,BMX,C,cc,017,Blount,AL017,-86.5674,33.9809,Blount
AL,BMX,C,cc,034,Bibb,AL034,-87.1264,32.9986,Bibb
AL,BMX,C,se,050,Barbour,AL050,-85.3932,31.8696,Barbour
AL,HUN,C,ne,009,Jackson,AL009,-85.9993,34.7794,Jackson
AL,BMX,C,ne,020,Cherokee,AL020,-85.6038,34.176,Cherokee
AL,BMX,C,cc,035,Chilton,AL035,-86.7188,32.8479,Chilton
AL,MOB,C,sw,051,Choctaw,AL051,-88.2628,32.0192,Choctaw
AL,BMX,C,ec,028,Clay,AL028,-85.8605,33.2691,Clay
AL,BMX,C,ec,021,Cleburne,AL021,-85.5188,33.6745,Cleburne
AL,TAE,C,se,065,Coffee,AL065,-85.9882,31.4026,Coffee
AL,HUN,C,nw,002,Colbert,AL002,-87.8049,34.7004,Colbert
AL,MOB,C,sc,056,Conecuh,AL056,-86.9936,31.4293,Conecuh
AL,BMX,C,ec,036,Coosa,AL036,-86.2476,32.9362,Coosa
AL,MOB,C,sc,060,Covington,AL060,-86.4512,31.2485,Covington
AL,MOB,C,sc,058,Crenshaw,AL058,-86.3136,31.7315,Crenshaw
AL,HUN,C,nc,016,Cullman,AL016,-86.8676,34.132,Cullman
AL,TAE,C,se,066,Dale,AL066,-85.611,31.4318,Dale
AL,BMX,C,sc,040,Dallas,AL040,-87.1065,32.3258,Dallas
AL,HUN,C,ne,010,DeKalb,AL010,-85.8041,34.4598,De Kalb
AL,BMX,C,ec,043,Elmore,AL043,-86.1492,32.5966,Elmore
AL,MOB,C,sc,059,Escambia,AL059,-87.1616,31.1262,Escambia
AL,BMX,C,ne,018,Etowah,AL018,-86.0348,34.0453,Etowah
AL,BMX,C,wc,013,Fayette,AL013,-87.7388,33.7212,Fayette
AL,HUN,C,nw,003,Franklin,AL003,-87.8438,34.4417,Franklin
AL,TAE,C,se,068,Geneva,AL068,-85.839,31.095,Geneva
AL,BMX,C,wc,031,Greene,AL031,-87.9522,32.8531,Greene
AL,BMX,C,wc,032,Hale,AL032,-87.6291,32.7627,Hale
AL,TAE,C,se,069,Houston,AL069,-85.3025,31.1532,Houston
AL,BMX,C,cc,024,Jefferson,AL024,-86.8965,33.5543,Jefferson
AL,BMX,C,wc,012,Lamar,AL012,-88.0969,33.7792,Lamar
AL,HUN,C,nw,001,Lauderdale,AL001,-87.6543,34.9015,Lauderdale
AL,HUN,C,nw,004,Lawrence,AL004,-87.311,34.522,Lawrence
AL,BMX,C,ec,047,Lee,AL047,-85.3556,32.6012,Lee
AL,HUN,C,nc,005,Limestone,AL005,-86.9813,34.8101,Limestone
AL,BMX,C,sc,042,Lowndes,AL042,-86.6501,32.1548,Lowndes
AL,BMX,C,se,045,Macon,AL045,-85.6926,32.386,Macon
AL,HUN,C,nc,006,Madison,AL006,-86.5502,34.7631,Madison
AL,BMX,C,sw,039,Marengo,AL039,-87.7895,32.2476,Marengo
AL,BMX,C,nw,011,Marion,AL011,-87.8871,34.1366,Marion
AL,HUN,C,ne,008,Marshall,AL008,-86.3066,34.3669,Marshall
AL,MOB,C,sc,055,Monroe,AL055,-87.3658,31.5706,Monroe
AL,BMX,C,sc,044,Montgomery,AL044,-86.2076,32.2202,Montgomery
AL,HUN,C,nc,007,Morgan,AL007,-86.8529,34.4535,Morgan
AL,BMX,C,cc,033,Perry,AL033,-87.2942,32.6385,Perry
AL,BMX,C,wc,022,Pickens,AL022,-88.0887,33.2809,Pickens
AL,BMX,C,se,049,Pike,AL049,-85.9409,31.8024,Pike
AL,BMX,C,ec,029,Randolph,AL029,-85.4591,33.2938,Randolph
AL,BMX,C,se,048,Russell,AL048,-85.1849,32.2884,Russell
AL,BMX,C,cc,026,St. Clair,AL026,-86.3147,33.7157,St. Clair
AL,BMX,C,cc,025,Shelby,AL025,-86.6607,33.2643,Shelby
AL,BMX,C,wc,030,Sumter,AL030,-88.1988,32.591,Sumter
AL,BMX,C,ec,027,Talladega,AL027,-86.1659,33.38,Talladega
AL,BMX,C,ec,037,Tallapoosa,AL037,-85.7975,32.8624,Tallapoosa
AL,BMX,C,wc,023,Tuscaloosa,AL023,-87.525,33.2896,Tuscaloosa
AL,BMX,C,cc,015,Walker,AL015,-87.2973,33.8034,Walker
AL,MOB,C,sw,052,Washington,AL052,-88.2071,31.4077,Washington
AL,MOB,C,sc,054,Wilcox,AL054,-87.3082,31.9892,Wilcox
AL,BMX,C,nw,014,Winston,AL014,-87.3737,34.1492,Winston
AL,BMX,C,cc,041,Autauga,AL041,-86.6428,32.5349,Autauga
AR,JAN,C,se,074,Ashley,AR074,-91.7679,33.1912,Ashley
AR,LZK,C,nc,005,Baxter,AR005,-92.337,36.2872,Baxter
AR,TSA,C,nw,001,Benton,AR001,-94.2573,36.3392,Benton
AR,LZK,C,se,057,Arkansas,AR057,-91.3749,34.2908,Arkansas
AR,LZK,C,se,068,Bradley,AR068,-92.1623,33.4659,Bradley
AR,LZK,C,sw,067,Calhoun,AR067,-92.5031,33.558,Calhoun
AR,TSA,C,nw,002,Carroll,AR002,-93.5382,36.341,Carroll
AR,JAN,C,se,075,Chicot,AR075,-91.294,33.2672,Chicot
AR,LZK,C,sw,053,Clark,AR053,-93.1764,34.051,Clark
AR,MEG,C,ee,009,Clay,AR009,-90.4173,36.3685,Clay
AR,LZK,C,nc,024,Cleburne,AR024,-92.0267,35.5381,Cleburne
AR,LZK,C,se,063,Cleveland,AR063,-92.1852,33.8983,Cleveland
AR,SHV,C,sw,072,Columbia,AR072,-93.2274,33.2143,Columbia
AR,LZK,C,cc,031,Conway,AR031,-92.7014,35.2622,Conway
AR,MEG,C,ee,026,Craighead,AR026,-90.6328,35.8308,Craighead
AR,MEG,C,ee,036,Crittenden,AR036,-90.3089,35.2079,Crittenden
AR,MEG,C,ee,035,Cross,AR035,-90.7713,35.2958,Cross
AR,LZK,C,sw,062,Dallas,AR062,-92.6545,33.9698,Dallas
AR,LZK,C,se,065,Desha,AR065,-91.254,33.8333,Desha
AR,LZK,C,se,069,Drew,AR069,-91.72,33.5895,Drew
AR,LZK,C,cc,032,Faulkner,AR032,-92.332,35.147,Faulkner
AR,LZK,C,nc,006,Fulton,AR006,-91.8183,36.3817,Fulton
AR,LZK,C,cc,042,Garland,AR042,-93.1504,34.5767,Garland
AR,LZK,C,cc,055,Grant,AR055,-92.4236,34.29,Grant
AR,MEG,C,ee,018,Greene,AR018,-90.5591,36.1177,Greene
AR,SHV,C,sw,060,Hempstead,AR060,-93.6684,33.7354,Hempstead
AR,LZK,C,sw,054,Hot Spring,AR054,-92.946,34.3177,Hot Spring
AR,SHV,C,sw,051,Howard,AR051,-93.9935,34.0887,Howard
AR,LZK,C,nc,016,Independence,AR016,-91.5698,35.7415,Independence
AR,LZK,C,nc,015,Izard,AR015,-91.9134,36.0949,Izard
AR,LZK,C,ee,025,Jackson,AR025,-91.2146,35.5994,Jackson
AR,LZK,C,se,056,Jefferson,AR056,-91.9315,34.2688,Jefferson
KS,GLD,C,nw,003,Decatur,KS003,-100.4599,39.7847,Decatur
KS,TOP,C,cc,035,Dickinson,KS035,-97.1527,38.8664,Dickinson
KS,EAX,C,ne,102,Doniphan,KS102,-95.147,39.7885,Doniphan
KS,TOP,C,ec,040,Douglas,KS040,-95.2924,38.8845,Douglas
KS,DDC,C,sc,079,Edwards,KS079,-99.312,37.8876,Edwards
KS,ICT,C,se,094,Elk,KS094,-96.2441,37.4537,Elk
KS,DDC,C,cc,031,Ellis,KS031,-99.3173,38.9148,Ellis
KS,ICT,C,cc,048,Ellsworth,KS048,-98.2048,38.6966,Ellsworth
KS,DDC,C,sw,063,Finney,KS063,-100.7369,38.0444,Finney
KS,DDC,C,sw,078,Ford,KS078,-99.8879,37.6917,Ford
KS,TOP,C,ec,056,Franklin,KS056,-95.2859,38.5646,Franklin
KS,TOP,C,ec,036,Geary,KS036,-96.7526,39.0024,Geary
KS,GLD,C,wc,029,Gove,KS029,-100.4829,38.916,Gove
KS,GLD,C,nw,016,Graham,KS016,-99.8833,39.3497,Graham
KS,DDC,C,sw,075,Grant,KS075,-101.308,37.5622,Grant
KS,TOP,C,nc,009,Washington,KS009,-97.0874,39.7842,Washington
KS,GLD,C,wc,042,Wichita,KS042,-101.3474,38.4821,Wichita
KS,ICT,C,se,095,Wilson,KS095,-95.7434,37.5593,Wilson
KS,ICT,C,se,071,Woodson,KS071,-95.7402,37.8867,Woodson
KS,TOP,C,ec,038,Wabaunsee,KS038,-96.2049,38.9533,Wabaunsee
KS,GLD,M,wc,027,Wallace,KS027,-101.7636,38.9166,Wallace
KY,LMK,E,nc,030,Jefferson,KY030,-85.6595,38.1872,Jefferson
KY,LMK,E,ec,048,Jessamine,KY048,-84.5809,37.872,Jessamine
KY,JKL,E,ne,107,Johnson,KY107,-82.8314,37.8467,Johnson
TN,OHX,C,mi,061,Marshall,TN061,-86.765,35.4689,Marshall
TN,MEG,C,we,049,Tipton,TN049,-89.7594,35.4966,Tipton
TN,HUN,C,mi,076,Moore,TN076,-86.3588,35.2847,Moore
TN,OHX,C,mi,006,Montgomery,TN006,-87.3828,36.4969,Montgomery
TN,MRX,E,ea,084,Meigs,TN084,-84.8135,35.5127,Meigs
TN,OHX,C,mi,060,Maury,TN060,-87.077,35.617,Maury
TN,MEG,C,we,002,Obion,TN002,-89.1488,36.3582,Obion
TN,MRX,E,ea,035,Morgan,TN035,-84.6491,36.135,Morgan
TX,SJT,C,sw,076,Crockett,TX076,-101.4121,30.723,Crockett
TX,LUB,C,nw,036,Crosby,TX036,-101.3,33.6146,Crosby
TX,AMA,C,pa,001,Dallam,TX001,-102.6022,36.2779,Dallam
TX,FWD,C,nc,119,Dallas,TX119,-96.7779,32.7666,Dallas
TX,MAF,C,ww,046,Dawson,TX046,-101.9477,32.7425,Dawson
TX,AMA,C,pa,016,Deaf Smith,TX016,-102.6049,34.966,Deaf Smith
TX,FWD,C,ne,106,Delta,TX106,-95.6723,33.3863,Delta
TX,FWD,C,nc,103,Denton,TX103,-97.1171,33.2043,Denton
TX,EWX,C,sc,224,De Witt,TX224,-97.3568,29.0821,De Witt
TX,LUB,C,nw,037,Dickens,TX037,-100.7789,33.6166,Dickens
TX,EWX,C,sc,228,Dimmit,TX228,-99.7567,28.4225,Dimmit
TX,AMA,C,pa,019,Donley,TX019,-100.814,34.9654,Donley
TX,FWD,C,nc,129,Eastland,TX129,-98.8323,32.3271,Eastland
TX,MAF,C,ww,061,Ector,TX061,-102.5428,31.8692,Ector
TX,EWX,C,sc,184,Edwards,TX184,-100.3047,29.9826,Edwards
TX,FWD,C,nc,134,Ellis,TX134,-96.7945,32.3484,Ellis
CO,PUB,M,cc,059,Leadville Vicinity/Lake County Below 11000 Ft,CO059,-106.3446,39.1873,Leadville Vicinity/Lake County B
CO,PUB,M,cc,065,Saguache County East of Continental Divide below 10000 Ft,CO065,-106.3423,38.1071,Saquache County East of Continen
CO,PUB,M,cc,069,Del Norte Vicinity/Northern San Luis Valley Below 8500 Ft,CO069,-106.0348,37.9152,Del Norte Vicinity/Northern San
CO,PUB,M,sc,070,Alamosa  Vicinity/Central San Luis Valley Below 8500 Ft,CO070,-105.8929,37.5614,Alamosa  Vicinity/Central San Lu
ID,MSO,MP,cc,007,Orofino/Grangeville Region,ID007,-116.0712,46.2094,Orofino/Grangeville Region
ID,OTX,P,pa,003,Idaho Palouse,ID003,-116.8785,46.9308,Idaho Palouse
ID,BOI,M,sw,013,Boise Mountains,ID013,-115.4718,43.7521,Boise Mountains
ID,BOI,M,sw,028,Camas Prairie,ID028,-114.8183,43.3011,Camas Prairie
ID,BOI,M,sw,033,Upper Weiser River,ID033,-116.5799,44.476,Upper Weiser River
ID,BOI,M,sw,011,West Central Mountains,ID011,-115.8966,44.7716,West Central Mountains
MA,BOX,E,ee,015,Suffolk,MA015,-71.0818,42.3308,Suffolk
MT,MSO,M,wc,043,Potomac/Seeley Lake Region,MT043,-113.584,47.2005,Potomac/Seeley Lake Region
AZ,TWC,m,se,512,Chiricahua Mountains including Chiricahua National Monument,AZ512,-109.356,31.8616,Chiricahua Mountains including C
AZ,TWC,m,se,513,Dragoon/Mule/Huachuca and Santa Rita Mountains including Bisbee/Canelo Hills/Madera Canyon,AZ513,-110.3833,31.6043,Dragoon/Mule/Huachuca and Santa
WA,PDT,P,cc,027,Yakima Valley,WA027,-120.3197,46.4366,Yakima Valley
WA,PDT,P,se,030,Northwest Blue Mountains,WA030,-117.8128,46.1508,Northwest Blue Mountains
MN,FGF,C,nw,007,West Marshall,MN007,-96.7657,48.3592,West Marshall
WY,RIW,M,cc,022,Casper Mountain,WY022,-106.2637,42.6061,Green Mountains and Rattlesnake
WY,RIW,M,cc,015,Wind River Mountains East,WY015,-109.2855,43.0496,Wind River Mountains East
NY,OKX,E,se,067,Orange,NY067,-74.3056,41.4022,Orange
NY,OKX,E,se,068,Putnam,NY068,-73.7495,41.4267,Putnam
NY,OKX,E,se,069,Rockland,NY069,-74.0241,41.1529,Rockland
CT,OKX,E,ss,006,Northern New Haven,CT006,-72.9956,41.4648,Northern New Haven
CT,OKX,E,ss,005,Northern Fairfield,CT005,-73.3629,41.353,Northern Fairfield
NJ,OKX,E,ne,002,Western Passaic,NJ002,-74.3518,41.0934,Western Passaic
NJ,OKX,E,ne,004,Eastern Passaic,NJ004,-74.1999,40.9175,Eastern Passaic
NY,OKX,E,se,070,Northern Westchester,NY070,-73.7474,41.2221,Northern Westchester
NJ,OKX,E,ne,107,Western Union,NJ107,-74.3579,40.6666,Western Union
NJ,OKX,E,ne,104,Eastern Bergen,NJ104,-74.0184,40.9151,Eastern Bergen
VA,LWX,E,nn,055,Stafford,VA055,-77.3287,38.3825,Stafford
VA,LWX,E,nn,057,King George,VA057,-77.0516,38.3151,King George
MD,LWX,E,ss,017,St. Marys,MD017,-76.6076,38.3052,St. Marys
MD,LWX,E,ss,018,Calvert,MD018,-76.4805,38.3838,Calvert
MD,LWX,E,ss,018,Calvert,MD018,-76.5696,38.5529,Calvert
MD,AKQ,E,se,023,Somerset,MD023,-75.8235,38.0905,Somerset
MD,LWX,E,cc,013,Prince Georges,MD013,-77.0099,38.7014,Prince Georges
VA,LWX,E,nn,053,Fairfax,VA053,-77.1788,38.6971,Fairfax
AR,SHV,C,sw,071,Lafayette,AR071,-93.6073,33.2408,Lafayette
AR,LZK,C,ee,017,Lawrence,AR017,-91.1071,36.0413,Lawrence
AR,MEG,C,ee,049,Lee,AR049,-90.782,34.7807,Lee
AR,LZK,C,se,064,Lincoln,AR064,-91.7333,33.9575,Lincoln
AR,SHV,C,sw,059,Little River,AR059,-94.2343,33.7005,Little River
AR,LZK,C,cc,045,Lonoke,AR045,-91.8887,34.7542,Lonoke
AR,LZK,C,nc,004,Marion,AR004,-92.6842,36.2684,Marion
AR,SHV,C,sw,070,Miller,AR070,-93.8918,33.3124,Miller
AR,MEG,C,ee,028,Mississippi,AR028,-90.054,35.7639,Mississippi
AR,LZK,C,ee,047,Monroe,AR047,-91.2038,34.6778,Monroe
AR,TSA,C,nw,011,Madison,AR011,-93.7246,36.011,Madison
AR,SHV,C,sw,061,Nevada,AR061,-93.3072,33.664,Nevada
AR,LZK,C,sw,066,Ouachita,AR066,-92.882,33.5933,Ouachita
AR,LZK,C,cc,039,Perry,AR039,-92.9315,34.9474,Perry
AR,MEG,C,ee,058,Phillips,AR058,-90.848,34.4283,Phillips
AR,LZK,C,sw,052,Pike,AR052,-93.6564,34.1636,Pike
AR,MEG,C,ee,027,Poinsett,AR027,-90.6629,35.574,Poinsett
AR,LZK,C,cc,046,Prairie,AR046,-91.5528,34.8297,Prairie
AR,LZK,C,cc,044,Pulaski,AR044,-92.3117,34.7699,Pulaski
AR,LZK,C,ee,008,Randolph,AR008,-91.0278,36.3415,Randolph
AR,MEG,C,ee,048,St. Francis,AR048,-90.7478,35.022,St. Francis
AR,LZK,C,cc,043,Saline,AR043,-92.6766,34.6466,Saline
AR,SHV,C,sw,050,Sevier,AR050,-94.2412,33.9973,Sevier
AR,LZK,C,nc,007,Sharp,AR007,-91.4799,36.1611,Sharp
AR,LZK,C,nc,014,Stone,AR014,-92.1567,35.8599,Stone
AR,SHV,C,sc,073,Union,AR073,-92.5973,33.1713,Union
AR,TSA,C,nw,010,Washington,AR010,-94.2147,35.98,Washington
AR,LZK,C,cc,033,White,AR033,-91.7457,35.2563,White
AR,LZK,C,ee,034,Woodruff,AR034,-91.2432,35.1863,Woodruff
AS,PPG,S,,003,Swains Island,AS003,-171.0802,-11.0548,Swains Island
CO,PUB,M,se,099,Springfield Vicinity/Baca County,CO099,-102.5605,37.3192,Springfield Vicinity/Baca County
CO,PUB,M,se,097,Las Animas Vicinity/Bent County,CO097,-103.0717,37.9551,Las Animas Vicinity/Bent County
CO,GLD,M,ec,092,Cheyenne County,CO092,-102.6034,38.8279,Cheyenne County
CO,PUB,M,se,089,Crowley County,CO089,-103.7849,38.3266,Crowley County
CO,GLD,M,ec,091,Kit Carson County,CO091,-102.6029,39.3054,Kit Carson County
CO,BOU,M,ne,048,Logan County,CO048,-103.1101,40.7247,Logan County
CO,BOU,M,ne,044,Morgan County,CO044,-103.8098,40.2627,Morgan County
CO,PUB,M,se,093,La Junta Vicinity/Otero County,CO093,-103.7164,37.9027,La Junta Vicinity/Otero County
CO,BOU,M,ne,051,Phillips County,CO051,-102.3575,40.5939,Phillips County
CO,PUB,M,se,098,Lamar Vicinity/Prowers County,CO098,-102.3933,37.9552,Lamar Vicinity/Prowers County
CO,BOU,M,ne,050,Sedgwick County,CO050,-102.3518,40.8758,Sedgwick County
CO,BOU,M,ne,049,Washington County,CO049,-103.2013,39.971,Washington County
CO,GLD,M,ne,090,Yuma County,CO090,-102.4243,40.0029,Yuma County
CT,BOX,E,nn,002,Hartford,CT002,-72.7328,41.8064,Hartford
CT,BOX,E,nn,003,Tolland,CT003,-72.3365,41.855,Tolland
CT,BOX,E,nn,004,Windham,CT004,-71.9875,41.8299,Windham
DE,PHI,E,cc,003,Inland Sussex,DE003,-75.4181,38.6653,Inland Sussex
GA,FFC,E,ec,039,Wilkes,GA039,-82.7432,33.782,Wilkes
GA,FFC,E,cc,108,Wilcox,GA108,-83.4322,31.9734,Wilcox
GA,FFC,E,nw,004,Whitfield,GA004,-84.9673,34.8056,Whitfield
GA,FFC,E,ne,016,White,GA016,-83.7472,34.6464,White
GA,FFC,E,cc,111,Wheeler,GA111,-82.7246,32.1171,Wheeler
GA,FFC,E,wc,103,Webster,GA103,-84.551,32.0466,Webster
GA,JAX,E,se,136,Wayne,GA136,-81.9168,31.5515,Wayne
GA,FFC,E,ec,074,Washington,GA074,-82.7959,32.9695,Washington
GA,FFC,E,ec,062,Warren,GA062,-82.6767,33.409,Warren
GA,JAX,E,se,250,Northern Ware,GA250,-82.4623,31.1996,Northern Ware
GA,FFC,E,nc,047,Walton,GA047,-83.7338,33.7816,Walton
GA,FFC,E,nw,002,Walker,GA002,-85.3009,34.7356,Walker
GA,FFC,E,nc,008,Union,GA008,-83.9907,34.8342,Union
GA,FFC,E,cc,083,Twiggs,GA083,-83.4272,32.6672,Twiggs
GA,TAE,E,sc,128,Turner,GA128,-83.6242,31.7164,Turner
GA,FFC,E,wc,066,Troup,GA066,-85.0283,33.0335,Troup
GA,FFC,E,ec,098,Treutlen,GA098,-82.5673,32.4039,Treutlen
GA,FFC,E,ne,009,Towns,GA009,-83.7373,34.9166,Towns
GA,FFC,E,se,113,Toombs,GA113,-82.3306,32.1206,Toombs
GA,TAE,E,sc,129,Tift,GA129,-83.5266,31.4575,Tift
GA,TAE,E,sc,158,Thomas,GA158,-83.9194,30.8637,Thomas
GA,TAE,E,sw,124,Terrell,GA124,-84.4368,31.7768,Terrell
GA,FFC,E,cc,110,Telfair,GA110,-82.9389,31.9299,Telfair
GA,FFC,E,ec,051,Taliaferro,GA051,-82.8787,33.5662,Taliaferro
GA,FFC,E,wc,079,Talbot,GA079,-84.533,32.6995,Talbot
GA,FFC,E,wc,104,Sumter,GA104,-84.1971,32.04,Sumter
GA,FFC,E,wc,102,Stewart,GA102,-84.8351,32.0785,Stewart
GA,GSP,E,ne,018,Stephens,GA018,-83.2935,34.554,Stephens
GA,FFC,E,wc,056,Spalding,GA056,-84.2841,33.2609,Spalding
GA,FFC,E,wc,092,Schley,GA092,-84.3149,32.262,Schley
GA,FFC,E,nc,046,Rockdale,GA046,-84.0267,33.6545,Rockdale
GA,CAE,E,ec,065,Richmond,GA065,-82.0735,33.3596,Richmond
GA,TAE,E,sw,122,Randolph,GA122,-84.7542,31.7626,Randolph
GA,GSP,E,ne,010,Rabun,GA010,-83.4021,34.8818,Rabun
GA,FFC,E,cc,060,Putnam,GA060,-83.3728,33.3218,Putnam
GA,FFC,E,cc,107,Pulaski,GA107,-83.4764,32.2328,Pulaski
GA,FFC,E,nw,030,Polk,GA030,-85.1881,34.0018,Polk
GA,FFC,E,wc,068,Pike,GA068,-84.3892,33.0922,Pike
GA,JAX,E,se,151,Pierce,GA151,-82.2134,31.3589,Pierce
GA,FFC,E,nc,013,Pickens,GA013,-84.4656,34.4643,Pickens
GA,FFC,E,cc,094,Peach,GA094,-83.8268,32.5688,Peach
GA,FFC,E,nw,031,Paulding,GA031,-84.8672,33.9202,Paulding
GA,FFC,E,ne,038,Oglethorpe,GA038,-83.0806,33.8807,Oglethorpe
GA,FFC,E,ne,037,Oconee,GA037,-83.437,33.8349,Oconee
GA,FFC,E,nc,048,Newton,GA048,-83.8503,33.5551,Newton
GA,FFC,E,wc,089,Muscogee,GA089,-84.877,32.51,Muscogee
GA,FFC,E,nw,005,Murray,GA005,-84.7481,34.7885,Murray
GA,FFC,E,nc,049,Morgan,GA049,-83.4924,33.5908,Morgan
GA,FFC,E,cc,112,Montgomery,GA112,-82.5338,32.1746,Montgomery
GA,FFC,E,cc,071,Monroe,GA071,-83.9187,33.0141,Monroe
GA,TAE,E,sw,145,Mitchell,GA145,-84.1942,31.2254,Mitchell
GA,TAE,E,sw,143,Miller,GA143,-84.7307,31.164,Miller
GA,FFC,E,wc,067,Meriwether,GA067,-84.6883,33.0407,Meriwether
GA,FFC,E,wc,091,Marion,GA091,-84.5246,32.3534,Marion
GA,FFC,E,ne,027,Madison,GA027,-83.209,34.1279,Madison
GA,CAE,E,ec,063,McDuffie,GA063,-82.4814,33.4829,McDuffie
GA,FFC,E,nc,015,Lumpkin,GA015,-84.0031,34.5722,Lumpkin
GA,TAE,E,sc,160,Lowndes,GA160,-83.2677,30.8339,Lowndes
GA,CAE,E,ec,040,Lincoln,GA040,-82.4512,33.7936,Lincoln
GA,FFC,E,cc,097,Laurens,GA097,-82.9222,32.4637,Laurens
GA,TAE,E,sc,161,Lanier,GA161,-83.0626,31.038,Lanier
GA,FFC,E,wc,070,Lamar,GA070,-84.1394,33.0765,Lamar
GA,FFC,E,cc,072,Jones,GA072,-83.5605,33.0251,Jones
GA,FFC,E,ec,085,Johnson,GA085,-82.6601,32.7015,Johnson
GA,FFC,E,cc,084,Wilkinson,GA084,-83.1713,32.8024,Wilkinson
GA,JAX,E,se,133,Jeff Davis,GA133,-82.637,31.8056,Jeff Davis
GA,FFC,E,wc,069,Upson,GA069,-84.2993,32.8812,Upson
GA,FFC,E,wc,093,Macon,GA093,-84.0425,32.3584,Macon
GA,TAE,E,sw,126,Lee,GA126,-84.141,31.7796,Lee
GA,FFC,E,wc,080,Taylor,GA080,-84.2504,32.5556,Taylor
GA,TAE,E,sc,159,Brooks,GA159,-83.5803,30.842,Brooks
GA,JAX,E,se,135,Appling,GA135,-82.289,31.7493,Appling
GA,JAX,E,se,149,Atkinson,GA149,-82.88,31.2971,Atkinson
GA,JAX,E,se,134,Bacon,GA134,-82.4527,31.5537,Bacon
GA,TAE,E,sw,144,Baker,GA144,-84.4447,31.3262,Baker
GA,FFC,E,cc,073,Baldwin,GA073,-83.2498,33.069,Baldwin
GA,FFC,E,ne,024,Banks,GA024,-83.4974,34.3541,Banks
GA,FFC,E,nc,035,Barrow,GA035,-83.7126,33.9932,Barrow
GA,FFC,E,nw,020,Bartow,GA020,-84.8405,34.2379,Bartow
GA,TAE,E,sc,130,Ben Hill,GA130,-83.2206,31.7598,Ben Hill
GA,TAE,E,sc,148,Berrien,GA148,-83.2297,31.2761,Berrien
GA,FFC,E,cc,082,Bibb,GA082,-83.6979,32.8067,Bibb
GA,FFC,E,cc,096,Bleckley,GA096,-83.3279,32.4344,Bleckley
GA,JAX,E,se,152,Brantley,GA152,-81.9819,31.197,Brantley
GA,CAE,E,ec,077,Burke,GA077,-82.0008,33.0612,Burke
GA,FFC,E,cc,058,Butts,GA058,-83.9572,33.2891,Butts
GA,TAE,E,sw,123,Calhoun,GA123,-84.6249,31.5292,Calhoun
GA,FFC,E,nw,042,Carroll,GA042,-85.0797,33.5828,Carroll
GA,FFC,E,nw,003,Catoosa,GA003,-85.1381,34.9036,Catoosa
GA,FFC,E,wc,090,Chattahoochee,GA090,-84.787,32.347,Chattahoochee
GA,FFC,E,nw,011,Chattooga,GA011,-85.3454,34.475,Chattooga
GA,FFC,E,nc,021,Cherokee,GA021,-84.4764,34.2439,Cherokee
GA,FFC,E,ne,036,Clarke,GA036,-83.3675,33.9513,Clarke
GA,TAE,E,sc,127,Worth,GA127,-83.851,31.5516,Worth
GA,JAX,E,se,163,Clinch,GA163,-82.7063,30.9151,Clinch
GA,FFC,E,nc,032,Cobb,GA032,-84.5767,33.9415,Cobb
GA,JAX,E,se,132,Coffee,GA132,-82.8493,31.5492,Coffee
GA,TAE,E,sc,146,Colquitt,GA146,-83.7688,31.1884,Colquitt
GA,CAE,E,ec,064,Columbia,GA064,-82.264,33.5442,Columbia
GA,TAE,E,sc,147,Cook,GA147,-83.4305,31.154,Cook
GA,FFC,E,wc,053,Coweta,GA053,-84.7633,33.3535,Coweta
GA,FFC,E,cc,081,Crawford,GA081,-83.9864,32.7145,Crawford
GA,FFC,E,cc,106,Crisp,GA106,-83.7681,31.923,Crisp
GA,FFC,E,nw,001,Dade,GA001,-85.5045,34.8546,Dade
GA,FFC,E,nc,014,Dawson,GA014,-84.1704,34.4438,Dawson
GA,FFC,E,nc,045,DeKalb,GA045,-84.2263,33.7715,De Kalb
GA,FFC,E,cc,109,Dodge,GA109,-83.1684,32.1722,Dodge
GA,FFC,E,cc,105,Dooly,GA105,-83.7987,32.1572,Dooly
GA,TAE,E,sw,125,Dougherty,GA125,-84.2164,31.5333,Dougherty
GA,FFC,E,nc,043,Douglas,GA043,-84.7677,33.7015,Douglas
GA,TAE,E,sw,142,Early,GA142,-84.9037,31.3228,Early
GA,JAX,E,se,162,Echols,GA162,-82.8939,30.7101,Echols
GA,GSP,E,ne,029,Elbert,GA029,-82.8403,34.117,Elbert
GA,FFC,E,ec,086,Emanuel,GA086,-82.3018,32.5898,Emanuel
GA,FFC,E,nc,006,Fannin,GA006,-84.3197,34.8641,Fannin
GA,FFC,E,nc,054,Fayette,GA054,-84.4941,33.414,Fayette
GA,FFC,E,nw,019,Floyd,GA019,-85.2143,34.2632,Floyd
GA,FFC,E,nc,022,Forsyth,GA022,-84.1253,34.2255,Forsyth
GA,GSP,E,ne,026,Franklin,GA026,-83.2292,34.3755,Franklin
GA,FFC,E,nc,007,Gilmer,GA007,-84.4554,34.6915,Gilmer
GA,FFC,E,ec,075,Glascock,GA075,-82.6107,33.2293,Glascock
GA,FFC,E,nw,012,Gordon,GA012,-84.8757,34.5034,Gordon
GA,TAE,E,sw,157,Grady,GA157,-84.2344,30.8747,Grady
GA,FFC,E,ec,050,Greene,GA050,-83.1667,33.5788,Greene
GA,FFC,E,nc,034,Gwinnett,GA034,-84.0235,33.9617,Gwinnett
GA,GSP,E,ne,017,Habersham,GA017,-83.5312,34.631,Habersham
GA,FFC,E,nc,023,Hall,GA023,-83.8197,34.3168,Hall
GA,FFC,E,ec,061,Hancock,GA061,-83.001,33.2703,Hancock
GA,FFC,E,nw,041,Haralson,GA041,-85.211,33.7943,Haralson
GA,FFC,E,wc,078,Harris,GA078,-84.909,32.736,Harris
GA,GSP,E,ne,028,Hart,GA028,-82.964,34.3511,Hart
GA,FFC,E,wc,052,Heard,GA052,-85.1283,33.297,Heard
GA,FFC,E,nc,057,Henry,GA057,-84.1554,33.4534,Henry
GA,FFC,E,cc,095,Houston,GA095,-83.6662,32.459,Houston
GA,TAE,E,sc,131,Irwin,GA131,-83.2764,31.6023,Irwin
GA,FFC,E,ne,025,Jackson,GA025,-83.5663,34.1339,Jackson
GA,FFC,E,cc,059,Jasper,GA059,-83.6881,33.3165,Jasper
GA,FFC,E,nc,055,Clayton,GA055,-84.3577,33.5419,Clayton
GA,FFC,E,ec,076,Jefferson,GA076,-82.4181,33.0549,Jefferson
IA,DMX,C,sc,095,Wayne,IA095,-93.3274,40.7395,Wayne
IA,DVN,C,se,077,Washington,IA077,-91.7179,41.3356,Washington
IA,DMX,C,sc,073,Warren,IA073,-93.5614,41.3343,Warren
IA,DMX,C,se,086,Wapello,IA086,-92.4095,41.0306,Wapello
IA,DVN,C,se,098,Van Buren,IA098,-91.95,40.7532,Van Buren
IA,DMX,C,sc,082,Union,IA082,-94.2424,41.0277,Union
IA,DMX,C,sw,092,Taylor,IA092,-94.6965,40.7374,Taylor
IA,DMX,C,cc,050,Tama,IA050,-92.5326,42.0798,Tama
IA,DMX,C,cc,048,Story,IA048,-93.4651,42.0362,Story
IA,FSD,C,nw,012,Sioux,IA012,-96.1779,43.0826,Sioux
IA,OAX,C,sw,056,Shelby,IA056,-95.3103,41.6851,Shelby
IA,DVN,C,ec,068,Scott,IA068,-90.6232,41.6371,Scott
IA,DMX,C,wc,033,Sac,IA033,-95.1055,42.3862,Sac
IA,DMX,C,sc,093,Ringgold,IA093,-94.244,40.7352,Ringgold
IA,DMX,C,cc,062,Poweshiek,IA062,-92.5315,41.6864,Poweshiek
IA,OAX,C,sw,069,Pottawattamie,IA069,-95.5423,41.3364,Pottawattamie
IA,DMX,C,cc,060,Polk,IA060,-93.5734,41.6855,Polk
IA,DMX,C,nw,023,Pocahontas,IA023,-94.6788,42.7341,Pocahontas
IA,FSD,C,nw,020,Plymouth,IA020,-96.2142,42.7378,Plymouth
IA,DMX,C,nw,015,Palo Alto,IA015,-94.6782,43.082,Palo Alto
IA,OAX,C,sw,091,Page,IA091,-95.1502,40.7391,Page
IA,FSD,C,nw,002,Osceola,IA002,-95.6237,43.3785,Osceola
IA,FSD,C,nw,013,O'Brien,IA013,-95.625,43.0838,O'Brien
IA,DVN,C,ec,067,Muscatine,IA067,-91.1127,41.4839,Muscatine
IA,OAX,C,sw,080,Montgomery,IA080,-95.1563,41.0301,Montgomery
IA,DMX,C,sc,085,Monroe,IA085,-92.869,41.0297,Monroe
IA,OAX,C,wc,043,Monona,IA043,-95.96,42.0516,Monona
IA,ARX,C,nc,008,Mitchell,IA008,-92.7891,43.3564,Mitchell
IA,OAX,C,sw,079,Mills,IA079,-95.6214,41.0332,Mills
IA,DMX,C,cc,049,Marshall,IA049,-92.9988,42.0358,Marshall
IA,DMX,C,sc,074,Marion,IA074,-93.0995,41.3344,Marion
IA,DMX,C,sc,075,Mahaska,IA075,-92.6409,41.3351,Mahaska
IA,DMX,C,sc,072,Madison,IA072,-94.0155,41.3307,Madison
IA,FSD,C,nw,001,Lyon,IA001,-96.2103,43.3805,Lyon
IA,DMX,C,sc,084,Lucas,IA084,-93.3277,41.0293,Lucas
IA,DVN,C,se,078,Louisa,IA078,-91.2597,41.2185,Louisa
IA,DVN,C,ec,052,Linn,IA052,-91.5989,42.0789,Linn
IA,DVN,C,se,099,Lee,IA099,-91.4792,40.642,Lee
IA,DMX,C,nc,005,Kossuth,IA005,-94.2067,43.2042,Kossuth
IA,DVN,C,se,076,Keokuk,IA076,-92.1787,41.3364,Keokuk
IA,DVN,C,ec,064,Johnson,IA064,-91.5881,41.6715,Johnson
IA,DVN,C,se,087,Jefferson,IA087,-91.9489,41.0318,Jefferson
IA,DMX,C,cc,061,Jasper,IA061,-93.0537,41.686,Jasper
IA,DVN,C,ec,054,Jackson,IA054,-90.5742,42.1717,Jackson
IA,DVN,C,ec,063,Iowa,IA063,-92.0656,41.6863,Iowa
IA,FSD,C,wc,032,Ida,IA032,-95.5136,42.3869,Ida
IA,DMX,C,nc,024,Humboldt,IA024,-94.2073,42.7764,Humboldt
IA,ARX,C,ne,009,Howard,IA009,-92.3172,43.3568,Howard
IA,DVN,C,se,088,Henry,IA088,-91.5446,40.9879,Henry
IA,OAX,C,sw,055,Harrison,IA055,-95.8167,41.6829,Harrison
IA,DMX,C,cc,037,Hardin,IA037,-93.2404,42.3838,Hardin
IA,DMX,C,nc,016,Hancock,IA016,-93.7343,43.0819,Hancock
IA,DMX,C,cc,036,Hamilton,IA036,-93.7068,42.3838,Hamilton
IA,DMX,C,wc,058,Guthrie,IA058,-94.501,41.6838,Guthrie
IA,DMX,C,cc,038,Grundy,IA038,-92.7911,42.402,Grundy
IA,DMX,C,wc,046,Greene,IA046,-94.3969,42.0362,Greene
IA,OAX,C,sw,090,Fremont,IA090,-95.6047,40.7456,Fremont
IA,DMX,C,nc,026,Franklin,IA026,-93.2624,42.7325,Franklin
IA,ARX,C,nc,018,Floyd,IA018,-92.789,43.06,Floyd
IA,ARX,C,ne,029,Fayette,IA029,-91.8443,42.8625,Fayette
IA,DMX,C,nw,004,Emmet,IA004,-94.6784,43.3779,Emmet
IA,DVN,C,ne,042,Dubuque,IA042,-90.8824,42.4689,Dubuque
IA,FSD,C,nw,003,Dickinson,IA003,-95.151,43.3779,Dickinson
IA,DVN,C,se,089,Des Moines,IA089,-91.1815,40.9232,Des Moines
IA,DVN,C,ne,041,Delaware,IA041,-91.3673,42.4711,Delaware
IA,DMX,C,sw,071,Adair,IA071,-94.471,41.3307,Adair
IA,DMX,C,sw,081,Adams,IA081,-94.6992,41.029,Adams
IA,ARX,C,ne,011,Allamakee,IA011,-91.3781,43.2843,Allamakee
IA,DMX,C,sc,096,Appanoose,IA096,-92.8687,40.7432,Appanoose
IA,DMX,C,wc,057,Audubon,IA057,-94.9058,41.6846,Audubon
IA,DVN,C,ec,051,Benton,IA051,-92.0657,42.0801,Benton
IA,DMX,C,ne,039,Black Hawk,IA039,-92.3085,42.4701,Black Hawk
IA,DMX,C,cc,047,Boone,IA047,-93.9318,42.0366,Boone
IA,DMX,C,ne,028,Bremer,IA028,-92.3182,42.7747,Bremer
IA,DVN,C,ne,040,Buchanan,IA040,-91.8379,42.4707,Buchanan
IA,FSD,C,nw,022,Buena Vista,IA022,-95.1513,42.7355,Buena Vista
IA,DMX,C,nc,027,Butler,IA027,-92.7902,42.7316,Butler
IA,DMX,C,wc,034,Calhoun,IA034,-94.6405,42.3852,Calhoun
IA,DMX,C,wc,045,Carroll,IA045,-94.8607,42.0362,Carroll
IA,DMX,C,sw,070,Cass,IA070,-94.9278,41.3315,Cass
IA,DVN,C,ec,065,Cedar,IA065,-91.1324,41.7723,Cedar
IA,DMX,C,nc,017,Cerro Gordo,IA017,-93.2608,43.0815,Cerro Gordo
IA,FSD,C,nw,021,Cherokee,IA021,-95.6239,42.7357,Cherokee
IA,ARX,C,ne,019,Chickasaw,IA019,-92.3176,43.0601,Chickasaw
IA,DMX,C,sc,083,Clarke,IA083,-93.7851,41.029,Clarke
IA,FSD,C,nw,014,Clay,IA014,-95.151,43.0826,Clay
IA,ARX,C,ne,030,Clayton,IA030,-91.3414,42.8447,Clayton
IA,DVN,C,ec,066,Clinton,IA066,-90.532,41.898,Clinton
IA,DMX,C,wc,044,Crawford,IA044,-95.3821,42.0372,Crawford
IA,DMX,C,cc,059,Dallas,IA059,-94.0398,41.6849,Dallas
IA,DMX,C,se,097,Davis,IA097,-92.4097,40.7477,Davis
IA,DMX,C,sc,094,Decatur,IA094,-93.7863,40.7377,Decatur
IA,DMX,C,nc,025,Wright,IA025,-93.7352,42.7331,Wright
IA,ARX,C,ne,010,Winneshiek,IA010,-91.8436,43.2906,Winneshiek
IA,FSD,C,wc,031,Woodbury,IA031,-96.0449,42.3897,Woodbury
IA,DMX,C,nc,007,Worth,IA007,-93.2609,43.3774,Worth
IA,DVN,C,ec,053,Jones,IA053,-91.1314,42.1212,Jones
IA,DMX,C,cc,035,Webster,IA035,-94.1818,42.4278,Webster
IA,DMX,C,nc,006,Winnebago,IA006,-93.7342,43.3775,Winnebago
IL,PAH,C,ss,084,Jackson,IL084,-89.3821,37.7852,Jackson
IL,ILX,C,se,067,Jasper,IL067,-88.1538,39.01,Jasper
IL,PAH,C,sc,075,Jefferson,IL075,-88.924,38.3005,Jefferson
IL,LSX,C,sw,099,Jersey,IL099,-90.3566,39.0856,Jersey
IL,DVN,C,nw,001,Jo Daviess,IL001,-90.2123,42.3657,Jo Daviess
IL,PAH,C,ss,089,Johnson,IL089,-88.8809,37.4596,Johnson
IL,LOT,C,ne,012,Kane,IL012,-88.4287,41.939,Kane
IL,LOT,C,ne,023,Kankakee,IL023,-87.8618,41.1377,Kankakee
IL,LOT,C,ne,020,Kendall,IL020,-88.4289,41.5906,Kendall
IL,LOT,C,ec,033,Iroquois,IL033,-87.8243,40.7474,Iroquois
IL,LOT,C,nc,019,La Salle,IL019,-88.8859,41.3439,La Salle
IL,ILX,C,se,073,Lawrence,IL073,-87.7266,38.72,Lawrence
IL,DVN,C,nw,016,Henry,IL016,-90.1314,41.3531,Henry
IL,LOT,C,cc,032,Livingston,IL032,-88.5578,40.8914,Livingston
IL,ILX,C,cc,042,Logan,IL042,-89.3676,40.1245,Logan
IL,DVN,C,wc,035,McDonough,IL035,-90.678,40.4562,McDonough
IL,LOT,C,ne,005,McHenry,IL005,-88.4524,42.3244,McHenry
IL,ILX,C,cc,038,McLean,IL038,-88.8473,40.4908,McLean
IL,ILX,C,cc,053,Macon,IL053,-88.9617,39.8599,Macon
IL,LSX,C,sw,059,Macoupin,IL059,-89.9244,39.261,Macoupin
IL,LSX,C,sw,100,Madison,IL100,-89.9051,38.8299,Madison
IL,LSX,C,sc,070,Marion,IL070,-88.919,38.6496,Marion
IL,ILX,C,cc,030,Marshall,IL030,-89.3448,41.0332,Marshall
IL,ILX,C,cc,041,Mason,IL041,-89.9168,40.2397,Mason
IL,PAH,C,ss,094,Massac,IL094,-88.7078,37.219,Massac
IL,ILX,C,cc,048,Menard,IL048,-89.8022,40.0274,Menard
IL,DVN,C,nw,024,Mercer,IL024,-90.7414,41.2053,Mercer
IL,LSX,C,sw,102,Monroe,IL102,-90.1774,38.2785,Monroe
IL,LSX,C,sc,060,Montgomery,IL060,-89.4789,39.231,Montgomery
IL,ILX,C,wc,050,Morgan,IL050,-90.2015,39.7156,Morgan
IL,ILX,C,cc,054,Moultrie,IL054,-88.6194,39.6413,Moultrie
IL,LOT,C,nc,008,Ogle,IL008,-89.3207,42.0427,Ogle
IL,ILX,C,cc,029,Peoria,IL029,-89.76,40.7881,Peoria
IL,PAH,C,sc,080,Perry,IL080,-89.3671,38.0838,Perry
IL,ILX,C,cc,044,Piatt,IL044,-88.5911,40.0104,Piatt
IL,LSX,C,wc,097,Pike,IL097,-90.8862,39.6225,Pike
IL,PAH,C,ss,090,Pope,IL090,-88.5615,37.4127,Pope
IL,PAH,C,ss,093,Pulaski,IL093,-89.1267,37.2228,Pulaski
IL,DVN,C,nc,018,Putnam,IL018,-89.2858,41.2045,Putnam
IL,LSX,C,sc,065,Fayette,IL065,-89.0242,39.0002,Fayette
IL,LSX,C,sw,079,Randolph,IL079,-89.8253,38.0521,Randolph
IL,ILX,C,se,072,Richland,IL072,-88.085,38.7124,Richland
IL,DVN,C,nw,015,Rock Island,IL015,-90.5674,41.4673,Rock Island
IL,LSX,C,sw,101,St. Clair,IL101,-89.9284,38.4703,St. Clair
IL,PAH,C,ss,086,Saline,IL086,-88.5408,37.7533,Saline
IL,ILX,C,cc,051,Sangamon,IL051,-89.6589,39.7582,Sangamon
IL,ILX,C,wc,040,Schuyler,IL040,-90.6151,40.158,Schuyler
IL,ILX,C,wc,049,Scott,IL049,-90.4747,39.6442,Scott
IL,ILX,C,cc,061,Shelby,IL061,-88.8055,39.3911,Shelby
IL,ILX,C,nc,028,Stark,IL028,-89.7975,41.0934,Stark
IL,DVN,C,nw,002,Stephenson,IL002,-89.6625,42.3517,Stephenson
IL,ILX,C,cc,037,Tazewell,IL037,-89.5134,40.5075,Tazewell
IL,PAH,C,ss,088,Union,IL088,-89.2551,37.4712,Union
IL,ILX,C,ec,046,Vermilion,IL046,-87.7329,40.1836,Vermilion
IL,PAH,C,se,078,Wabash,IL078,-87.8443,38.4461,Wabash
IL,DVN,C,wc,026,Warren,IL026,-90.615,40.8488,Warren
IL,LSX,C,sc,074,Washington,IL074,-89.4105,38.3522,Washington
IL,PAH,C,sc,076,Wayne,IL076,-88.4256,38.4295,Wayne
IL,PAH,C,se,083,White,IL083,-88.1795,38.0875,White
IL,DVN,C,nw,009,Whiteside,IL009,-89.9141,41.7564,Whiteside
IL,LOT,C,ne,107,Southern Will,IL107,-88.0891,41.3459,Southern Will
IL,PAH,C,ss,085,Williamson,IL085,-88.9299,37.7303,Williamson
IL,LOT,C,nc,003,Winnebago,IL003,-89.1609,42.3363,Winnebago
IL,ILX,C,cc,031,Woodford,IL031,-89.2111,40.7882,Woodford
IL,LOT,C,ne,021,Grundy,IL021,-88.4185,41.285,Grundy
IL,LSX,C,wc,095,Adams,IL095,-91.1886,39.9878,Adams
IL,PAH,C,ss,092,Alexander,IL092,-89.3376,37.1915,Alexander
IL,LSX,C,sc,064,Bond,IL064,-89.4356,38.8868,Bond
IL,LOT,C,nc,004,Boone,IL004,-88.8234,42.3231,Boone
IL,LSX,C,wc,096,Brown,IL096,-90.7504,39.9618,Brown
IL,DVN,C,nc,017,Bureau,IL017,-89.5287,41.4041,Bureau
IL,LSX,C,sw,098,Calhoun,IL098,-90.6675,39.1692,Calhoun
IL,DVN,C,nw,007,Carroll,IL007,-89.9345,42.0688,Carroll
IL,ILX,C,wc,047,Cass,IL047,-90.2474,39.9736,Cass
IL,ILX,C,ec,045,Champaign,IL045,-88.1991,40.1401,Champaign
IL,ILX,C,cc,052,Christian,IL052,-89.2773,39.5458,Christian
IL,ILX,C,ec,063,Clark,IL063,-87.7878,39.3335,Clark
IL,ILX,C,sc,071,Clay,IL071,-88.4902,38.7542,Clay
IL,LSX,C,sc,069,Clinton,IL069,-89.4224,38.6065,Clinton
IL,ILX,C,ec,056,Coles,IL056,-88.2218,39.5202,Coles
IL,ILX,C,ec,068,Crawford,IL068,-87.7595,39.0028,Crawford
IL,ILX,C,ec,062,Cumberland,IL062,-88.2403,39.2732,Cumberland
IL,LOT,C,nc,011,De Kalb,IL011,-88.7704,41.8934,De Kalb
IL,ILX,C,cc,043,De Witt,IL043,-88.9041,40.1746,De Witt
IL,ILX,C,ec,055,Douglas,IL055,-88.2174,39.7695,Douglas
IL,LOT,C,ne,013,DuPage,IL013,-88.0857,41.852,DuPage
IL,ILX,C,ec,057,Edgar,IL057,-87.7456,39.6786,Edgar
IL,PAH,C,se,077,Edwards,IL077,-88.0532,38.4165,Edwards
IL,ILX,C,sc,066,Effingham,IL066,-88.5899,39.0597,Effingham
IL,LSX,C,sw,058,Greene,IL058,-90.3905,39.3562,Greene
IL,LOT,C,ec,039,Ford,IL039,-88.2233,40.5972,Ford
IL,PAH,C,sc,081,Franklin,IL081,-88.9242,37.9923,Franklin
IL,ILX,C,wc,036,Fulton,IL036,-90.2075,40.4728,Fulton
IL,PAH,C,ss,087,Gallatin,IL087,-88.2305,37.7628,Gallatin
IL,DVN,C,wc,025,Henderson,IL025,-90.9251,40.8181,Henderson
IL,PAH,C,ss,091,Hardin,IL091,-88.2669,37.5182,Hardin
IL,DVN,C,wc,034,Hancock,IL034,-91.1647,40.4037,Hancock
IL,PAH,C,sc,082,Hamilton,IL082,-88.5391,38.0816,Hamilton
IL,LOT,C,nc,010,Lee,IL010,-89.3005,41.7461,Lee
IL,ILX,C,wc,027,Knox,IL027,-90.2133,40.9318,Knox
IN,IND,E,wc,028,Warren,IN028,-87.3533,40.3469,Warren
IN,IWX,E,nc,024,Wabash,IN024,-85.794,40.8457,Wabash
IN,IND,E,wc,051,Vigo,IN051,-87.39,39.4306,Vigo
IN,IND,E,wc,043,Vermillion,IN043,-87.464,39.8538,Vermillion
IN,PAH,C,sw,086,Vanderburgh,IN086,-87.5857,38.0254,Vanderburgh
IN,ILN,E,ec,059,Union,IN059,-84.9251,39.6255,Union
IN,IND,E,cc,038,Tipton,IN038,-86.0519,40.3114,Tipton
IN,IND,E,wc,029,Tippecanoe,IN029,-86.8941,40.3886,Tippecanoe
IN,ILN,E,se,080,Switzerland,IN080,-85.037,38.8262,Switzerland
IN,IND,E,sw,060,Sullivan,IN060,-87.4146,39.0888,Sullivan
IN,IWX,E,ne,007,Steuben,IN007,-85.0008,41.6439,Steuben
IN,IWX,C,nw,012,Starke,IN012,-86.6478,41.281,Starke
IN,PAH,C,sw,088,Spencer,IN088,-87.0077,38.0142,Spencer
IN,IND,E,cc,056,Shelby,IN056,-85.7918,39.5236,Shelby
IN,LMK,E,sc,078,Scott,IN078,-85.7474,38.6851,Scott
IN,IND,E,cc,057,Rush,IN057,-85.4658,39.6199,Rush
IN,LMK,E,sc,077,Washington,IN077,-86.1053,38.6,Washington
IN,IND,E,ec,042,Randolph,IN042,-85.0114,40.1576,Randolph
IN,IND,E,wc,045,Putnam,IN045,-86.845,39.6663,Putnam
IN,IWX,E,nw,013,Pulaski,IN013,-86.6989,41.0419,Pulaski
IN,PAH,C,sw,085,Posey,IN085,-87.8684,38.0218,Posey
IN,PAH,E,sw,082,Pike,IN082,-87.2322,38.3988,Pike
IN,LMK,C,sc,089,Perry,IN089,-86.638,38.0797,Perry
IN,IND,E,wc,044,Parke,IN044,-87.2063,39.7736,Parke
IN,IND,E,wc,053,Owen,IN053,-86.8376,39.3129,Owen
IN,LMK,E,sc,076,Orange,IN076,-86.4951,38.5418,Orange
IN,ILN,E,se,075,Ohio,IN075,-84.965,38.9501,Ohio
IN,IWX,E,ne,008,Noble,IN008,-85.4174,41.3986,Noble
IN,LOT,C,nw,010,Newton,IN010,-87.3975,40.9559,Newton
IN,IND,E,cc,054,Morgan,IN054,-86.4462,39.4815,Morgan
IN,IND,E,wc,036,Montgomery,IN036,-86.8933,40.0404,Montgomery
IN,IND,E,sc,062,Monroe,IN062,-86.5231,39.1609,Monroe
IN,IWX,E,nc,023,Miami,IN023,-86.0451,40.7695,Miami
IN,IND,E,sw,069,Martin,IN069,-86.8031,38.708,Martin
IN,IWX,E,nc,014,Marshall,IN014,-86.2618,41.325,Marshall
IN,IND,E,cc,047,Marion,IN047,-86.1384,39.7816,Marion
IN,IND,E,cc,040,Madison,IN040,-85.7194,40.1617,Madison
IN,IND,E,sc,070,Lawrence,IN070,-86.4834,38.8412,Lawrence
IN,IWX,E,ne,006,Lagrange,IN006,-85.4265,41.6427,Lagrange
IN,IND,E,sw,067,Knox,IN067,-87.418,38.6891,Knox
IN,IND,E,cc,055,Johnson,IN055,-86.1017,39.4899,Johnson
IN,IND,E,se,072,Jennings,IN072,-85.6281,38.9969,Jennings
IN,LMK,E,sc,079,Jefferson,IN079,-85.4385,38.7858,Jefferson
IN,IWX,E,ec,034,Jay,IN034,-85.0057,40.438,Jay
IN,LOT,C,nw,011,Jasper,IN011,-87.1162,41.023,Jasper
IN,IND,E,sc,071,Jackson,IN071,-86.0376,38.9064,Jackson
IN,IWX,E,ne,025,Huntington,IN025,-85.4881,40.8291,Huntington
IN,IND,E,cc,031,Howard,IN031,-86.117,40.4836,Howard
IN,IND,E,ec,049,Henry,IN049,-85.3964,39.931,Henry
IN,IND,E,cc,046,Hendricks,IN046,-86.51,39.7695,Hendricks
IN,LMK,E,sc,090,Harrison,IN090,-86.1113,38.1952,Harrison
IN,IND,E,cc,048,Hancock,IN048,-85.7732,39.8235,Hancock
IN,IND,E,cc,039,Hamilton,IN039,-86.052,40.0725,Hamilton
IN,IND,E,sw,061,Greene,IN061,-86.962,39.0364,Greene
IN,IWX,E,cc,032,Grant,IN032,-85.6548,40.5158,Grant
IN,PAH,C,sw,081,Gibson,IN081,-87.5846,38.3118,Gibson
IN,IWX,E,nc,015,Fulton,IN015,-86.2636,41.047,Fulton
IN,ILN,E,se,066,Franklin,IN066,-85.0603,39.4148,Franklin
IN,IND,E,wc,035,Fountain,IN035,-87.2419,40.1209,Fountain
IN,LMK,E,sc,091,Floyd,IN091,-85.9068,38.3194,Floyd
IN,IWX,E,ne,027,Adams,IN027,-84.9366,40.7456,Adams
IN,IWX,E,ne,018,Allen,IN018,-85.0665,41.0908,Allen
IN,IND,E,cc,064,Bartholomew,IN064,-85.8977,39.2059,Bartholomew
IN,LOT,E,nw,019,Benton,IN019,-87.3109,40.6063,Benton
IN,IWX,E,ec,033,Blackford,IN033,-85.3248,40.4735,Blackford
IN,IND,E,cc,037,Boone,IN037,-86.4687,40.0508,Boone
IN,IND,E,sc,063,Brown,IN063,-86.2274,39.1962,Brown
IN,IND,E,nc,021,Carroll,IN021,-86.5635,40.5829,Carroll
IN,IWX,E,nc,022,Cass,IN022,-86.346,40.7615,Cass
IN,LMK,E,sc,092,Clark,IN092,-85.7073,38.4773,Clark
IN,IWX,E,ne,017,Whitley,IN017,-85.5052,41.1394,Whitley
IN,IND,E,cc,030,Clinton,IN030,-86.4752,40.3017,Clinton
IN,LMK,E,sc,084,Crawford,IN084,-86.4517,38.2923,Crawford
IN,IND,E,sw,068,Daviess,IN068,-87.0721,38.7024,Daviess
IN,ILN,E,se,074,Dearborn,IN074,-84.9733,39.1453,Dearborn
IN,IND,E,cc,065,Decatur,IN065,-85.5013,39.3069,Decatur
IN,IWX,E,ne,009,De Kalb,IN009,-84.9991,41.3976,De Kalb
IN,IND,E,ec,041,Delaware,IN041,-85.3969,40.2275,Delaware
IN,LMK,E,sc,083,Dubois,IN083,-86.8798,38.3643,Dubois
IN,IWX,E,nc,005,Elkhart,IN005,-85.8587,41.5974,Elkhart
IN,ILN,E,ec,058,Fayette,IN058,-85.1787,39.6401,Fayette
IN,ILN,E,ec,050,Wayne,IN050,-85.0099,39.8644,Wayne
IN,IWX,E,ne,026,Wells,IN026,-85.2212,40.7291,Wells
IN,IWX,E,nw,020,White,IN020,-86.8654,40.7499,White
IN,IND,E,wc,052,Clay,IN052,-87.1158,39.3928,Clay
IN,PAH,C,sw,087,Warrick,IN087,-87.2721,38.0922,Warrick
IN,ILN,E,se,073,Ripley,IN073,-85.2624,39.1034,Ripley
KS,DDC,C,wc,030,Trego,KS030,-99.8729,38.9143,Trego
KS,GLD,C,nw,014,Thomas,KS014,-101.0555,39.3509,Thomas
KS,ICT,C,sc,092,Sumner,KS092,-97.4765,37.2373,Sumner
KS,DDC,C,sw,085,Stevens,KS085,-101.3121,37.1924,Stevens
KS,DDC,C,sw,074,Stanton,KS074,-101.7842,37.563,Stanton
KS,DDC,C,sc,066,Stafford,KS066,-98.7175,38.0311,Stafford
KS,GID,C,nc,006,Smith,KS006,-98.7855,39.7851,Smith
KS,GLD,M,nw,013,Sherman,KS013,-101.72,39.3514,Sherman
KS,GLD,C,nw,015,Sheridan,KS015,-100.4418,39.3503,Sheridan
KS,TOP,C,ec,039,Shawnee,KS039,-95.7564,39.0415,Shawnee
KS,DDC,C,sw,086,Seward,KS086,-100.8513,37.1933,Seward
WV,RLX,E,nn,020,Doddridge,WV020,-80.7069,39.2692,Doddridge
WV,RLX,E,nc,027,Clay,WV027,-81.0751,38.4626,Clay
WV,RLX,E,nc,018,Calhoun,WV018,-81.1175,38.8445,Calhoun
WV,RLX,E,ww,006,Cabell,WV006,-82.2417,38.4203,Cabell
WV,PBZ,E,nn,002,Brooke,WV002,-80.5765,40.2733,Brooke
WV,RLX,E,nc,028,Braxton,WV028,-80.7193,38.6998,Braxton
WV,RLX,E,cc,026,Boone,WV026,-81.7113,38.0231,Boone
WV,LWX,E,pa,052,Berkeley,WV052,-78.0275,39.4641,Berkeley
WV,PBZ,E,nn,012,Wetzel,WV012,-80.6391,39.6053,Wetzel
WV,RLX,E,nw,017,Wirt,WV017,-81.3786,39.0224,Wirt
WV,RLX,E,nw,009,Wood,WV009,-81.515,39.2111,Wood
WV,RLX,E,ss,034,Wyoming,WV034,-81.5491,37.6096,Wyoming
WV,RLX,E,ne,040,Barbour,WV040,-80.003,39.1329,Barbour
WV,RLX,E,nn,032,Taylor,WV032,-80.0461,39.336,Taylor
WV,RLX,E,ww,005,Wayne,WV005,-82.427,38.1461,Wayne
WV,RLX,E,ne,039,Upshur,WV039,-80.2334,38.8978,Upshur
WV,RLX,E,nn,011,Tyler,WV011,-80.8849,39.4653,Tyler
WV,PBZ,E,nn,514,Eastern Tucker,WV514,-79.4704,39.0818,Eastern Tucker
WV,RNK,E,se,043,Summers,WV043,-80.8586,37.6559,Summers
WV,RLX,E,cc,016,Roane,WV016,-81.3483,38.714,Roane
WV,RLX,E,nw,019,Ritchie,WV019,-81.0629,39.1783,Ritchie
WY,CYS,M,se,108,Goshen County,WY108,-104.3533,42.088,Goshen County
WY,CYS,M,ec,102,Niobrara County,WY102,-104.4754,43.0565,Niobrara County
OR,MFR,P,sc,030,Northern and Eastern Klamath County and Western Lake County,OR030,-121.2476,42.7799,Northern and Eastern Klamath Cou
OR,PDT,P,ne,044,Lower Columbia Basin of Oregon,OR044,-119.5702,45.7293,Lower Columbia Basin of Oregon
OR,PDT,P,ne,050,Wallowa County,OR050,-117.1835,45.4827,Wallowa County
UT,GJT,M,se,028,La Sal and Abajo Mountains,UT028,-109.3836,38.047,La Sal and Abajo Mountains
UT,GJT,M,ec,025,Tavaputs Plateau,UT025,-109.5696,39.4851,Tavaputs Plateau
WA,OTX,P,se,031,Northeast Blue Mountains,WA031,-117.3899,46.1967,Northeast Blue Mountains
WA,OTX,P,se,032,Lower Garfield and Asotin Counties,WA032,-117.3795,46.422,Lower Garfield and Asotin Counti
KS,ICT,C,sc,083,Sedgwick,KS083,-97.4611,37.6848,Sedgwick
KS,DDC,C,wc,043,Scott,KS043,-100.9069,38.4822,Scott
KS,ICT,C,cc,049,Saline,KS049,-97.65,38.7839,Saline
KS,ICT,C,cc,032,Russell,KS032,-98.7623,38.9149,Russell
KS,DDC,C,cc,046,Rush,KS046,-99.3092,38.5233,Rush
KS,GID,C,nc,017,Rooks,KS017,-99.3251,39.3502,Rooks
KS,TOP,C,ne,022,Riley,KS022,-96.7352,39.2965,Riley
KS,ICT,C,cc,050,Rice,KS050,-98.2011,38.3471,Rice
KS,TOP,C,nc,008,Republic,KS008,-97.6505,39.8278,Republic
KS,ICT,C,sc,067,Reno,KS067,-98.0861,37.9529,Reno
KS,GLD,C,nw,002,Rawlins,KS002,-101.0757,39.7852,Rawlins
KS,DDC,C,sc,081,Pratt,KS081,-98.7396,37.6478,Pratt
KS,TOP,C,ne,023,Pottawatomie,KS023,-96.3425,39.379,Pottawatomie
KS,GID,C,nc,005,Phillips,KS005,-99.3469,39.7845,Phillips
KS,DDC,C,sc,065,Pawnee,KS065,-99.2368,38.1814,Pawnee
KS,TOP,C,nc,034,Ottawa,KS034,-97.6503,39.1326,Ottawa
KS,GID,C,nc,018,Osborne,KS018,-98.7679,39.3504,Osborne
KS,TOP,C,ec,055,Osage,KS055,-95.7269,38.6524,Osage
KS,GLD,C,nw,004,Norton,KS004,-99.9034,39.7844,Norton
KS,DDC,C,wc,045,Ness,KS045,-99.9162,38.4795,Ness
KS,ICT,C,se,096,Neosho,KS096,-95.3068,37.5586,Neosho
KS,TOP,C,ne,011,Nemaha,KS011,-96.0141,39.7835,Nemaha
KS,DDC,C,sw,084,Morton,KS084,-101.7993,37.1914,Morton
KS,TOP,C,ec,037,Morris,KS037,-96.6499,38.6875,Morris
KS,ICT,C,se,099,Montgomery,KS099,-95.7429,37.1925,Montgomery
KS,GID,C,nc,019,Mitchell,KS019,-98.2095,39.3933,Mitchell
KS,EAX,C,ec,057,Miami,KS057,-94.8381,38.5636,Miami
KS,DDC,C,sw,087,Meade,KS087,-100.3662,37.2383,Meade
KS,TOP,C,ne,010,Marshall,KS010,-96.5229,39.7836,Marshall
KS,ICT,C,cc,052,Marion,KS052,-97.0969,38.3588,Marion
KS,ICT,C,cc,051,McPherson,KS051,-97.648,38.3916,McPherson
KS,TOP,C,ec,054,Lyon,KS054,-96.1527,38.4563,Lyon
KS,GLD,C,wc,028,Logan,KS028,-101.1485,38.9173,Logan
KS,EAX,C,ec,060,Linn,KS060,-94.8429,38.2122,Linn
KS,ICT,C,cc,033,Lincoln,KS033,-98.2078,39.0453,Lincoln
KS,EAX,C,ne,103,Leavenworth,KS103,-95.0379,39.1993,Leavenworth
KS,DDC,C,wc,044,Lane,KS044,-100.4664,38.4814,Lane
KS,ICT,C,se,100,Labette,KS100,-95.2976,37.1913,Labette
KS,DDC,C,sc,080,Kiowa,KS080,-99.286,37.5582,Kiowa
KS,ICT,C,sc,082,Kingman,KS082,-98.1364,37.5589,Kingman
KS,DDC,C,sw,062,Kearny,KS062,-101.3199,38.0002,Kearny
KS,EAX,C,ec,105,Johnson,KS105,-94.8223,38.8838,Johnson
KS,GID,C,nc,007,Jewell,KS007,-98.2184,39.7847,Jewell
KS,TOP,C,ne,026,Jefferson,KS026,-95.3834,39.2358,Jefferson
KS,TOP,C,ne,024,Jackson,KS024,-95.7937,39.417,Jackson
KS,DDC,C,sw,064,Hodgeman,KS064,-99.8979,38.0875,Hodgeman
KS,DDC,C,sw,076,Haskell,KS076,-100.8712,37.5623,Haskell
KS,ICT,C,sc,068,Harvey,KS068,-97.4273,38.0432,Harvey
KS,ICT,C,sc,091,Harper,KS091,-98.0755,37.1916,Harper
KS,DDC,M,sw,061,Hamilton,KS061,-101.7913,37.9991,Hamilton
KS,ICT,C,se,070,Greenwood,KS070,-96.2327,37.8778,Greenwood
KS,GLD,M,wc,041,Greeley,KS041,-101.806,38.4805,Greeley
KS,DDC,C,sw,077,Gray,KS077,-100.4378,37.7382,Gray
KS,EAX,C,ne,104,Wyandotte,KS104,-94.7646,39.1145,Wyandotte
KS,ICT,C,se,072,Allen,KS072,-95.3014,37.8858,Allen
KS,TOP,C,ec,059,Anderson,KS059,-95.2933,38.2143,Anderson
KS,EAX,C,ne,025,Atchison,KS025,-95.3129,39.5319,Atchison
KS,DDC,C,sc,090,Barber,KS090,-98.6848,37.2289,Barber
KS,ICT,C,cc,047,Barton,KS047,-98.7565,38.479,Barton
KS,SGF,C,se,073,Bourbon,KS073,-94.8493,37.8552,Bourbon
KS,TOP,C,ne,012,Brown,KS012,-95.5642,39.8266,Brown
KS,ICT,C,sc,069,Butler,KS069,-96.8391,37.7813,Butler
KS,ICT,C,ec,053,Chase,KS053,-96.594,38.3021,Chase
KS,ICT,C,se,098,Chautauqua,KS098,-96.2453,37.1501,Chautauqua
KS,SGF,C,se,101,Cherokee,KS101,-94.8462,37.1693,Cherokee
KS,GLD,C,nw,001,Cheyenne,KS001,-101.7311,39.7858,Cheyenne
KS,DDC,C,sw,088,Clark,KS088,-99.8203,37.2355,Clark
KS,TOP,C,nc,021,Clay,KS021,-97.1651,39.3497,Clay
KS,TOP,C,nc,020,Cloud,KS020,-97.6495,39.4804,Cloud
KS,TOP,C,ec,058,Coffey,KS058,-95.7342,38.237,Coffey
KS,DDC,C,sc,089,Comanche,KS089,-99.2719,37.1913,Comanche
KS,ICT,C,sc,093,Cowley,KS093,-96.8375,37.2378,Cowley
KS,SGF,C,se,097,Crawford,KS097,-94.8518,37.5073,Crawford
KY,ILN,E,nn,092,Kenton,KY092,-84.5331,38.9334,Kenton
KY,JKL,E,se,113,Knott,KY113,-82.954,37.354,Knott
KY,JKL,E,se,086,Knox,KY086,-83.8539,36.8907,Knox
KY,LMK,E,nc,053,Larue,KY053,-85.698,37.5457,Larue
KY,JKL,E,se,069,Jackson,KY069,-84.0058,37.4198,Jackson
KY,RLX,E,ne,105,Lawrence,KY105,-82.7347,38.0679,Lawrence
KY,JKL,E,se,117,Leslie,KY117,-83.3811,37.0941,Leslie
KY,JKL,E,se,118,Letcher,KY118,-82.8553,37.1212,Letcher
KY,ILN,E,ne,100,Lewis,KY100,-83.3781,38.5317,Lewis
KY,LMK,E,sc,067,Lincoln,KY067,-84.6607,37.4552,Lincoln
KY,PAH,C,ww,007,Livingston,KY007,-88.3536,37.2097,Livingston
KY,LMK,C,sc,070,Logan,KY070,-86.8789,36.8597,Logan
KY,PAH,C,ww,011,Lyon,KY011,-88.0832,37.0191,Lyon
KY,PAH,C,ww,005,McCracken,KY005,-88.7127,37.0539,McCracken
KY,JKL,E,sc,084,McCreary,KY084,-84.4841,36.7371,McCreary
KY,PAH,C,nw,020,McLean,KY020,-87.2636,37.5291,McLean
KY,LMK,E,ec,057,Madison,KY057,-84.278,37.7202,Madison
KY,JKL,E,se,109,Magoffin,KY109,-83.0648,37.7066,Magoffin
KY,LMK,E,sc,054,Marion,KY054,-85.2696,37.5525,Marion
KY,PAH,C,ww,008,Marshall,KY008,-88.3293,36.8834,Marshall
KY,JKL,E,ne,119,Martin,KY119,-82.5132,37.8016,Martin
KY,ILN,E,nn,099,Mason,KY099,-83.824,38.5952,Mason
KY,LMK,E,nc,025,Meade,KY025,-86.2169,37.9695,Meade
KY,JKL,E,ec,060,Menifee,KY060,-83.5989,37.9414,Menifee
KY,LMK,E,ec,047,Mercer,KY047,-84.8744,37.8111,Mercer
KY,LMK,C,sc,076,Metcalfe,KY076,-85.6291,36.9905,Metcalf
KY,LMK,C,sc,075,Monroe,KY075,-85.7164,36.7122,Monroe
KY,JKL,E,ec,050,Montgomery,KY050,-83.9132,38.0336,Montgomery
KY,JKL,E,se,106,Morgan,KY106,-83.2589,37.9223,Morgan
KY,PAH,C,sc,021,Muhlenberg,KY021,-87.1421,37.2157,Muhlenberg
KY,LMK,E,nc,045,Nelson,KY045,-85.4662,37.8051,Nelson
KY,LMK,E,ec,043,Nicholas,KY043,-84.0153,38.3356,Nicholas
KY,LMK,C,nw,026,Ohio,KY026,-86.849,37.4783,Ohio
KY,LMK,E,nc,031,Oldham,KY031,-85.4485,38.3995,Oldham
KY,ILN,E,nn,094,Owen,KY094,-84.828,38.5197,Owen
KY,JKL,E,se,114,Owsley,KY114,-83.6832,37.4192,Owsley
KY,ILN,E,nn,096,Pendleton,KY096,-84.3602,38.6957,Pendleton
KY,JKL,E,se,115,Perry,KY115,-83.2215,37.2443,Perry
KY,JKL,E,se,120,Pike,KY120,-82.3958,37.469,Pike
KY,JKL,E,ec,059,Powell,KY059,-83.8238,37.8312,Powell
KY,JKL,E,sc,079,Pulaski,KY079,-84.5771,37.1039,Pulaski
KY,ILN,E,nn,098,Robertson,KY098,-84.0521,38.5188,Robertson
KY,JKL,E,sc,068,Rockcastle,KY068,-84.316,37.3652,Rockcastle
KY,JKL,E,ec,052,Rowan,KY052,-83.4211,38.1963,Rowan
KY,LMK,C,sc,078,Russell,KY078,-85.0586,36.9911,Russell
KY,LMK,E,ec,036,Scott,KY036,-84.5839,38.2915,Scott
KY,LMK,E,nc,034,Shelby,KY034,-85.1948,38.2155,Shelby
KY,LMK,C,sc,072,Simpson,KY072,-86.5823,36.7419,Simpson
KY,LMK,E,nc,038,Spencer,KY038,-85.3279,38.0325,Spencer
KY,LMK,E,sc,065,Taylor,KY065,-85.3279,37.3664,Taylor
KY,PAH,C,sc,022,Todd,KY022,-87.1791,36.8356,Todd
KY,PAH,C,ww,012,Trigg,KY012,-87.8734,36.8064,Trigg
KY,LMK,E,nc,032,Trimble,KY032,-85.3374,38.613,Trimble
KY,PAH,C,nw,014,Union,KY014,-87.9453,37.6584,Union
KY,LMK,C,sc,071,Warren,KY071,-86.4239,36.9936,Warren
KY,LMK,E,nc,046,Washington,KY046,-85.1747,37.7534,Washington
KY,JKL,E,sc,083,Wayne,KY083,-84.8285,36.8013,Wayne
KY,PAH,C,nw,015,Webster,KY015,-87.6832,37.5183,Webster
KY,JKL,E,sc,085,Whitley,KY085,-84.1452,36.7582,Whitley
KY,JKL,E,se,108,Wolfe,KY108,-83.4931,37.7393,Wolfe
KY,LMK,E,ec,040,Woodford,KY040,-84.7435,38.0423,Woodford
KY,JKL,E,se,111,Lee,KY111,-83.7163,37.5947,Lee
KY,PAH,C,ww,001,Fulton,KY001,-89.1873,36.5541,Fulton
KY,LMK,C,sc,077,Adair,KY077,-85.2805,37.1041,Adair
KY,LMK,C,sc,073,Allen,KY073,-86.1904,36.7513,Allen
KY,LMK,E,ec,039,Anderson,KY039,-84.9909,38.004,Anderson
KY,PAH,C,ww,004,Ballard,KY004,-88.9992,37.0584,Ballard
KY,LMK,C,sc,074,Barren,KY074,-85.9336,36.9656,Barren
KY,JKL,E,ec,051,Bath,KY051,-83.7428,38.1449,Bath
KY,JKL,E,se,087,Bell,KY087,-83.674,36.7307,Bell
KY,ILN,E,nn,091,Boone,KY091,-84.7279,38.97,Boone
KY,LMK,E,ec,042,Bourbon,KY042,-84.2171,38.2068,Bourbon
KY,RLX,E,ne,103,Boyd,KY103,-82.6877,38.3596,Boyd
KY,LMK,E,ec,055,Boyle,KY055,-84.8667,37.6244,Boyle
KY,ILN,E,nn,097,Bracken,KY097,-84.0901,38.6888,Bracken
KY,JKL,E,se,112,Breathitt,KY112,-83.3241,37.5216,Breathitt
KY,LMK,C,nc,024,Breckinridge,KY024,-86.4293,37.7732,Breckinridge
KY,LMK,E,nc,029,Bullitt,KY029,-85.6959,37.97,Bullitt
KY,LMK,C,sc,061,Butler,KY061,-86.6816,37.2074,Butler
KY,PAH,C,ww,013,Caldwell,KY013,-87.8679,37.1453,Caldwell
KY,PAH,C,ww,009,Calloway,KY009,-88.2723,36.6211,Calloway
KY,ILN,E,nn,093,Campbell,KY093,-84.3793,38.9465,Campbell
KY,PAH,C,ww,003,Carlisle,KY003,-88.9709,36.8532,Carlisle
KY,ILN,E,nn,089,Carroll,KY089,-85.1235,38.6679,Carroll
KY,RLX,E,ne,102,Carter,KY102,-83.0495,38.3181,Carter
KY,LMK,E,sc,066,Casey,KY066,-84.9283,37.3223,Casey
KY,PAH,C,sc,017,Christian,KY017,-87.4904,36.8941,Christian
KY,LMK,E,ec,049,Clark,KY049,-84.1475,37.9709,Clark
KY,JKL,E,se,116,Clay,KY116,-83.7146,37.1598,Clay
KY,PAH,C,nw,016,Hopkins,KY016,-87.541,37.3088,Hopkins
KY,PAH,C,ww,010,Crittenden,KY010,-88.0972,37.3527,Crittenden
KY,LMK,C,sc,081,Cumberland,KY081,-85.3884,36.7866,Cumberland
KY,PAH,C,nw,019,Daviess,KY019,-87.0873,37.7318,Daviess
KY,LMK,C,sc,062,Edmonson,KY062,-86.2385,37.2087,Edmonson
KY,JKL,E,ec,104,Elliott,KY104,-83.0976,38.1179,Elliott
KY,JKL,E,ec,058,Estill,KY058,-83.9643,37.6924,Estill
KY,LMK,E,ec,041,Fayette,KY041,-84.4588,38.0423,Fayette
KY,JKL,E,ec,044,Fleming,KY044,-83.6967,38.3701,Fleming
KY,JKL,E,se,110,Floyd,KY110,-82.7457,37.5572,Floyd
KY,LMK,E,ec,035,Franklin,KY035,-84.877,38.2391,Franklin
KY,ILN,E,nn,090,Gallatin,KY090,-84.8592,38.7569,Gallatin
KY,LMK,E,ec,056,Garrard,KY056,-84.5376,37.6396,Garrard
KY,ILN,E,nn,095,Grant,KY095,-84.6245,38.6488,Grant
KY,PAH,C,ww,006,Graves,KY006,-88.6512,36.723,Graves
KY,LMK,C,sc,027,Grayson,KY027,-86.3439,37.4608,Grayson
KY,LMK,C,sc,064,Green,KY064,-85.5531,37.2639,Green
KY,RLX,E,ne,101,Greenup,KY101,-82.9223,38.5456,Greenup
KY,LMK,C,nw,023,Hancock,KY023,-86.778,37.8415,Hancock
KY,LMK,E,nc,028,Hardin,KY028,-85.9635,37.6979,Hardin
KY,JKL,E,se,088,Harlan,KY088,-83.2179,36.857,Harlan
KY,LMK,E,ec,037,Harrison,KY037,-84.3315,38.4418,Harrison
KY,PAH,C,ww,002,Hickman,KY002,-88.9761,36.6781,Hickman
KY,LMK,E,nc,033,Henry,KY033,-85.1189,38.4484,Henry
KY,PAH,C,nw,018,Henderson,KY018,-87.5729,37.7961,Henderson
KY,LMK,C,sc,063,Hart,KY063,-85.8847,37.2999,Hart
KY,JKL,E,sc,080,Laurel,KY080,-84.1178,37.1107,Laurel
KY,LMK,C,sc,082,Clinton,KY082,-85.1361,36.7275,Clinton
MA,BOX,E,se,024,Nantucket,MA024,-70.0744,41.2781,Nantucket
MD,LWX,E,nc,004,Frederick,MD004,-77.3981,39.4722,Frederick
MD,LWX,E,nc,003,Washington,MD003,-77.8142,39.6037,Washington
MD,LWX,E,ss,016,Charles,MD016,-76.9899,38.5077,Charles
MI,APX,E,nn,030,Alcona,MI030,-83.5938,44.6854,Alcona
MI,APX,E,nn,032,Wexford,MI032,-85.5785,44.3384,Wexford
MI,APX,E,nn,036,Iosco,MI036,-83.636,44.3559,Iosco
MI,GRR,E,sw,065,Barry,MI065,-85.309,42.595,Barry
MI,IWX,E,sw,080,Branch,MI080,-85.059,41.9161,Branch
MI,GRR,E,sc,073,Calhoun,MI073,-85.0055,42.2466,Calhoun
MI,IWX,E,sw,078,Cass,MI078,-85.9936,41.9153,Cass
MI,GRR,E,cc,040,Clare,MI040,-84.8478,43.9879,Clare
MI,GRR,E,sc,059,Clinton,MI059,-84.6015,42.9436,Clinton
MI,APX,E,nn,028,Crawford,MI028,-84.6103,44.6836,Crawford
MI,MQT,C,sr,011,Dickinson,MI011,-87.8704,46.0091,Dickinson
MI,GRR,E,sc,066,Eaton,MI066,-84.8384,42.5961,Eaton
MI,DTX,E,se,061,Genesee,MI061,-83.7067,43.0217,Genesee
MI,APX,E,nn,041,Gladwin,MI041,-84.3882,43.9906,Gladwin
MI,GRR,E,cc,052,Gratiot,MI052,-84.6048,43.2927,Gratiot
MI,IWX,E,se,081,Hillsdale,MI081,-84.593,41.8878,Hillsdale
MI,GRR,E,sc,067,Ingham,MI067,-84.3736,42.5971,Ingham
MI,GRR,E,sc,058,Ionia,MI058,-85.0746,42.9451,Ionia
MI,MQT,C,sr,010,Iron,MI010,-88.5305,46.2087,Iron
MI,GRR,E,cc,046,Isabella,MI046,-84.8467,43.6406,Isabella
MI,GRR,E,sc,074,Jackson,MI074,-84.4233,42.2485,Jackson
MI,GRR,E,sw,072,Kalamazoo,MI072,-85.5311,42.2454,Kalamazoo
MI,APX,E,nn,027,Kalkaska,MI027,-85.0902,44.6846,Kalkaska
MI,GRR,E,sw,057,Kent,MI057,-85.5492,43.0322,Kent
MI,GRR,E,wc,038,Lake,MI038,-85.8017,43.99,Lake
MI,DTX,E,se,062,Lapeer,MI062,-83.2218,43.0901,Lapeer
MI,DTX,E,se,082,Lenawee,MI082,-84.0664,41.8951,Lenawee
MI,DTX,E,se,068,Livingston,MI068,-83.9115,42.603,Livingston
MI,APX,E,nn,031,Manistee,MI031,-86.0571,44.3332,Manistee
MI,GRR,E,cc,045,Mecosta,MI045,-85.3245,43.6409,Mecosta
MI,DTX,E,se,047,Midland,MI047,-84.3879,43.6468,Midland
MI,APX,E,nn,033,Missaukee,MI033,-85.0947,44.3373,Missaukee
MI,GRR,E,cc,051,Montcalm,MI051,-85.1524,43.311,Montcalm
MI,APX,E,nn,023,Montmorency,MI023,-84.1273,45.0276,Montmorency
MI,GRR,E,wc,044,Newaygo,MI044,-85.8009,43.5542,Newaygo
MI,DTX,E,se,069,Oakland,MI069,-83.3855,42.6604,Oakland
MI,APX,E,nn,035,Ogemaw,MI035,-84.1266,44.3349,Ogemaw
MI,GRR,E,cc,039,Osceola,MI039,-85.3252,43.9899,Osceola
MI,APX,E,nn,029,Oscoda,MI029,-84.1297,44.6817,Oscoda
MI,APX,E,nn,022,Otsego,MI022,-84.5988,45.0214,Otsego
MI,APX,E,nn,034,Roscommon,MI034,-84.6116,44.3356,Roscommon
MI,DTX,E,se,053,Saginaw,MI053,-84.0532,43.335,Saginaw
MI,IWX,E,sw,079,St. Joseph,MI079,-85.5278,41.9145,St. Joseph
MI,DTX,E,se,060,Shiawassee,MI060,-84.1467,42.9537,Shiawassee
MI,DTX,E,se,075,Washtenaw,MI075,-83.8384,42.2534,Washtenaw
MN,MPX,C,wc,054,Lac Qui Parle,MN054,-96.1735,44.9955,Lac Qui Parle
MN,MPX,C,ec,061,Anoka,MN061,-93.2464,45.2732,Anoka
MN,MPX,C,cc,050,Benton,MN050,-93.9989,45.6991,Benton
MN,MPX,C,sc,074,Brown,MN074,-94.7277,44.2421,Brown
MN,MPX,C,ec,068,Carver,MN068,-93.8025,44.8208,Carver
MN,MPX,C,wc,056,Chippewa,MN056,-95.5666,45.0223,Chippewa
MN,MPX,C,ec,053,Chisago,MN053,-92.9083,45.5025,Chisago
MN,FSD,C,sw,081,Cottonwood,MN081,-95.1812,44.0071,Cottonwood
MN,DLH,C,ec,034,Crow Wing,MN034,-94.0709,46.4824,Crow Wing
MN,MPX,C,ec,070,Dakota,MN070,-93.0656,44.6718,Dakota
MN,ARX,C,se,086,Dodge,MN086,-92.862,44.0225,Dodge
MN,MPX,C,wc,041,Douglas,MN041,-95.4535,45.9337,Douglas
MN,MPX,C,sc,092,Faribault,MN092,-93.9478,43.6739,Faribault
MN,ARX,C,se,095,Fillmore,MN095,-92.0901,43.674,Fillmore
MN,MPX,C,sc,093,Freeborn,MN093,-93.3489,43.6738,Freeborn
MN,MPX,C,se,078,Goodhue,MN078,-92.7225,44.4099,Goodhue
MN,FGF,C,wc,040,Grant,MN040,-96.0121,45.934,Grant
MN,MPX,C,ec,060,Hennepin,MN060,-93.4768,45.0045,Hennepin
MN,ARX,C,se,096,Houston,MN096,-91.4929,43.6714,Houston
MN,FGF,C,nc,024,Hubbard,MN024,-94.9166,47.1087,Hubbard
MN,MPX,C,ec,052,Isanti,MN052,-93.2952,45.5615,Isanti
MN,FSD,C,sw,090,Jackson,MN090,-95.1541,43.6741,Jackson
MN,MPX,C,ec,045,Kanabec,MN045,-93.2935,45.9453,Kanabec
MN,MPX,C,cc,057,Kandiyohi,MN057,-95.0048,45.1524,Kandiyohi
MN,MPX,C,sc,076,Le Sueur,MN076,-93.73,44.3714,Le Sueur
MN,FSD,C,sw,071,Lincoln,MN071,-96.267,44.4126,Lincoln
MN,FSD,C,sw,072,Lyon,MN072,-95.839,44.4135,Lyon
MN,MPX,C,cc,066,McLeod,MN066,-94.2724,44.8235,McLeod
MN,FGF,C,nw,022,Mahnomen,MN022,-95.809,47.3252,Mahnomen
MN,MPX,C,sc,091,Martin,MN091,-94.5511,43.6742,Martin
MN,MPX,C,cc,058,Meeker,MN058,-94.5274,45.1231,Meeker
MN,MPX,C,ec,044,Mille Lacs,MN044,-93.6301,45.938,Mille Lacs
MN,MPX,C,cc,043,Morrison,MN043,-94.2684,46.0126,Morrison
MN,ARX,C,se,094,Mower,MN094,-92.7525,43.6714,Mower
MN,FSD,C,sw,080,Murray,MN080,-95.7632,44.0221,Murray
MN,MPX,C,sc,075,Nicollet,MN075,-94.2474,44.35,Nicollet
MN,FSD,C,sw,089,Nobles,MN089,-95.7534,43.6742,Nobles
MN,ARX,C,se,087,Olmsted,MN087,-92.4018,44.0036,Olmsted
MN,FGF,C,nw,013,Pennington,MN013,-96.0367,48.0662,Pennington
MN,DLH,C,ec,038,Pine,MN038,-92.7414,46.1208,Pine
MN,FSD,C,sw,097,Pipestone,MN097,-96.2586,44.023,Pipestone
MN,MPX,C,wc,048,Pope,MN048,-95.4445,45.5861,Pope
MN,MPX,C,ec,062,Ramsey,MN062,-93.0994,45.0171,Ramsey
MN,FGF,C,nw,014,Red Lake,MN014,-96.0953,47.8717,Red Lake
MN,MPX,C,sw,073,Redwood,MN073,-95.2539,44.4037,Redwood
MN,MPX,C,cc,065,Renville,MN065,-94.9472,44.7268,Renville
MN,MPX,C,sc,077,Rice,MN077,-93.2966,44.3541,Rice
MN,FSD,C,sw,098,Rock,MN098,-96.2532,43.6747,Rock
MN,MPX,C,ec,069,Scott,MN069,-93.5358,44.6484,Scott
MN,MPX,C,cc,051,Sherburne,MN051,-93.7745,45.4439,Sherburne
MN,MPX,C,cc,067,Sibley,MN067,-94.2321,44.5795,Sibley
MN,MPX,C,cc,049,Stearns,MN049,-94.613,45.5522,Stearns
MN,MPX,C,sc,085,Steele,MN085,-93.226,44.0223,Steele
MN,MPX,C,wc,047,Stevens,MN047,-96.0003,45.5861,Stevens
MN,MPX,C,wc,055,Swift,MN055,-95.6813,45.2827,Swift
MN,MPX,C,cc,042,Todd,MN042,-94.8976,46.0706,Todd
MN,ARX,C,se,079,Wabasha,MN079,-92.2303,44.2842,Wabasha
MN,FGF,C,cc,032,Wadena,MN032,-94.9693,46.5858,Wadena
MN,MPX,C,sc,084,Waseca,MN084,-93.5873,44.0221,Waseca
MN,MPX,C,ec,063,Washington,MN063,-92.8839,45.0383,Washington
MN,MPX,C,sc,082,Watonwan,MN082,-94.6141,43.9783,Watonwan
MN,ARX,C,se,088,Winona,MN088,-91.7791,43.9869,Winona
MN,MPX,C,cc,059,Wright,MN059,-93.963,45.1739,Wright
MN,MPX,C,wc,064,Yellow Medicine,MN064,-95.8684,44.7162,Yellow Medicine
MN,ABR,C,wc,046,Big Stone,MN046,-96.411,45.4261,Big Stone
MN,MPX,C,sc,083,Blue Earth,MN083,-94.0671,44.0346,Blue Earth
MO,SGF,C,sw,077,Barton,MO077,-94.3471,37.5023,Barton
MO,EAX,C,wc,053,Bates,MO053,-94.34,38.2573,Bates
MO,SGF,C,cc,055,Benton,MO055,-93.2879,38.2948,Benton
MO,PAH,C,se,086,Bollinger,MO086,-90.0259,37.3222,Bollinger
MO,LSX,C,cc,041,Boone,MO041,-92.3096,38.9907,Boone
MO,EAX,C,nw,020,Buchanan,MO020,-94.8062,39.6598,Buchanan
MO,PAH,C,se,109,Butler,MO109,-90.4065,36.7164,Butler
MO,EAX,C,nc,022,Caldwell,MO022,-93.9828,39.6557,Caldwell
MO,LSX,C,cc,050,Callaway,MO050,-91.926,38.8355,Callaway
MO,SGF,C,cc,069,Camden,MO069,-92.766,38.0271,Camden
MO,PAH,C,se,087,Cape Girardeau,MO087,-89.6845,37.3839,Cape Girardeau
MO,EAX,C,nc,031,Carroll,MO031,-93.5052,39.4268,Carroll
MO,PAH,C,se,107,Carter,MO107,-90.9623,36.9413,Carter
MO,EAX,C,wc,043,Cass,MO043,-94.3548,38.647,Cass
MO,SGF,C,sw,078,Cedar,MO078,-93.8566,37.7238,Cedar
MO,EAX,C,nc,032,Chariton,MO032,-92.9626,39.5145,Chariton
MO,SGF,C,sw,095,Christian,MO095,-93.1889,36.9696,Christian
MO,DVN,C,ne,010,Clark,MO010,-91.7384,40.4104,Clark
MO,EAX,C,wc,029,Clay,MO029,-94.4208,39.3105,Clay
MO,EAX,C,nw,021,Clinton,MO021,-94.4046,39.6018,Clinton
MO,LSX,C,cc,048,Cole,MO048,-92.2816,38.5055,Cole
MO,EAX,C,cc,046,Cooper,MO046,-92.8103,38.8439,Cooper
MO,LSX,C,ec,072,Crawford,MO072,-91.304,37.9764,Crawford
MO,EAX,C,nc,014,Daviess,MO014,-93.9855,39.9607,Daviess
MO,EAX,C,nw,013,De Kalb,MO013,-94.4047,39.8932,De Kalb
MO,SGF,C,sc,083,Dent,MO083,-91.5079,37.6066,Dent
MO,SGF,C,sw,096,Douglas,MO096,-92.4988,36.9326,Douglas
MO,MEG,C,se,113,Dunklin,MO113,-90.0909,36.2718,Dunklin
MO,LSX,C,ec,062,Franklin,MO062,-91.075,38.4112,Franklin
MO,LSX,C,ec,059,Gasconade,MO059,-91.5079,38.4409,Gasconade
MO,EAX,C,nw,004,Gentry,MO004,-94.4099,40.2121,Gentry
MO,SGF,C,sw,090,Greene,MO090,-93.342,37.2581,Greene
MO,EAX,C,nc,015,Grundy,MO015,-93.5653,40.114,Grundy
MO,EAX,C,nc,005,Harrison,MO005,-93.9921,40.3547,Harrison
MO,EAX,C,wc,054,Henry,MO054,-93.7927,38.3852,Henry
MO,SGF,C,cc,068,Hickory,MO068,-93.3207,37.9408,Hickory
MO,EAX,C,nw,011,Holt,MO011,-95.215,40.0946,Holt
MO,EAX,C,cc,040,Howard,MO040,-92.6958,39.1428,Howard
MO,SGF,C,sc,097,Howell,MO097,-91.8865,36.774,Howell
MO,LSX,C,se,084,Iron,MO084,-90.7735,37.5552,Iron
MO,EAX,C,wc,037,Jackson,MO037,-94.3461,39.0085,Jackson
MO,SGF,C,sw,088,Jasper,MO088,-94.3406,37.2035,Jasper
MO,LSX,C,ec,065,Jefferson,MO065,-90.5378,38.261,Jefferson
MO,EAX,C,wc,044,Johnson,MO044,-93.8063,38.7441,Johnson
MO,LSX,C,ne,018,Knox,MO018,-92.1481,40.1282,Knox
MO,SGF,C,sw,081,Laclede,MO081,-92.5903,37.6583,Laclede
MO,EAX,C,wc,038,Lafayette,MO038,-93.7855,39.0656,Lafayette
MO,SGF,C,sw,102,Barry,MO102,-93.8291,36.7099,Barry
MO,LSX,C,ne,019,Lewis,MO019,-91.7222,40.0969,Lewis
MO,LSX,C,ec,052,Lincoln,MO052,-90.9602,39.0581,Lincoln
MO,EAX,C,nc,024,Linn,MO024,-93.1072,39.8702,Linn
MO,EAX,C,nc,023,Livingston,MO023,-93.5483,39.7821,Livingston
MO,SGF,C,sw,101,McDonald,MO101,-94.3484,36.6287,McDonald
MO,EAX,C,nc,025,Macon,MO025,-92.5646,39.8308,Macon
MO,LSX,C,se,085,Madison,MO085,-90.345,37.4781,Madison
MO,SGF,C,cc,058,Maries,MO058,-91.9249,38.1616,Maries
MO,LSX,C,ne,027,Marion,MO027,-91.6224,39.806,Marion
MO,EAX,C,nc,006,Mercer,MO006,-93.5685,40.4223,Mercer
MO,SGF,C,cc,057,Miller,MO057,-92.4284,38.2145,Miller
MO,PAH,C,se,112,Mississippi,MO112,-89.2911,36.8281,Mississippi
MO,LSX,C,cc,047,Moniteau,MO047,-92.583,38.6327,Moniteau
MO,LSX,C,ne,034,Monroe,MO034,-92.0007,39.4955,Monroe
MO,LSX,C,ec,051,Montgomery,MO051,-91.4702,38.9415,Montgomery
MO,SGF,C,cc,056,Morgan,MO056,-92.8861,38.4239,Morgan
MO,PAH,C,se,114,New Madrid,MO114,-89.6516,36.5942,New Madrid
MO,SGF,C,sw,093,Newton,MO093,-94.3392,36.9055,Newton
MO,EAX,C,nw,002,Nodaway,MO002,-94.8834,40.3607,Nodaway
MO,SGF,C,sc,106,Oregon,MO106,-91.4033,36.6867,Oregon
MO,LSX,C,cc,049,Osage,MO049,-91.8618,38.4604,Osage
MO,SGF,C,sw,105,Ozark,MO105,-92.4446,36.6493,Ozark
MO,MEG,C,se,115,Pemiscot,MO115,-89.7858,36.2111,Pemiscot
MO,PAH,C,se,076,Perry,MO076,-89.8244,37.7071,Perry
MO,EAX,C,cc,045,Pettis,MO045,-93.2851,38.7283,Pettis
MO,SGF,C,ec,071,Phelps,MO071,-91.7924,37.8771,Phelps
MO,LSX,C,ne,036,Pike,MO036,-91.1714,39.3438,Pike
MO,EAX,C,wc,028,Platte,MO028,-94.7736,39.3804,Platte
MO,SGF,C,sw,079,Polk,MO079,-93.4005,37.6165,Polk
MO,SGF,C,cc,070,Pulaski,MO070,-92.2076,37.8246,Pulaski
MO,EAX,C,nc,007,Putnam,MO007,-93.0161,40.4789,Putnam
MO,LSX,C,ne,035,Ralls,MO035,-91.5219,39.5276,Ralls
MO,EAX,C,nc,033,Randolph,MO033,-92.4971,39.4402,Randolph
MO,EAX,C,wc,030,Ray,MO030,-93.9899,39.3524,Ray
MO,LSX,C,se,099,Reynolds,MO099,-90.9691,37.3623,Reynolds
MO,PAH,C,se,108,Ripley,MO108,-90.8639,36.6528,Ripley
MO,LSX,C,ec,061,St. Charles,MO061,-90.6752,38.7819,St. Charles
MO,SGF,C,wc,067,St. Clair,MO067,-93.776,38.0371,St. Clair
MO,LSX,C,se,075,Ste. Genevieve,MO075,-90.1952,37.894,Ste. Genevieve
MO,LSX,C,se,074,St. Francois,MO074,-90.4729,37.8104,St. Francois
MO,LSX,C,ec,063,St. Louis,MO063,-90.443,38.6407,St. Louis
MO,EAX,C,cc,039,Saline,MO039,-93.2022,39.1366,Saline
MO,EAX,C,ne,008,Schuyler,MO008,-92.5209,40.4703,Schuyler
MO,DVN,C,ne,009,Scotland,MO009,-92.1471,40.4526,Scotland
MO,PAH,C,se,111,Scott,MO111,-89.5686,37.053,Scott
MO,SGF,C,sc,098,Shannon,MO098,-91.4005,37.1574,Shannon
MO,LSX,C,ne,026,Shelby,MO026,-92.0766,39.7978,Shelby
MO,PAH,C,se,110,Stoddard,MO110,-89.9444,36.8555,Stoddard
MO,SGF,C,sw,103,Stone,MO103,-93.4559,36.7469,Stone
MO,EAX,C,nc,016,Sullivan,MO016,-93.1115,40.2107,Sullivan
MO,SGF,C,sw,104,Taney,MO104,-93.041,36.6547,Taney
MO,SGF,C,sc,082,Texas,MO082,-91.9651,37.3173,Texas
MO,SGF,C,wc,066,Vernon,MO066,-94.3424,37.8506,Vernon
MO,LSX,C,ec,060,Warren,MO060,-91.1607,38.7646,Warren
MO,LSX,C,ec,073,Washington,MO073,-90.8774,37.9617,Washington
MO,PAH,C,se,100,Wayne,MO100,-90.4614,37.1127,Wayne
MO,SGF,C,sw,091,Webster,MO091,-92.8759,37.2809,Webster
MO,EAX,C,nw,003,Worth,MO003,-94.4222,40.4791,Worth
MO,SGF,C,sw,092,Wright,MO092,-92.4687,37.2701,Wright
MO,LSX,C,ec,064,St. Louis City,MO064,-90.245,38.6358,St. Louis City
MO,SGF,C,sw,089,Dade,MO089,-93.8502,37.432,Dade
MO,SGF,C,sw,080,Dallas,MO080,-93.0236,37.6804,Dallas
MO,EAX,C,ne,017,Adair,MO017,-92.6007,40.1906,Adair
MO,EAX,C,nw,012,Andrew,MO012,-94.8021,39.9834,Andrew
MO,EAX,C,nw,001,Atchison,MO001,-95.427,40.4307,Atchison
MO,LSX,C,cc,042,Audrain,MO042,-91.8416,39.2158,Audrain
MO,SGF,C,sw,094,Lawrence,MO094,-93.8329,37.1063,Lawrence
MS,JAN,C,cc,037,Attala,MS037,-89.5817,33.0863,Attala
MS,MEG,C,ne,003,Benton,MS003,-89.1885,34.8173,Benton
MS,JAN,C,sw,060,Adams,MS060,-91.3531,31.4832,Adams
MS,MEG,C,nw,021,Yalobusha,MS021,-89.7076,34.0282,Yalobusha
MS,JAN,C,ec,038,Winston,MS038,-89.0344,33.0885,Winston
MS,JAN,C,nc,029,Webster,MS029,-89.2848,33.6131,Webster
MS,MOB,C,se,067,Wayne,MS067,-88.6958,31.6408,Wayne
MS,JAN,C,nw,034,Washington,MS034,-90.9474,33.2836,Washington
MS,JAN,C,wc,047,Warren,MS047,-90.8521,32.3573,Warren
MS,MEG,C,ne,014,Union,MS014,-89.0038,34.4905,Union
MS,MEG,C,nw,007,Tunica,MS007,-90.3755,34.652,Tunica
MS,MEG,C,ne,006,Tishomingo,MS006,-88.2393,34.7404,Tishomingo
MS,MEG,C,ne,004,Tippah,MS004,-88.9089,34.7684,Tippah
MS,MEG,C,nw,008,Tate,MS008,-89.9448,34.6503,Tate
MS,MEG,C,nw,020,Tallahatchie,MS020,-90.1732,33.9505,Tallahatchie
MS,JAN,C,nw,019,Sunflower,MS019,-90.5886,33.6023,Sunflower
MS,MOB,C,se,078,Stone,MS078,-89.1177,30.79,Stone
MS,JAN,C,cc,056,Smith,MS056,-89.5067,32.0177,Smith
MS,JAN,C,cc,055,Simpson,MS055,-89.9195,31.9132,Simpson
MS,JAN,C,wc,041,Sharkey,MS041,-90.8132,32.8797,Sharkey
MS,JAN,C,cc,050,Scott,MS050,-89.5376,32.4064,Scott
MS,JAN,C,cc,049,Rankin,MS049,-89.9457,32.2641,Rankin
MS,MEG,C,nw,011,Quitman,MS011,-90.2891,34.2514,Quitman
MS,MEG,C,ne,009,Prentiss,MS009,-88.5201,34.6183,Prentiss
MS,MEG,C,ne,015,Pontotoc,MS015,-89.0374,34.2254,Pontotoc
MS,MOB,C,se,075,Perry,MS075,-88.9923,31.172,Perry
MS,MEG,C,nw,012,Panola,MS012,-89.9505,34.3639,Panola
MS,JAN,C,ne,033,Oktibbeha,MS033,-88.8793,33.425,Oktibbeha
MS,JAN,C,ec,039,Noxubee,MS039,-88.5698,33.1101,Noxubee
MS,JAN,C,ec,051,Newton,MS051,-89.1188,32.4002,Newton
MS,JAN,C,ec,045,Neshoba,MS045,-89.1176,32.7535,Neshoba
MS,JAN,C,nc,028,Montgomery,MS028,-89.6164,33.4941,Montgomery
MS,MEG,C,ne,024,Monroe,MS024,-88.4804,33.8923,Monroe
MS,MEG,C,nw,002,Marshall,MS002,-89.5031,34.7623,Marshall
MS,JAN,C,sc,072,Marion,MS072,-89.8224,31.2308,Marion
MS,JAN,C,cc,043,Madison,MS043,-90.0338,32.6347,Madison
MS,JAN,C,ne,031,Lowndes,MS031,-88.4433,33.4729,Lowndes
MS,JAN,C,sc,062,Lincoln,MS062,-90.454,31.5324,Lincoln
MS,JAN,C,nc,025,Leflore,MS025,-90.301,33.5505,Leflore
MS,MEG,C,ne,016,Lee,MS016,-88.6804,34.2899,Lee
MS,JAN,C,cc,044,Leake,MS044,-89.5241,32.7535,Leake
MS,JAN,C,sc,063,Lawrence,MS063,-90.107,31.5502,Lawrence
MS,JAN,C,ec,052,Lauderdale,MS052,-88.6626,32.4043,Lauderdale
MS,JAN,C,se,073,Lamar,MS073,-89.5087,31.2059,Lamar
MS,MEG,C,nw,013,Lafayette,MS013,-89.4849,34.3568,Lafayette
MS,JAN,C,ec,046,Kemper,MS046,-88.6412,32.7546,Kemper
MS,JAN,C,se,066,Jones,MS066,-89.1688,31.6226,Jones
MS,JAN,C,sc,064,Jefferson Davis,MS064,-89.823,31.5696,Jefferson Davis
MS,JAN,C,sw,059,Jefferson,MS059,-91.0371,31.7342,Jefferson
MS,JAN,C,ec,057,Jasper,MS057,-89.1189,32.0191,Jasper
MS,MEG,C,ne,017,Itawamba,MS017,-88.3613,34.28,Itawamba
MS,JAN,C,wc,040,Issaquena,MS040,-90.9892,32.7414,Issaquena
MS,JAN,C,cc,035,Humphreys,MS035,-90.5265,33.1287,Humphreys
MS,JAN,C,cc,036,Holmes,MS036,-90.0922,33.1235,Holmes
MS,JAN,C,cc,048,Hinds,MS048,-90.4427,32.2667,Hinds
MS,JAN,C,nc,026,Grenada,MS026,-89.802,33.77,Grenada
MS,MOB,C,se,076,Greene,MS076,-88.6392,31.2142,Greene
MS,JAN,C,sw,061,Franklin,MS061,-90.8978,31.4772,Franklin
MS,JAN,C,se,074,Forrest,MS074,-89.2579,31.1889,Forrest
MS,MEG,C,nw,001,DeSoto,MS001,-89.9918,34.8754,DeSoto
MS,JAN,C,se,065,Covington,MS065,-89.5526,31.6332,Covington
MS,JAN,C,cc,054,Copiah,MS054,-90.4488,31.8692,Copiah
MS,MEG,C,nw,010,Coahoma,MS010,-90.6027,34.2292,Coahoma
MS,JAN,C,ne,030,Clay,MS030,-88.7815,33.6557,Clay
MS,JAN,C,ec,058,Clarke,MS058,-88.6894,32.0414,Clarke
MS,JAN,C,sw,053,Claiborne,MS053,-90.9118,31.9737,Claiborne
MS,JAN,C,cc,032,Choctaw,MS032,-89.2484,33.3473,Choctaw
MS,MEG,C,ne,023,Chickasaw,MS023,-88.9479,33.9208,Chickasaw
MS,JAN,C,nc,027,Carroll,MS027,-89.9202,33.4485,Carroll
MS,MEG,C,ne,022,Calhoun,MS022,-89.3364,33.9364,Calhoun
MS,JAN,C,nw,018,Bolivar,MS018,-90.8804,33.7955,Bolivar
MS,MEG,C,ne,005,Alcorn,MS005,-88.5803,34.8808,Alcorn
MS,JAN,C,cc,042,Yazoo,MS042,-90.3965,32.7804,Yazoo
MT,GGW,M,ne,018,Daniels,MT018,-105.5485,48.7838,Daniels
MT,GGW,M,ne,025,Dawson,MT025,-104.8994,47.2664,Dawson
MT,GGW,M,ne,022,Garfield,MT022,-106.9928,47.2777,Garfield
MT,GGW,M,ne,023,McCone,MT023,-105.7953,47.6452,McCone
MT,GGW,M,ne,021,Petroleum,MT021,-108.2501,47.1175,Petroleum
MT,GGW,M,ne,026,Prairie,MT026,-105.378,46.8605,Prairie
MT,GGW,M,ne,024,Richland,MT024,-104.5613,47.7879,Richland
MT,GGW,M,ne,019,Sheridan,MT019,-104.5046,48.7212,Sheridan
MT,GGW,M,ne,027,Wibaux,MT027,-104.249,46.9653,Wibaux
NC,RAH,E,cc,086,Hoke,NC086,-79.2371,35.0174,Hoke
NC,RAH,E,cc,023,Alamance,NC023,-79.3995,36.044,Alamance
NC,GSP,E,pd,035,Alexander,NC035,-81.1772,35.9211,Alexander
NC,RNK,E,nw,002,Alleghany,NC002,-81.1286,36.4915,Alleghany
NC,RAH,E,cc,083,Anson,NC083,-80.1027,34.9738,Anson
NC,RNK,E,nw,001,Ashe,NC001,-81.501,36.4346,Ashe
NC,GSP,E,ww,033,Avery,NC033,-81.9224,36.0766,Avery
NC,GSP,E,ww,053,Buncombe,NC053,-82.5302,35.6112,Buncombe
NC,GSP,E,pd,072,Cabarrus,NC072,-80.5519,35.3868,Cabarrus
NC,RNK,E,nc,006,Caswell,NC006,-79.3337,36.3934,Caswell
NC,GSP,E,pd,056,Catawba,NC056,-81.2144,35.6626,Catawba
NC,RAH,E,cc,040,Chatham,NC040,-79.2553,35.7027,Chatham
NC,MRX,E,sw,060,Cherokee,NC060,-84.0635,35.1339,Cherokee
NC,MRX,E,sw,061,Clay,NC061,-83.7502,35.0572,Clay
NC,GSP,E,pd,068,Cleveland,NC068,-81.5554,35.334,Cleveland
NC,RAH,E,cc,088,Cumberland,NC088,-78.8273,35.0485,Cumberland
NC,RAH,E,cc,038,Davidson,NC038,-80.2127,35.7932,Davidson
NC,GSP,E,pd,037,Davie,NC037,-80.5446,35.9292,Davie
NC,RAH,E,cc,025,Durham,NC025,-78.8764,36.0359,Durham
NC,RAH,E,cc,028,Edgecombe,NC028,-77.5971,35.9129,Edgecombe
NC,RAH,E,cc,021,Forsyth,NC021,-80.2563,36.1304,Forsyth
NC,RAH,E,cc,026,Franklin,NC026,-78.2857,36.0827,Franklin
NC,GSP,E,pd,070,Gaston,NC070,-81.1801,35.2945,Gaston
NC,GSP,E,ww,058,Graham,NC058,-83.8335,35.3502,Graham
NC,RAH,E,cc,008,Granville,NC008,-78.653,36.304,Granville
NC,MHX,E,ee,079,Greene,NC079,-77.6756,35.4852,Greene
NC,RAH,E,cc,022,Guilford,NC022,-79.789,36.0794,Guilford
NC,RAH,E,cc,011,Halifax,NC011,-77.6519,36.2575,Halifax
NC,GSP,E,ww,052,Haywood,NC052,-82.9822,35.5561,Haywood
NC,GSP,E,ww,065,Henderson,NC065,-82.4799,35.3362,Henderson
NC,GSP,E,pd,036,Iredell,NC036,-80.8736,35.8072,Iredell
NC,RAH,E,cc,076,Lee,NC076,-79.1716,35.475,Lee
NC,GSP,E,pd,069,Lincoln,NC069,-81.2239,35.4862,Lincoln
NC,GSP,E,ww,062,Macon,NC062,-83.4221,35.1504,Macon
NC,GSP,E,ww,048,Madison,NC048,-82.7057,35.8581,Madison
NC,GSP,E,pd,071,Mecklenburg,NC071,-80.8328,35.2468,Mecklenburg
NC,GSP,E,ww,050,Mitchell,NC050,-82.1634,36.0133,Mitchell
NC,RAH,E,cc,074,Montgomery,NC074,-79.9054,35.3324,Montgomery
NC,RAH,E,cc,075,Moore,NC075,-79.4813,35.3107,Moore
NC,RNK,E,nw,020,Yadkin,NC020,-80.6653,36.1605,Yadkin
NC,RAH,E,cc,024,Orange,NC024,-79.1205,36.0614,Orange
NC,RAH,E,cc,007,Person,NC007,-78.9717,36.3901,Person
NC,MHX,E,ee,044,Pitt,NC044,-77.3748,35.5935,Pitt
NC,RAH,E,cc,039,Randolph,NC039,-79.806,35.7103,Randolph
NC,RAH,E,cc,084,Richmond,NC084,-79.748,35.0059,Richmond
NC,RNK,E,nc,005,Rockingham,NC005,-79.7751,36.3961,Rockingham
NC,RAH,E,cc,085,Scotland,NC085,-79.4805,34.8411,Scotland
NC,RAH,E,cc,073,Stanly,NC073,-80.2507,35.312,Stanly
NC,RNK,E,nc,004,Stokes,NC004,-80.2395,36.4018,Stokes
NC,RNK,E,nw,003,Surry,NC003,-80.6882,36.4148,Surry
NC,GSP,E,ww,051,Swain,NC051,-83.4927,35.4867,Swain
NC,GSP,E,ww,064,Transylvania,NC064,-82.7983,35.2022,Transylvania
NC,GSP,E,pd,082,Union,NC082,-80.5307,34.9884,Union
NC,RAH,E,cc,009,Vance,NC009,-78.4083,36.3648,Vance
NC,RAH,E,cc,041,Wake,NC041,-78.6504,35.7901,Wake
NC,RAH,E,cc,010,Warren,NC010,-78.1069,36.3966,Warren
NC,RNK,E,nw,018,Watauga,NC018,-81.6969,36.2313,Watauga
NC,RNK,E,nw,019,Wilkes,NC019,-81.1638,36.2065,Wilkes
NC,RAH,E,cc,043,Wilson,NC043,-77.9185,35.7048,Wilson
NC,GSP,E,ww,049,Yancey,NC049,-82.3076,35.8989,Yancey
NC,RAH,E,cc,027,Nash,NC027,-77.9864,35.9672,Nash
NC,GSP,E,pd,057,Rowan,NC057,-80.5247,35.6396,Rowan
ND,BIS,C,nw,009,Williams,ND009,-103.4802,48.3437,Williams
ND,BIS,M,sw,044,Adams,ND044,-102.5285,46.0969,Adams
ND,FGF,C,se,038,Barnes,ND038,-98.0716,46.9361,Barnes
ND,FGF,C,ne,014,Benson,ND014,-99.366,48.0694,Benson
ND,BIS,M,sw,032,Billings,ND032,-103.3764,47.0234,Billings
ND,BIS,C,nc,004,Bottineau,ND004,-100.8335,48.7921,Bottineau
ND,BIS,M,sw,043,Bowman,ND043,-103.5207,46.1126,Bowman
ND,BIS,C,nw,002,Burke,ND002,-102.5182,48.7909,Burke
ND,BIS,C,sc,035,Burleigh,ND035,-100.4688,46.9774,Burleigh
ND,FGF,C,se,039,Cass,ND039,-97.2481,46.933,Cass
ND,FGF,C,ne,007,Cavalier,ND007,-98.465,48.7721,Cavalier
ND,BIS,C,se,051,Dickey,ND051,-98.5045,46.1102,Dickey
ND,BIS,C,nw,001,Divide,ND001,-103.4873,48.8149,Divide
ND,FGF,C,ne,024,Eddy,ND024,-98.9016,47.7176,Eddy
ND,BIS,C,sc,046,Emmons,ND046,-100.2388,46.2851,Emmons
ND,BIS,C,se,025,Foster,ND025,-98.8831,47.4571,Foster
ND,BIS,M,sw,031,Golden Valley,ND031,-103.8467,46.9402,Golden Valley
ND,FGF,C,ne,027,Grand Forks,ND027,-97.457,47.9219,Grand Forks
ND,BIS,M,sc,042,Grant,ND042,-101.6397,46.3583,Grant
ND,FGF,C,se,028,Griggs,ND028,-98.2371,47.4572,Griggs
ND,BIS,M,sw,041,Hettinger,ND041,-102.4603,46.4326,Hettinger
ND,BIS,C,sc,036,Kidder,ND036,-99.7801,46.9802,Kidder
ND,BIS,C,se,048,La Moure,ND048,-98.5355,46.4569,La Moure
ND,BIS,C,se,047,Logan,ND047,-99.4775,46.4574,Logan
ND,BIS,C,nc,012,McHenry,ND012,-100.6363,48.2346,McHenry
ND,BIS,C,se,050,McIntosh,ND050,-99.4412,46.1119,McIntosh
ND,BIS,C,sc,058,Eastern McLean,ND058,-101.0018,47.5483,Eastern McLean
ND,BIS,C,sc,019,Mercer,ND019,-101.8315,47.3092,Mercer
ND,BIS,C,nw,010,Mountrail,ND010,-102.3556,48.2013,Mountrail
ND,FGF,C,ne,026,Nelson,ND026,-98.1921,47.9216,Nelson
ND,BIS,C,sc,020,Oliver,ND020,-101.3403,47.1153,Oliver
ND,FGF,C,ne,008,Pembina,ND008,-97.5517,48.7672,Pembina
ND,BIS,C,nc,013,Pierce,ND013,-99.9718,48.2496,Pierce
ND,FGF,C,ne,015,Ramsey,ND015,-98.7201,48.2689,Ramsey
ND,FGF,C,se,049,Ransom,ND049,-97.6575,46.4561,Ransom
ND,BIS,C,nc,003,Renville,ND003,-101.6581,48.7192,Renville
ND,BIS,C,nc,005,Rolette,ND005,-99.8411,48.7724,Rolette
ND,FGF,C,se,052,Sargent,ND052,-97.6306,46.1078,Sargent
ND,BIS,C,sc,022,Sheridan,ND022,-100.3456,47.5754,Sheridan
ND,BIS,M,sw,040,Slope,ND040,-103.4599,46.4472,Slope
ND,BIS,M,sw,033,Stark,ND033,-102.655,46.8107,Stark
ND,FGF,C,se,029,Steele,ND029,-97.7248,47.4562,Steele
ND,BIS,C,se,037,Stutsman,ND037,-98.9588,46.9792,Stutsman
ND,FGF,C,ne,006,Towner,ND006,-99.2459,48.6856,Towner
ND,BIS,C,nc,056,Central and Southern Ward/Minot Area,ND056,-101.4621,48.1544,Central and Southern Ward/Minot
ND,BIS,C,sc,023,Wells,ND023,-99.661,47.5876,Wells
ND,BIS,C,sc,060,Eastern Morton,ND060,-100.9809,46.6244,Eastern Morton
NE,CYS,M,pa,020,Banner,NE020,-103.7104,41.546,Banner
NE,LBF,C,nc,026,Blaine,NE026,-99.9769,41.9128,Blaine
NE,OAX,C,ne,030,Boone,NE030,-98.0673,41.7068,Boone
NE,CYS,M,pa,003,Box Butte,NE003,-103.0857,42.2198,Box Butte
NE,LBF,C,nc,007,Boyd,NE007,-98.7665,42.8997,Boyd
NE,LBF,C,nc,008,Brown,NE008,-99.9295,42.43,Brown
NE,GID,C,sc,061,Buffalo,NE061,-99.075,40.8551,Buffalo
NE,OAX,C,ec,034,Burt,NE034,-96.3287,41.8515,Burt
NE,OAX,C,ec,050,Butler,NE050,-97.1314,41.225,Butler
NE,OAX,C,se,067,Cass,NE067,-96.1408,40.9098,Cass
NE,OAX,C,ne,012,Cedar,NE012,-97.2523,42.5993,Cedar
NE,LBF,M,sw,069,Chase,NE069,-101.6979,40.5242,Chase
NE,CYS,M,pa,055,Cheyenne,NE055,-102.995,41.2198,Cheyenne
NE,GID,C,sc,076,Clay,NE076,-98.0512,40.5244,Clay
NE,OAX,C,ne,043,Colfax,NE043,-97.0865,41.5733,Colfax
NE,OAX,C,ne,033,Cuming,NE033,-96.7874,41.9164,Cuming
NE,LBF,C,cc,038,Custer,NE038,-99.7262,41.3943,Custer
NE,FSD,C,ne,014,Dakota,NE014,-96.5646,42.3911,Dakota
NE,CYS,M,pa,002,Dawes,NE002,-103.1355,42.7197,Dawes
NE,GID,C,sc,060,Dawson,NE060,-99.8195,40.8699,Dawson
NE,LBF,M,pa,056,Deuel,NE056,-102.3339,41.1116,Deuel
NE,FSD,C,ne,013,Dixon,NE013,-96.8678,42.4932,Dixon
NE,OAX,C,ec,044,Dodge,NE044,-96.6542,41.5777,Dodge
NE,OAX,C,ec,052,Douglas,NE052,-96.1544,41.2953,Douglas
NE,GLD,M,sw,079,Dundy,NE079,-101.6879,40.1762,Dundy
NE,GID,C,sc,077,Fillmore,NE077,-97.5964,40.5247,Fillmore
NE,GID,C,sc,084,Franklin,NE084,-98.9527,40.1764,Franklin
NE,LBF,C,sw,071,Frontier,NE071,-100.3942,40.5301,Frontier
NE,GID,C,sc,082,Furnas,NE082,-99.9123,40.1765,Furnas
NE,OAX,C,se,089,Gage,NE089,-96.6893,40.2619,Gage
NE,LBF,M,pa,022,Garden,NE022,-102.3354,41.6194,Garden
NE,LBF,C,nc,028,Garfield,NE028,-98.9914,41.9143,Garfield
NE,GID,C,sc,072,Gosper,NE072,-99.8307,40.5148,Gosper
NE,LBF,M,wc,023,Grant,NE023,-101.7405,41.915,Grant
NE,GID,C,cc,040,Greeley,NE040,-98.5212,41.5675,Greeley
NE,GID,C,sc,062,Hall,NE062,-98.5022,40.8725,Hall
NE,GID,C,sc,063,Hamilton,NE063,-98.0233,40.8735,Hamilton
NE,GID,C,sc,083,Harlan,NE083,-99.4046,40.1765,Harlan
NE,LBF,C,sw,070,Hayes,NE070,-101.0618,40.5248,Hayes
NE,GLD,C,sw,080,Hitchcock,NE080,-101.0422,40.1763,Hitchcock
NE,LBF,C,nc,010,Holt,NE010,-98.7838,42.4557,Holt
NE,LBF,M,wc,024,Hooker,NE024,-101.1353,41.9159,Hooker
NE,GID,C,cc,047,Howard,NE047,-98.5171,41.22,Howard
NE,OAX,C,se,088,Jefferson,NE088,-97.1426,40.1757,Jefferson
NE,OAX,C,se,090,Johnson,NE090,-96.2649,40.3926,Johnson
NE,GID,C,sc,074,Kearney,NE074,-98.948,40.5067,Kearney
NE,LBF,M,sw,057,Keith,NE057,-101.6613,41.1988,Keith
NE,LBF,C,nc,006,Keya Paha,NE006,-99.7124,42.8789,Keya Paha
NE,CYS,M,pa,054,Kimball,NE054,-103.715,41.1977,Kimball
NE,OAX,C,ne,011,Knox,NE011,-97.8919,42.6369,Knox
NE,OAX,C,se,066,Lancaster,NE066,-96.6878,40.7841,Lancaster
NE,LBF,C,sw,059,Lincoln,NE059,-100.7452,41.0478,Lincoln
NE,LBF,C,wc,037,Logan,NE037,-100.4829,41.5665,Logan
NE,LBF,C,nc,027,Loup,NE027,-99.4544,41.9138,Loup
NE,LBF,C,wc,036,McPherson,NE036,-101.0605,41.5681,McPherson
NE,OAX,C,ne,031,Madison,NE031,-97.6008,41.9167,Madison
NE,GID,C,cc,048,Merrick,NE048,-98.0376,41.1698,Merrick
NE,CYS,M,pa,021,Morrill,NE021,-103.0105,41.716,Morrill
NE,GID,C,cc,041,Nance,NE041,-97.9923,41.3973,Nance
NE,OAX,C,se,091,Nemaha,NE091,-95.8486,40.3881,Nemaha
NE,GID,C,sc,086,Nuckolls,NE086,-98.0472,40.1764,Nuckolls
NE,OAX,C,se,068,Otoe,NE068,-96.1348,40.6485,Otoe
NE,OAX,C,se,092,Pawnee,NE092,-96.237,40.1314,Pawnee
NE,LBF,M,sw,058,Perkins,NE058,-101.6496,40.8509,Perkins
NE,GID,C,sc,073,Phelps,NE073,-99.4145,40.5111,Phelps
NE,OAX,C,ne,017,Pierce,NE017,-97.6013,42.2644,Pierce
NE,OAX,C,ne,042,Platte,NE042,-97.5206,41.5708,Platte
NE,GID,C,ec,049,Polk,NE049,-97.5684,41.1869,Polk
NE,GLD,C,sw,081,Red Willow,NE081,-100.4768,40.1758,Red Willow
NE,OAX,C,se,093,Richardson,NE093,-95.7167,40.1249,Richardson
NE,LBF,C,nc,009,Rock,NE009,-99.45,42.4213,Rock
NE,OAX,C,se,078,Saline,NE078,-97.1408,40.524,Saline
NE,OAX,C,ec,053,Sarpy,NE053,-96.1119,41.1131,Sarpy
NE,OAX,C,ec,051,Saunders,NE051,-96.6373,41.2261,Saunders
NE,CYS,M,pa,019,Scotts Bluff,NE019,-103.708,41.8506,Scotts Bluff
NE,OAX,C,se,065,Seward,NE065,-97.1395,40.8723,Seward
NE,LBF,M,pa,004,Sheridan,NE004,-102.409,42.5048,Sheridan
NE,GID,C,cc,046,Sherman,NE046,-98.9763,41.2205,Sherman
NE,GID,C,ec,064,York,NE064,-97.5971,40.8727,York
NE,GID,C,sc,087,Thayer,NE087,-97.5947,40.1763,Thayer
NE,LBF,C,nc,025,Thomas,NE025,-100.5558,41.9135,Thomas
NE,OAX,C,ne,015,Thurston,NE015,-96.5441,42.1582,Thurston
NE,GID,C,cc,039,Valley,NE039,-98.9819,41.5673,Valley
NE,OAX,C,ec,045,Washington,NE045,-96.2218,41.5311,Washington
NE,OAX,C,ne,018,Wayne,NE018,-97.1193,42.2092,Wayne
NE,GID,C,sc,085,Webster,NE085,-98.4999,40.1764,Webster
NE,LBF,C,nc,029,Wheeler,NE029,-98.5282,41.9148,Wheeler
NE,GID,C,sc,075,Adams,NE075,-98.5012,40.5245,Adams
NE,OAX,C,ne,032,Stanton,NE032,-97.1939,41.9169,Stanton
NE,LBF,M,wc,035,Arthur,NE035,-101.6959,41.5689,Arthur
NE,OAX,C,ne,016,Antelope,NE016,-98.0667,42.177,Antelope
VT,BTV,E,ss,021,Eastern Windsor,VT021,-72.4895,43.5254,Windsor
NH,GYX,E,cc,007,Sullivan,NH007,-72.2223,43.3612,Sullivan
NH,GYX,E,cc,009,Belknap,NH009,-71.4233,43.5188,Belknap
NH,GYX,E,ss,011,Cheshire,NH011,-72.2512,42.9193,Cheshire
NH,GYX,E,cc,010,Strafford,NH010,-71.0293,43.2975,Strafford
NJ,PHI,E,nw,007,Warren,NJ007,-74.997,40.8574,Warren
NJ,PHI,E,ss,018,Camden,NJ018,-74.9599,39.8038,Camden
NJ,PHI,E,nw,009,Hunterdon,NJ009,-74.9123,40.5672,Hunterdon
NJ,PHI,E,cc,015,Mercer,NJ015,-74.7014,40.2833,Mercer
NJ,PHI,E,nn,008,Morris,NJ008,-74.5445,40.8621,Morris
NJ,PHI,E,nn,010,Somerset,NJ010,-74.6164,40.5637,Somerset
NJ,PHI,E,nw,001,Sussex,NJ001,-74.6902,41.1395,Sussex
NV,LKN,P,nw,030,Humboldt County,NV030,-118.112,41.4068,Humboldt County
NY,BGM,E,cc,015,Yates,NY015,-77.1055,42.6335,Yates
NY,BUF,E,ww,021,Allegany,NY021,-78.0276,42.2574,Allegany
NY,BGM,E,cc,056,Broome,NY056,-75.8196,42.1602,Broome
NY,BUF,E,ww,020,Cattaraugus,NY020,-78.6789,42.2486,Cattaraugus
NY,BGM,E,cc,024,Chemung,NY024,-76.76,42.1413,Chemung
NY,BGM,E,cc,045,Chenango,NY045,-75.6115,42.4936,Chenango
NY,BGM,E,cc,044,Cortland,NY044,-76.0702,42.595,Cortland
NY,BGM,E,cc,057,Delaware,NY057,-74.9664,42.1982,Delaware
NY,BUF,E,ww,011,Genesee,NY011,-78.1936,43.001,Genesee
NY,ALY,E,ee,033,Hamilton,NY033,-74.4974,43.6611,Hamilton
NY,BUF,E,cc,008,Lewis,NY008,-75.4488,43.7847,Lewis
NY,BUF,E,ww,013,Livingston,NY013,-77.7754,42.728,Livingston
NY,BGM,E,cc,036,Madison,NY036,-75.6697,42.9129,Madison
NY,ALY,E,ee,040,Montgomery,NY040,-74.4397,42.9023,Montgomery
NY,BGM,E,cc,018,Onondaga,NY018,-76.1946,43.0058,Onondaga
NY,BUF,E,ww,014,Ontario,NY014,-77.2998,42.8529,Ontario
NY,BGM,E,cc,046,Otsego,NY046,-75.0326,42.6338,Otsego
NY,ALY,E,ec,047,Schoharie,NY047,-74.4421,42.5882,Schoharie
NY,BGM,E,cc,023,Schuyler,NY023,-76.8752,42.3938,Schuyler
NY,BGM,E,cc,016,Seneca,NY016,-76.8237,42.781,Seneca
NY,BGM,E,cc,022,Steuben,NY022,-77.3838,42.2678,Steuben
NY,BGM,E,cc,062,Sullivan,NY062,-74.7681,41.7164,Sullivan
NY,BGM,E,cc,055,Tioga,NY055,-76.3063,42.1703,Tioga
NY,BGM,E,cc,025,Tompkins,NY025,-76.4737,42.452,Tompkins
NY,BUF,E,ww,012,Wyoming,NY012,-78.2245,42.7023,Wyoming
OH,ILN,E,sc,081,Adams,OH081,-83.472,38.8457,Adams
OH,IWX,E,wc,025,Allen,OH025,-84.1057,40.7715,Allen
OH,CLE,E,nc,030,Ashland,OH030,-82.2707,40.846,Ashland
OH,RLX,E,se,075,Athens,OH075,-82.0452,39.3337,Athens
OH,ILN,E,wc,035,Auglaize,OH035,-84.2217,40.5609,Auglaize
OH,PBZ,E,ec,059,Belmont,OH059,-80.9885,40.0158,Belmont
OH,ILN,E,sw,079,Brown,OH079,-83.868,38.9344,Brown
OH,ILN,E,sw,070,Butler,OH070,-84.5755,39.4386,Butler
OH,PBZ,E,ec,040,Carroll,OH040,-81.0897,40.5796,Carroll
OH,ILN,E,wc,052,Champaign,OH052,-83.7696,40.1377,Champaign
OH,ILN,E,wc,053,Clark,OH053,-83.7835,39.9168,Clark
OH,CLE,E,nw,027,Wyandot,OH027,-83.3044,40.8424,Wyandot
OH,ILN,E,sw,072,Clinton,OH072,-83.8084,39.415,Clinton
OH,PBZ,E,ec,041,Columbiana,OH041,-80.7775,40.7686,Columbiana
OH,PBZ,E,ec,048,Coshocton,OH048,-81.92,40.3017,Coshocton
OH,CLE,E,nc,028,Crawford,OH028,-82.9197,40.8509,Crawford
OH,ILN,E,wc,042,Darke,OH042,-84.6193,40.1333,Darke
OH,IWX,E,nw,004,Defiance,OH004,-84.4906,41.3239,Defiance
OH,ILN,E,cc,046,Delaware,OH046,-83.0052,40.2785,Delaware
OH,ILN,E,cc,065,Fairfield,OH065,-82.6305,39.7516,Fairfield
OH,ILN,E,cc,063,Fayette,OH063,-83.4561,39.5599,Fayette
OH,ILN,E,cc,055,Franklin,OH055,-83.0093,39.9696,Franklin
OH,IWX,E,nw,002,Fulton,OH002,-84.1301,41.6018,Fulton
OH,RLX,E,se,086,Gallia,OH086,-82.3169,38.8247,Gallia
OH,ILN,E,wc,062,Greene,OH062,-83.8898,39.6915,Greene
OH,PBZ,E,ec,058,Guernsey,OH058,-81.4942,40.0521,Guernsey
OH,ILN,E,sw,077,Hamilton,OH077,-84.5426,39.1954,Hamilton
OH,CLE,E,nw,017,Hancock,OH017,-83.6665,41.0019,Hancock
OH,ILN,E,wc,026,Hardin,OH026,-83.6594,40.6615,Hardin
OH,PBZ,E,ec,049,Harrison,OH049,-81.0911,40.2938,Harrison
OH,IWX,E,nw,005,Henry,OH005,-84.0682,41.3339,Henry
OH,ILN,E,cc,074,Hocking,OH074,-82.4792,39.497,Hocking
OH,CLE,E,ne,038,Holmes,OH038,-81.9294,40.5612,Holmes
OH,CLE,E,nc,019,Huron,OH019,-82.5984,41.1462,Huron
OH,RLX,E,se,083,Jackson,OH083,-82.6184,39.0197,Jackson
OH,PBZ,E,ec,050,Jefferson,OH050,-80.761,40.385,Jefferson
OH,CLE,E,nc,047,Knox,OH047,-82.4216,40.3988,Knox
OH,RLX,E,se,087,Lawrence,OH087,-82.5368,38.5985,Lawrence
OH,ILN,E,cc,056,Licking,OH056,-82.4835,40.0918,Licking
OH,ILN,E,wc,044,Logan,OH044,-83.7658,40.3885,Logan
OH,CLE,E,nc,010,Lorain,OH010,-82.1512,41.2955,Lorain
OH,ILN,E,cc,054,Madison,OH054,-83.3999,39.8941,Madison
OH,CLE,E,ne,033,Mahoning,OH033,-80.7753,41.0146,Mahoning
OH,CLE,E,nc,036,Marion,OH036,-83.1609,40.5873,Marion
OH,CLE,E,ne,020,Medina,OH020,-81.8997,41.1176,Medina
OH,RLX,E,se,085,Meigs,OH085,-82.0229,39.0821,Meigs
OH,ILN,E,wc,034,Mercer,OH034,-84.6293,40.54,Mercer
OH,ILN,E,wc,051,Miami,OH051,-84.2289,40.0534,Miami
OH,PBZ,E,ec,069,Monroe,OH069,-81.0829,39.7274,Monroe
OH,ILN,E,wc,061,Montgomery,OH061,-84.2906,39.7545,Montgomery
OH,RLX,E,se,067,Morgan,OH067,-81.8527,39.6203,Morgan
OH,CLE,E,nc,037,Morrow,OH037,-82.7941,40.524,Morrow
OH,PBZ,E,ec,057,Muskingum,OH057,-81.9444,39.9654,Muskingum
OH,PBZ,E,ec,068,Noble,OH068,-81.4556,39.766,Noble
OH,IWX,E,wc,015,Paulding,OH015,-84.5801,41.1166,Paulding
OH,RLX,E,se,066,Perry,OH066,-82.2361,39.7371,Perry
OH,ILN,E,cc,064,Pickaway,OH064,-83.0243,39.642,Pickaway
OH,ILN,E,sc,082,Pike,OH082,-83.0668,39.0774,Pike
OH,CLE,E,ne,022,Portage,OH022,-81.1962,41.1676,Portage
OH,ILN,E,wc,060,Preble,OH060,-84.6481,39.7416,Preble
OH,IWX,E,wc,016,Putnam,OH016,-84.1317,41.0221,Putnam
OH,CLE,E,nc,029,Richland,OH029,-82.5365,40.7747,Richland
OH,ILN,E,sc,073,Ross,OH073,-83.057,39.3376,Ross
OH,ILN,E,sc,088,Scioto,OH088,-82.9928,38.804,Scioto
OH,CLE,E,nw,018,Seneca,OH018,-83.1277,41.1239,Seneca
OH,ILN,E,wc,043,Shelby,OH043,-84.2048,40.3315,Shelby
OH,CLE,E,ne,032,Stark,OH032,-81.3659,40.8138,Stark
OH,CLE,E,ne,021,Summit,OH021,-81.5321,41.1259,Summit
OH,CLE,E,ne,023,Trumbull,OH023,-80.7604,41.3174,Trumbull
OH,PBZ,E,ec,039,Tuscarawas,OH039,-81.4738,40.441,Tuscarawas
OH,ILN,E,cc,045,Union,OH045,-83.3715,40.2995,Union
OH,IWX,E,wc,024,Van Wert,OH024,-84.5861,40.8554,Van Wert
OH,RLX,E,se,084,Vinton,OH084,-82.4854,39.251,Vinton
OH,ILN,E,sw,071,Warren,OH071,-84.1668,39.4277,Warren
OH,RLX,E,se,076,Washington,OH076,-81.4953,39.4553,Washington
OH,CLE,E,ne,031,Wayne,OH031,-81.8883,40.8289,Wayne
OH,IWX,E,nw,001,Williams,OH001,-84.5882,41.5603,Williams
OH,CLE,E,nw,006,Wood,OH006,-83.623,41.3617,Wood
OH,ILN,E,sw,078,Clermont,OH078,-84.1522,39.0476,Clermont
OH,ILN,E,sc,080,Highland,OH080,-83.6009,39.1848,Highland
OK,OUN,C,nw,017,Blaine,OK017,-98.4335,35.8752,Blaine
OK,OUN,C,se,052,Bryan,OK052,-96.26,33.9623,Bryan
OK,OUN,C,sw,023,Caddo,OK023,-98.3751,35.1744,Caddo
OK,OUN,C,cc,024,Canadian,OK024,-97.9825,35.5425,Canadian
OK,OUN,C,ss,046,Carter,OK046,-97.2858,34.2509,Carter
OK,TSA,C,ec,068,Cherokee,OK068,-94.9997,35.9066,Cherokee
OK,TSA,C,se,053,Choctaw,OK053,-95.5521,34.0265,Choctaw
OK,AMA,C,pa,001,Cimarron,OK001,-102.5178,36.7483,Cimarron
OK,OUN,C,cc,029,Cleveland,OK029,-97.3271,35.2036,Cleveland
OK,OUN,C,se,043,Coal,OK043,-96.2979,34.5882,Coal
OK,OUN,C,sw,038,Comanche,OK038,-98.4717,34.6621,Comanche
OK,OUN,C,sw,044,Cotton,OK044,-98.3721,34.2902,Cotton
OK,TSA,C,ne,057,Craig,OK057,-95.2086,36.7617,Craig
OK,TSA,C,ne,064,Creek,OK064,-96.3709,35.9027,Creek
OK,OUN,C,ww,016,Custer,OK016,-99.0015,35.6389,Custer
OK,TSA,C,ne,063,Delaware,OK063,-94.8027,36.4082,Delaware
OK,OUN,C,nw,015,Dewey,OK015,-99.008,35.9877,Dewey
OK,OUN,C,nw,009,Ellis,OK009,-99.7546,36.2184,Ellis
OK,OUN,C,nn,012,Garfield,OK012,-97.7828,36.379,Garfield
OK,OUN,C,ss,040,Garvin,OK040,-97.3093,34.7045,Garvin
OK,OUN,C,cc,027,Grady,OK027,-97.884,35.017,Grady
OK,OUN,C,nn,007,Grant,OK007,-97.7861,36.7961,Grant
OK,OUN,C,sw,034,Greer,OK034,-99.5609,34.9357,Greer
OK,OUN,C,sw,033,Harmon,OK033,-99.8463,34.7441,Harmon
OK,OUN,C,nw,004,Harper,OK004,-99.6673,36.7887,Harper
OK,TSA,C,se,074,Haskell,OK074,-95.1166,35.2248,Haskell
OK,OUN,C,se,032,Hughes,OK032,-96.2502,35.0484,Hughes
OK,OUN,C,sw,036,Jackson,OK036,-99.4148,34.588,Jackson
OK,OUN,C,ss,045,Jefferson,OK045,-97.8359,34.1111,Jefferson
OK,OUN,C,se,047,Johnston,OK047,-96.6606,34.3165,Johnston
OK,OUN,C,nn,008,Kay,OK008,-97.1439,36.818,Kay
OK,OUN,C,cc,018,Kingfisher,OK018,-97.9421,35.9454,Kingfisher
OK,OUN,C,sw,035,Kiowa,OK035,-98.9808,34.9163,Kiowa
OK,OUN,C,nw,010,Woodward,OK010,-99.265,36.4227,Woodward
OK,OUN,C,cc,026,Lincoln,OK026,-96.8809,35.703,Lincoln
OK,OUN,C,cc,019,Logan,OK019,-97.4434,35.9194,Logan
OK,OUN,C,ss,050,Love,OK050,-97.2442,33.9499,Love
OK,OUN,C,cc,028,McClain,OK028,-97.4436,35.0087,McClain
OK,SHV,C,se,077,McCurtain,OK077,-94.7712,34.115,McCurtain
OK,TSA,C,se,071,McIntosh,OK071,-95.6668,35.3737,McIntosh
OK,OUN,C,nw,011,Major,OK011,-98.536,36.3116,Major
OK,OUN,C,se,051,Marshall,OK051,-96.769,34.0245,Marshall
OK,TSA,C,ne,062,Mayes,OK062,-95.2309,36.3018,Mayes
OK,OUN,C,ss,041,Murray,OK041,-97.0679,34.4823,Murray
OK,TSA,C,ec,070,Muskogee,OK070,-95.3794,35.6161,Muskogee
OK,OUN,C,nn,013,Noble,OK013,-97.2306,36.3886,Noble
OK,TSA,C,ne,056,Nowata,OK056,-95.6174,36.7985,Nowata
OK,TSA,C,ec,065,Okfuskee,OK065,-96.3228,35.4655,Okfuskee
OK,OUN,C,cc,025,Oklahoma,OK025,-97.4072,35.5515,Oklahoma
OK,TSA,C,ne,066,Okmulgee,OK066,-95.9643,35.6467,Okmulgee
OK,TSA,C,ne,058,Ottawa,OK058,-94.8105,36.8355,Ottawa
OK,TSA,C,ne,059,Pawnee,OK059,-96.6993,36.3169,Pawnee
OK,OUN,C,cc,020,Payne,OK020,-96.9757,36.0773,Payne
OK,TSA,C,se,073,Pittsburg,OK073,-95.7484,34.9239,Pittsburg
OK,OUN,C,ec,042,Pontotoc,OK042,-96.6844,34.7281,Pontotoc
OK,OUN,C,cc,030,Pottawatomie,OK030,-96.9483,35.2068,Pottawatomie
OK,TSA,C,se,049,Pushmataha,OK049,-95.3758,34.4162,Pushmataha
OK,OUN,C,ww,014,Roger Mills,OK014,-99.6957,35.6883,Roger Mills
OK,TSA,C,ne,061,Rogers,OK061,-95.6044,36.3716,Rogers
OK,OUN,C,ec,031,Seminole,OK031,-96.6156,35.1674,Seminole
OK,OUN,C,ss,039,Stephens,OK039,-97.8514,34.4856,Stephens
OK,AMA,C,pa,002,Texas,OK002,-101.49,36.7479,Texas
OK,OUN,C,sw,037,Tillman,OK037,-98.9242,34.3728,Tillman
OK,TSA,C,ne,060,Tulsa,OK060,-95.9414,36.1211,Tulsa
OK,TSA,C,ne,067,Wagoner,OK067,-95.5212,35.9609,Wagoner
OK,TSA,C,ne,055,Washington,OK055,-95.9044,36.7152,Washington
OK,OUN,C,ww,022,Washita,OK022,-98.9923,35.2904,Washita
OK,OUN,C,nw,005,Woods,OK005,-98.8651,36.7669,Woods
OK,TSA,C,se,075,Latimer,OK075,-95.2504,34.8761,Latimer
OK,TSA,C,ne,069,Adair,OK069,-94.6587,35.8839,Adair
OK,OUN,C,nw,006,Alfalfa,OK006,-98.324,36.731,Alfalfa
OK,OUN,C,se,048,Atoka,OK048,-96.0378,34.3737,Atoka
OK,AMA,C,pa,003,Beaver,OK003,-100.4767,36.7497,Beaver
OK,OUN,C,ww,021,Beckham,OK021,-99.682,35.2687,Beckham
OR,BOI,P,se,061,Harney County,OR061,-118.9679,43.064,Harney County
OR,BOI,P,ne,062,Baker County,OR062,-117.6753,44.7092,Baker County
PA,CTP,E,sc,064,Adams,PA064,-77.2179,39.8715,Adams
PA,PBZ,E,sw,021,Allegheny,PA021,-79.9812,40.4688,Allegheny
PA,PBZ,E,sw,022,Armstrong,PA022,-79.4645,40.8125,Armstrong
PA,PBZ,E,sw,020,Beaver,PA020,-80.3493,40.6823,Beaver
PA,CTP,E,sc,034,Bedford,PA034,-78.4902,40.0066,Bedford
PA,PHI,E,ee,060,Berks,PA060,-75.926,40.4164,Berks
PA,CTP,E,cc,025,Blair,PA025,-78.3486,40.4813,Blair
PA,BGM,E,ne,038,Bradford,PA038,-76.5157,41.7886,Bradford
PA,PHI,E,se,105,Upper Bucks,PA105,-75.2403,40.4395,Upper Bucks
PA,PBZ,E,sw,014,Butler,PA014,-79.913,40.9117,Butler
PA,CTP,E,cc,024,Cambria,PA024,-78.7136,40.4954,Cambria
PA,CTP,E,nc,011,Cameron,PA011,-78.2038,41.4368,Cameron
PA,PBZ,E,nw,015,Clarion,PA015,-79.421,41.1925,Clarion
PA,CTP,E,cc,017,Clearfield,PA017,-78.4741,41.0002,Clearfield
PA,CTP,E,cc,053,Columbia,PA053,-76.4052,41.0486,Columbia
PA,CLE,E,nw,003,Crawford,PA003,-80.1063,41.6848,Crawford
PA,CTP,E,sc,063,Cumberland,PA063,-77.2651,40.1637,Cumberland
PA,CTP,E,sc,057,Dauphin,PA057,-76.7793,40.4155,Dauphin
PA,CTP,E,nc,010,Elk,PA010,-78.6492,41.4252,Elk
PA,PBZ,E,sw,075,Fayette,PA075,-79.7718,39.9492,Fayette
PA,PBZ,E,nw,009,Forest,PA009,-79.2361,41.5132,Forest
PA,CTP,E,sc,036,Franklin,PA036,-77.7212,39.9275,Franklin
PA,CTP,E,sc,035,Fulton,PA035,-78.1124,39.9255,Fulton
PA,PBZ,E,sw,031,Greene,PA031,-80.2229,39.8538,Greene
PA,CTP,E,cc,026,Huntingdon,PA026,-77.9812,40.417,Huntingdon
PA,PBZ,E,sw,077,Indiana,PA077,-79.1167,40.6974,Western Indiana
PA,PBZ,E,nw,016,Jefferson,PA016,-78.9995,41.1281,Jefferson
PA,CTP,E,cc,028,Juniata,PA028,-77.402,40.5311,Juniata
PA,BGM,E,ne,044,Lackawanna,PA044,-75.6092,41.437,Lackawanna
PA,CTP,E,sc,066,Lancaster,PA066,-76.2477,40.0424,Lancaster
PA,PBZ,E,sw,013,Lawrence,PA013,-80.3342,40.9912,Lawrence
PA,CTP,E,sc,059,Lebanon,PA059,-76.4577,40.3672,Lebanon
PA,PHI,E,ee,061,Lehigh,PA061,-75.5924,40.6129,Lehigh
PA,BGM,E,ne,047,Luzerne,PA047,-75.9889,41.1771,Luzerne
PA,CTP,E,nc,005,McKean,PA005,-78.569,41.8078,McKean
PA,PBZ,E,nw,007,Mercer,PA007,-80.2577,41.3022,Mercer
PA,CTP,E,cc,027,Mifflin,PA027,-77.6171,40.6104,Mifflin
PA,PHI,E,ne,055,Monroe,PA055,-75.3394,41.0582,Monroe
PA,PHI,E,se,103,Western Montgomery,PA103,-75.4758,40.2763,Western Montgomery
PA,CTP,E,cc,051,Montour,PA051,-76.6586,41.028,Montour
PA,CTP,E,sc,056,Perry,PA056,-77.2622,40.3984,Perry
PA,BGM,E,ne,048,Pike,PA048,-75.0338,41.3321,Pike
PA,CTP,E,nc,006,Potter,PA006,-77.8958,41.745,Potter
PA,CTP,E,cc,058,Schuylkill,PA058,-76.216,40.7059,Schuylkill
PA,CTP,E,cc,050,Snyder,PA050,-77.0701,40.77,Snyder
PA,CTP,E,sc,033,Somerset,PA033,-79.0283,39.9725,Somerset
PA,CTP,E,nc,042,Sullivan,PA042,-76.5119,41.446,Sullivan
PA,BGM,E,ne,039,Susquehanna,PA039,-75.8008,41.8214,Susquehanna
PA,CTP,E,nc,037,Tioga,PA037,-77.2543,41.7721,Tioga
PA,CTP,E,cc,049,Union,PA049,-77.0621,40.963,Union
PA,PBZ,E,nw,008,Venango,PA008,-79.758,41.401,Venango
PA,CTP,E,nc,004,Warren,PA004,-79.2741,41.8147,Warren
PA,PBZ,E,sw,029,Washington,PA029,-80.2482,40.1894,Washington
PA,PBZ,E,sw,073,Westmoreland,PA073,-79.5748,40.3446,Westmoreland
PA,BGM,E,ne,043,Wyoming,PA043,-76.0165,41.5184,Wyoming
PA,CTP,E,sc,065,York,PA065,-76.7265,39.9199,York
PA,PHI,E,se,071,Philadelphia,PA071,-75.1338,40.0076,Philadelphia
PA,PHI,E,ne,054,Carbon,PA054,-75.7088,40.9183,Carbon
SC,GSP,E,up,011,Abbeville,SC011,-82.4587,34.2226,Abbeville
SC,GSP,E,up,010,Anderson,SC010,-82.6379,34.5191,Anderson
SC,CAE,E,cc,041,Bamberg,SC041,-81.0542,33.2147,Bamberg
SC,GSP,E,up,008,Cherokee,SC008,-81.6204,35.0482,Cherokee
SC,GSP,E,up,014,Chester,SC014,-81.1595,34.6921,Chester
SC,CAE,E,cc,016,Chesterfield,SC016,-80.1586,34.6398,Chesterfield
SC,CAE,E,cc,025,Edgefield,SC025,-81.9666,33.7723,Edgefield
SC,CAE,E,cc,021,Fairfield,SC021,-81.1212,34.3951,Fairfield
SC,GSP,E,up,019,Greenwood,SC019,-82.1259,34.1538,Greenwood
SC,CAE,E,cc,022,Kershaw,SC022,-80.5903,34.3388,Kershaw
SC,CAE,E,cc,116,Southern Lancaster,SC116,-80.6893,34.6577,Southern Lancaster
SC,GSP,E,up,012,Laurens,SC012,-82.006,34.4836,Laurens
SC,CAE,E,cc,029,Lee,SC029,-80.2545,34.1633,Lee
SC,CAE,E,cc,027,Lexington,SC027,-81.2722,33.9022,Lexington
SC,CAE,E,cc,018,McCormick,SC018,-82.3099,33.8996,McCormick
SC,CAE,E,cc,020,Newberry,SC020,-81.6001,34.2898,Newberry
SC,CAE,E,cc,028,Richland,SC028,-80.9031,34.0218,Richland
SC,CAE,E,cc,026,Saluda,SC026,-81.7269,34.0061,Saluda
SC,GSP,E,up,009,York,SC009,-81.1845,34.9747,York
SC,GSP,E,up,013,Union,SC013,-81.6194,34.6892,Union
SC,CAE,E,cc,030,Aiken,SC030,-81.6348,33.5444,Aiken
SD,ABR,C,cc,034,Sully,SD034,-100.1322,44.7155,Sully
SD,ABR,C,ne,018,Spink,SD018,-98.3463,44.9381,Spink
SD,FSD,C,ec,053,Sanborn,SD053,-98.0914,44.0235,Sanborn
SD,ABR,C,nc,016,Potter,SD016,-99.9573,45.0645,Potter
SD,FSD,C,ec,056,Moody,SD056,-96.671,44.0221,Moody
SD,FSD,C,se,062,Minnehaha,SD062,-96.7914,43.6742,Minnehaha
SD,FSD,C,ec,054,Miner,SD054,-97.6102,44.022,Miner
SD,ABR,C,ne,007,Marshall,SD007,-97.5986,45.7586,Marshall
SD,ABR,C,nc,005,McPherson,SD005,-99.2215,45.7664,McPherson
SD,FSD,C,se,061,McCook,SD061,-97.3684,43.6743,McCook
SD,ABR,C,cc,048,Lyman,SD048,-99.8474,43.8958,Lyman
SD,FSD,C,se,067,Lincoln,SD067,-96.7219,43.2789,Lincoln
SD,FSD,C,ec,055,Lake,SD055,-97.1294,44.022,Lake
SD,FSD,C,ec,039,Kingsbury,SD039,-97.4915,44.3696,Kingsbury
SD,FSD,C,cc,052,Jerauld,SD052,-98.6298,44.0664,Jerauld
SD,ABR,C,cc,036,Hyde,SD036,-99.4871,44.5474,Hyde
SD,FSD,C,se,065,Hutchinson,SD065,-97.7546,43.3348,Hutchinson
SD,ABR,C,cc,035,Hughes,SD035,-99.9961,44.389,Hughes
SD,FSD,C,se,060,Hanson,SD060,-97.7874,43.6748,Hanson
SD,ABR,C,cc,037,Hand,SD037,-99.005,44.5478,Hand
SD,ABR,C,ne,022,Hamlin,SD022,-97.1883,44.6737,Hamlin
SD,FSD,C,sc,050,Gregory,SD050,-99.1856,43.1924,Gregory
SD,ABR,C,ne,021,Grant,SD021,-96.7677,45.172,Grant
SD,ABR,C,nc,017,Faulk,SD017,-99.1453,45.0711,Faulk
SD,ABR,C,nc,010,Edmunds,SD010,-99.2155,45.4188,Edmunds
SD,FSD,C,sc,064,Douglas,SD064,-98.3662,43.3871,Douglas
SD,ABR,M,nc,015,Dewey,SD015,-100.8719,45.1566,Dewey
SD,ABR,C,ne,023,Deuel,SD023,-96.668,44.76,Deuel
SD,ABR,C,ne,011,Day,SD011,-97.6075,45.3672,Day
SD,FSD,C,se,059,Davison,SD059,-98.1461,43.675,Davison
SD,ABR,M,nc,003,Corson,SD003,-101.1969,45.7087,Corson
SD,ABR,C,ne,020,Codington,SD020,-97.1887,44.9778,Codington
SD,FSD,C,se,070,Clay,SD070,-96.9757,42.9146,Clay
SD,ABR,C,ne,019,Clark,SD019,-97.7295,44.8582,Clark
SD,FSD,C,sc,063,Charles Mix,SD063,-98.5879,43.2079,Charles Mix
SD,ABR,C,nc,004,Campbell,SD004,-100.0517,45.7711,Campbell
SD,ABR,C,cc,051,Buffalo,SD051,-99.205,44.0763,Buffalo
SD,FSD,C,sc,057,Brule,SD057,-99.081,43.7181,Brule
SD,ABR,C,ne,006,Brown,SD006,-98.3516,45.5898,Brown
SD,FSD,C,ec,040,Brookings,SD040,-96.7905,44.3697,Brookings
SD,FSD,C,se,068,Bon Homme,SD068,-97.8847,42.9884,Bon Homme
SD,FSD,C,ec,038,Beadle,SD038,-98.2782,44.4145,Beadle
SD,FSD,C,sc,058,Aurora,SD058,-98.5616,43.7182,Aurora
SD,ABR,C,cc,045,Jones,SD045,-100.6896,43.9604,Jones
SD,FSD,C,se,066,Turner,SD066,-97.1488,43.3108,Turner
SD,FSD,C,se,071,Union,SD071,-96.6561,42.8324,Union
SD,ABR,C,nc,009,Walworth,SD009,-100.0316,45.4299,Walworth
SD,FSD,C,se,069,Yankton,SD069,-97.3947,43.009,Yankton
TN,OHX,C,mi,033,Overton,TN033,-85.2881,36.345,Overton
TN,OHX,C,mi,056,Perry,TN056,-87.859,35.6426,Perry
TN,OHX,C,mi,011,Pickett,TN011,-85.0748,36.5585,Pickett
TN,OHX,C,mi,032,Putnam,TN032,-85.4951,36.1408,Putnam
TN,MRX,E,ea,083,Rhea,TN083,-84.9244,35.6087,Rhea
TN,MRX,E,ea,067,Roane,TN067,-84.5233,35.8478,Roane
TN,OHX,C,mi,007,Robertson,TN007,-86.8705,36.5254,Robertson
TN,OHX,C,mi,062,Rutherford,TN062,-86.4167,35.8427,Rutherford
TN,MRX,E,ea,012,Scott,TN012,-84.5035,36.4286,Scott
TN,MRX,C,ea,081,Sequatchie,TN081,-85.4106,35.3712,Sequatchie
TN,MEG,C,we,088,Shelby,TN088,-89.8956,35.1837,Shelby
TN,OHX,C,mi,030,Smith,TN030,-85.9567,36.2505,Smith
TN,OHX,C,mi,005,Stewart,TN005,-87.8385,36.5012,Stewart
TN,MRX,E,ea,017,Sullivan,TN017,-82.3042,36.5129,Sullivan
TN,OHX,C,mi,008,Sumner,TN008,-86.4603,36.4694,Sumner
TN,OHX,C,mi,029,Trousdale,TN029,-86.1567,36.3921,Trousdale
TN,MRX,E,ea,045,Unicoi,TN045,-82.4322,36.1108,Unicoi
TN,MRX,E,ea,037,Union,TN037,-83.8375,36.2879,Union
TN,OHX,C,mi,080,Van Buren,TN080,-85.4525,35.696,Van Buren
TN,OHX,C,mi,078,Warren,TN078,-85.7785,35.6787,Warren
TN,MRX,E,ea,044,Washington,TN044,-82.4974,36.2933,Washington
TN,OHX,C,mi,093,Wayne,TN093,-87.788,35.2399,Wayne
TN,MEG,C,we,003,Weakley,TN003,-88.7178,36.2983,Weakley
TN,OHX,C,mi,059,Williamson,TN059,-86.8986,35.8938,Williamson
TN,OHX,C,mi,028,Wilson,TN028,-86.2976,36.1549,Wilson
TN,OHX,C,mi,065,White,TN065,-85.4553,35.9264,White
TN,OHX,C,mi,025,Dickson,TN025,-87.3567,36.1491,Dickson
TN,MRX,E,ea,068,Loudon,TN068,-84.3116,35.735,Loudon
TN,MRX,E,ea,036,Anderson,TN036,-84.1985,36.1184,Anderson
TN,OHX,C,mi,075,Bedford,TN075,-86.4589,35.5138,Bedford
TN,MEG,C,we,022,Benton,TN022,-88.0683,36.0698,Benton
TN,MRX,C,ea,082,Bledsoe,TN082,-85.2051,35.5964,Bledsoe
TN,MRX,E,ea,100,Bradley,TN100,-84.8596,35.1541,Bradley
TN,MRX,E,ea,013,Campbell,TN013,-84.1493,36.4036,Campbell
TN,OHX,C,mi,063,Cannon,TN063,-86.0617,35.8087,Cannon
TN,MEG,C,we,021,Carroll,TN021,-88.4503,35.9731,Carroll
TN,OHX,C,mi,026,Cheatham,TN026,-87.0868,36.2612,Cheatham
TN,MEG,C,we,053,Chester,TN053,-88.6128,35.4211,Chester
TN,MRX,E,ea,014,Claiborne,TN014,-83.6603,36.4859,Claiborne
TN,OHX,C,mi,010,Clay,TN010,-85.5438,36.5511,Clay
TN,OHX,C,mi,077,Coffee,TN077,-86.0748,35.4906,Coffee
TN,MEG,C,we,051,Crockett,TN051,-89.1395,35.8135,Crockett
TN,OHX,C,mi,066,Cumberland,TN066,-84.9983,35.9504,Cumberland
TN,OHX,C,mi,027,Davidson,TN027,-86.7848,36.1694,Davidson
TN,MEG,C,we,055,Decatur,TN055,-88.1088,35.603,Decatur
TN,OHX,C,mi,064,De Kalb,TN064,-85.8328,35.9798,De Kalb
TN,MEG,C,we,019,Dyer,TN019,-89.4138,36.059,Dyer
TN,MEG,C,we,089,Fayette,TN089,-89.4144,35.1971,Fayette
TN,OHX,C,mi,034,Fentress,TN034,-84.9324,36.3805,Fentress
TN,HUN,C,mi,097,Franklin,TN097,-86.0922,35.1549,Franklin
TN,MEG,C,we,020,Gibson,TN020,-88.9326,35.9966,Gibson
TN,OHX,C,mi,095,Giles,TN095,-87.0348,35.2022,Giles
TN,MRX,E,ea,038,Grainger,TN038,-83.5096,36.2762,Grainger
TN,OHX,C,mi,079,Grundy,TN079,-85.7226,35.3884,Grundy
TN,MRX,E,ea,039,Hamblen,TN039,-83.2666,36.2172,Hamblen
TN,MRX,E,ea,099,Hamilton,TN099,-85.1648,35.1809,Hamilton
TN,MRX,E,ea,015,Hancock,TN015,-83.2219,36.5236,Hancock
TN,MEG,C,we,090,Hardeman,TN090,-88.9931,35.2069,Hardeman
TN,MEG,C,we,092,Hardin,TN092,-88.1845,35.1987,Hardin
TN,MRX,E,ea,016,Hawkins,TN016,-82.9447,36.4412,Hawkins
TN,MEG,C,we,050,Haywood,TN050,-89.2838,35.5832,Haywood
TN,MEG,C,we,054,Henderson,TN054,-88.388,35.6543,Henderson
TN,MEG,C,we,004,Henry,TN004,-88.3013,36.3317,Henry
TN,OHX,C,mi,057,Hickman,TN057,-87.4733,35.8033,Hickman
TN,OHX,C,mi,023,Houston,TN023,-87.7171,36.286,Houston
TN,OHX,C,mi,024,Humphreys,TN024,-87.7757,36.0408,Humphreys
TN,OHX,C,mi,031,Jackson,TN031,-85.6732,36.3592,Jackson
TN,MRX,E,ea,070,Jefferson,TN070,-83.4463,36.051,Jefferson
TN,MRX,E,ea,018,Johnson,TN018,-81.8518,36.4549,Johnson
TN,MRX,E,ea,069,Knox,TN069,-83.9371,35.9932,Knox
TN,MEG,C,we,001,Lake,TN001,-89.4935,36.3352,Lake
TN,MEG,C,we,048,Lauderdale,TN048,-89.6314,35.7609,Lauderdale
TN,OHX,C,mi,094,Lawrence,TN094,-87.3956,35.2173,Lawrence
TN,OHX,C,mi,058,Lewis,TN058,-87.4931,35.5273,Lewis
TN,HUN,C,mi,096,Lincoln,TN096,-86.5889,35.1405,Lincoln
TN,MRX,E,ea,085,McMinn,TN085,-84.6175,35.4248,McMinn
TN,MEG,C,we,091,McNairy,TN091,-88.5637,35.1746,McNairy
TN,OHX,C,mi,009,Macon,TN009,-86.0072,36.532,Macon
TN,MEG,C,we,052,Madison,TN052,-88.8385,35.6082,Madison
TN,MRX,C,ea,098,Marion,TN098,-85.622,35.1294,Marion
TX,FWD,C,nc,130,Erath,TX130,-98.218,32.2363,Erath
TX,FWD,C,nc,160,Falls,TX160,-96.9358,31.2533,Falls
TX,FWD,C,nc,094,Fannin,TX094,-96.1066,33.5939,Fannin
TX,EWX,C,sc,209,Fayette,TX209,-96.9198,29.8768,Fayette
TX,SJT,C,nw,049,Fisher,TX049,-100.4022,32.7428,Fisher
TX,LUB,C,nw,030,Floyd,TX030,-101.3032,34.0724,Floyd
TX,OUN,C,nn,084,Foard,TX084,-99.778,33.9746,Foard
TX,HGX,C,se,227,Fort Bend,TX227,-95.7707,29.5274,Fort Bend
TX,SHV,C,ne,108,Franklin,TX108,-95.2184,33.1756,Franklin
TX,FWD,C,nc,147,Freestone,TX147,-96.149,31.7049,Freestone
TX,EWX,C,sc,219,Frio,TX219,-99.1083,28.8678,Frio
TX,MAF,C,ww,045,Gaines,TX045,-102.6352,32.7407,Gaines
TX,LUB,C,nw,042,Garza,TX042,-101.2984,33.1799,Garza
TX,EWX,C,sc,188,Gillespie,TX188,-98.9464,30.3181,Gillespie
TX,MAF,C,ww,063,Glasscock,TX063,-101.5208,31.8694,Glasscock
TX,EWX,C,sc,223,Gonzales,TX223,-97.4925,29.4567,Gonzales
TX,AMA,C,pa,014,Gray,TX014,-100.8126,35.4012,Gray
TX,FWD,C,nc,093,Grayson,TX093,-96.6776,33.6268,Grayson
TX,SHV,C,ne,137,Gregg,TX137,-94.8172,32.4803,Gregg
TX,HGX,C,se,198,Grimes,TX198,-95.9855,30.5436,Grimes
TX,EWX,C,sc,207,Guadalupe,TX207,-97.9484,29.5831,Guadalupe
TX,LUB,C,nw,029,Hale,TX029,-101.8269,34.0705,Hale
TX,LUB,C,pa,025,Hall,TX025,-100.6811,34.5308,Hall
TX,FWD,C,nc,143,Hamilton,TX143,-98.1107,31.7048,Hamilton
TX,AMA,C,pa,003,Hansford,TX003,-101.3545,36.2775,Hansford
TX,OUN,C,nn,083,Hardeman,TX083,-99.7457,34.2903,Hardeman
TX,LCH,C,se,201,Hardin,TX201,-94.3902,30.3324,Hardin
TX,SHV,C,ne,138,Harrison,TX138,-94.3713,32.5482,Harrison
TX,AMA,C,pa,006,Hartley,TX006,-102.6029,35.84,Hartley
TX,SJT,C,nc,098,Haskell,TX098,-99.7303,33.1782,Haskell
TX,EWX,C,sc,191,Hays,TX191,-98.0311,30.0582,Hays
TX,AMA,C,pa,010,Hemphill,TX010,-100.2705,35.8376,Hemphill
TX,FWD,C,ne,135,Henderson,TX135,-95.8538,32.2121,Henderson
TX,FWD,C,nc,145,Hill,TX145,-97.1324,31.9907,Hill
TX,LUB,C,nw,034,Hockley,TX034,-102.3432,33.6076,Hockley
TX,FWD,C,nc,131,Hood,TX131,-97.8323,32.4299,Hood
TX,FWD,C,ne,107,Hopkins,TX107,-95.564,33.1495,Hopkins
TX,HGX,C,se,163,Houston,TX163,-95.4227,31.3178,Houston
TX,MAF,C,ww,052,Howard,TX052,-101.4355,32.3062,Howard
TX,FWD,C,nc,105,Hunt,TX105,-96.0854,33.1236,Hunt
TX,AMA,C,pa,008,Hutchinson,TX008,-101.3547,35.84,Hutchinson
TX,SJT,C,sw,071,Irion,TX071,-100.9824,31.3039,Irion
TX,FWD,C,nc,101,Jack,TX101,-98.1725,33.2335,Jack
TX,LCH,C,se,259,Northern Jasper,TX259,-94.0341,30.8641,Northern Jasper
TX,FWD,C,nc,133,Johnson,TX133,-97.3663,32.379,Johnson
TX,SJT,C,nc,113,Jones,TX113,-99.8787,32.7399,Jones
TX,EWX,C,sc,222,Karnes,TX222,-97.8594,28.9057,Karnes
TX,FWD,C,nc,121,Kaufman,TX121,-96.2879,32.5996,Kaufman
TX,EWX,C,sc,189,Kendall,TX189,-98.7116,29.9447,Kendall
TX,LUB,C,nw,043,Kent,TX043,-100.7776,33.1814,Kent
TX,EWX,C,sc,186,Kerr,TX186,-99.3501,30.0615,Kerr
TX,SJT,C,sc,169,Kimble,TX169,-99.7487,30.4868,Kimble
TX,LUB,C,nw,038,King,TX038,-100.2558,33.6165,King
TX,OUN,C,nn,087,Knox,TX087,-99.7414,33.6061,Knox
TX,FWD,C,ne,095,Lamar,TX095,-95.5711,33.6671,Lamar
TX,LUB,C,nw,028,Lamb,TX028,-102.3517,34.0686,Lamb
TX,FWD,C,nc,156,Lampasas,TX156,-98.2414,31.1962,Lampasas
TX,CRP,C,so,229,La Salle,TX229,-99.0997,28.3451,La Salle
TX,EWX,C,sc,225,Lavaca,TX225,-96.9301,29.3843,Lavaca
TX,EWX,C,sc,194,Lee,TX194,-96.9657,30.3107,Lee
TX,FWD,C,ne,162,Leon,TX162,-95.9957,31.2965,Leon
TX,HGX,C,se,200,Northern Liberty,TX200,-94.8693,30.2284,Northern Liberty
TX,FWD,C,nc,161,Limestone,TX161,-96.5805,31.5455,Limestone
TX,AMA,C,pa,005,Lipscomb,TX005,-100.2731,36.2777,Lipscomb
TX,CRP,C,so,231,Live Oak,TX231,-98.1248,28.3514,Live Oak
TX,EWX,C,sc,171,Llano,TX171,-98.684,30.7056,Llano
TX,MAF,C,ww,059,Loving,TX059,-103.58,31.8492,Loving
TX,LUB,C,nw,035,Lubbock,TX035,-101.8205,33.6102,Lubbock
TX,LUB,C,nw,041,Lynn,TX041,-101.8161,33.1768,Lynn
TX,SJT,C,nc,154,McCulloch,TX154,-99.3474,31.1989,McCulloch
TX,FWD,C,nc,159,McLennan,TX159,-97.2018,31.5524,McLennan
TX,CRP,C,so,230,McMullen,TX230,-98.5674,28.3491,McMullen
TX,HGX,C,se,176,Madison,TX176,-95.9284,30.9656,Madison
TX,SHV,C,ne,126,Marion,TX126,-94.3572,32.798,Marion
TX,MAF,C,ww,051,Martin,TX051,-101.9512,32.306,Martin
TX,SJT,C,sc,170,Mason,TX170,-99.2261,30.7177,Mason
TX,EWX,C,sc,204,Medina,TX204,-99.1101,29.3557,Medina
TX,SJT,C,sc,168,Menard,TX168,-99.8206,30.8898,Menard
TX,MAF,C,ww,062,Midland,TX062,-102.0316,31.8692,Midland
TX,FWD,C,sc,174,Milam,TX174,-96.9769,30.7863,Milam
TX,FWD,C,nc,142,Mills,TX142,-98.5955,31.4952,Mills
TX,MAF,C,ww,053,Mitchell,TX053,-100.9212,32.3062,Mitchell
TX,FWD,C,nc,091,Montague,TX091,-97.7246,33.6757,Montague
TX,HGX,C,se,199,Montgomery,TX199,-95.503,30.3002,Montgomery
TX,AMA,C,pa,007,Moore,TX007,-101.8929,35.8377,Moore
TX,SHV,C,ne,111,Morris,TX111,-94.7326,33.1135,Morris
TX,LUB,C,nw,031,Motley,TX031,-100.7798,34.0741,Motley
TX,SHV,C,ee,152,Nacogdoches,TX152,-94.6158,31.616,Nacogdoches
TX,FWD,C,nc,146,Navarro,TX146,-96.4724,32.047,Navarro
TX,LCH,C,se,260,Northern Newton,TX260,-93.7287,30.8876,Northern Newton
TX,SJT,C,nw,054,Nolan,TX054,-100.406,32.3035,Nolan
TX,AMA,C,pa,004,Ochiltree,TX004,-100.8156,36.2784,Ochiltree
TX,AMA,C,pa,011,Oldham,TX011,-102.6029,35.405,Oldham
TX,FWD,C,nc,116,Palo Pinto,TX116,-98.313,32.7532,Palo Pinto
TX,SHV,C,ne,151,Panola,TX151,-94.3056,32.1624,Panola
TX,MAF,C,ww,068,Crane,TX068,-102.5155,31.4285,Crane
TX,LUB,C,pa,021,Parmer,TX021,-102.7845,34.5301,Parmer
TX,MAF,C,sw,075,Pecos,TX075,-102.7236,30.7811,Pecos
TX,HGX,C,se,179,Polk,TX179,-94.83,30.7928,Polk
TX,AMA,C,pa,012,Potter,TX012,-101.894,35.4013,Potter
TX,FWD,C,ne,123,Rains,TX123,-95.7934,32.8703,Rains
TX,AMA,C,pa,017,Randall,TX017,-101.9073,34.9669,Randall
TX,MAF,C,ww,070,Reagan,TX070,-101.523,31.3662,Reagan
TX,EWX,C,sc,185,Real,TX185,-99.8221,29.8318,Real
TX,SHV,C,ne,096,Red River,TX096,-95.0504,33.6207,Red River
TX,AMA,C,pa,009,Roberts,TX009,-100.8135,35.8385,Roberts
TX,FWD,C,sc,175,Robertson,TX175,-96.5128,31.027,Robertson
TX,FWD,C,nc,120,Rockwall,TX120,-96.4077,32.8978,Rockwall
TX,SJT,C,sw,066,Runnels,TX066,-99.9762,31.8311,Runnels
TX,SHV,C,ne,150,Rusk,TX150,-94.7618,32.1078,Rusk
TX,SHV,C,ee,167,Sabine,TX167,-93.8518,31.3432,Sabine
TX,SHV,C,ee,166,San Augustine,TX166,-94.1682,31.3943,San Augustine
TX,HGX,C,se,178,San Jacinto,TX178,-95.1669,30.5796,San Jancinto
TX,SJT,C,nc,155,San Saba,TX155,-98.8176,31.1552,San Saba
TX,SJT,C,sw,077,Schleicher,TX077,-100.5385,30.8975,Schleicher
TX,MAF,C,ww,048,Scurry,TX048,-100.9164,32.7463,Scurry
TX,SJT,C,nc,114,Shackelford,TX114,-99.3541,32.736,Shackelford
TX,SHV,C,ee,153,Shelby,TX153,-94.145,31.7924,Shelby
TX,AMA,C,pa,002,Sherman,TX002,-101.8935,36.2777,Sherman
TX,SHV,C,ne,136,Smith,TX136,-95.2692,32.375,Smith
TX,FWD,C,nc,132,Somervell,TX132,-97.7744,32.2223,Somervell
TX,FWD,C,nc,115,Stephens,TX115,-98.8362,32.7359,Stephens
TX,SJT,C,sw,064,Sterling,TX064,-101.05,31.8279,Sterling
TX,LUB,C,nw,044,Stonewall,TX044,-100.2533,33.1791,Stonewall
TX,SJT,C,sw,078,Sutton,TX078,-100.5382,30.4983,Sutton
TX,LUB,C,pa,023,Swisher,TX023,-101.735,34.5304,Swisher
TX,FWD,C,nc,118,Tarrant,TX118,-97.2919,32.7704,Tarrant
TX,SJT,C,nc,127,Taylor,TX127,-99.8901,32.3015,Taylor
TX,LUB,C,nw,040,Terry,TX040,-102.3352,33.1738,Terry
TX,SJT,C,nc,099,Throckmorton,TX099,-99.2124,33.1775,Throckmorton
TX,SHV,C,ne,109,Titus,TX109,-94.9657,33.2166,Titus
TX,SJT,C,sw,072,Tom Green,TX072,-100.4621,31.4044,Tom Green
TX,EWX,C,sc,192,Travis,TX192,-97.7819,30.3347,Travis
TX,HGX,C,se,164,Trinity,TX164,-95.1355,31.0889,Trinity
TX,LCH,C,se,180,Tyler,TX180,-94.3765,30.7713,Tyler
TX,SHV,C,ne,125,Upshur,TX125,-94.9414,32.7363,Upshur
TX,MAF,C,ww,069,Upton,TX069,-102.0431,31.3688,Upton
TX,EWX,C,sc,203,Uvalde,TX203,-99.7622,29.3574,Uvalde
TX,FWD,C,ne,122,Van Zandt,TX122,-95.8365,32.5637,Van Zandt
TX,HGX,C,se,177,Walker,TX177,-95.5722,30.739,Walker
TX,HGX,C,se,212,Waller,TX212,-95.9877,30.011,Waller
TX,MAF,C,ww,067,Ward,TX067,-103.1024,31.5095,Ward
TX,HGX,C,se,197,Washington,TX197,-96.4036,30.2145,Washington
TX,HGX,C,se,226,Wharton,TX226,-96.2221,29.2779,Wharton
TX,AMA,C,pa,015,Wheeler,TX015,-100.2697,35.4013,Wheeler
TX,OUN,C,nn,086,Wichita,TX086,-98.7032,33.988,Wichita
TX,OUN,C,nn,085,Wilbarger,TX085,-99.241,34.0807,Wilbarger
TX,EWX,C,sc,173,Williamson,TX173,-97.6008,30.6481,Williamson
TX,EWX,C,sc,221,Wilson,TX221,-98.0866,29.1741,Wilson
TX,MAF,C,ww,060,Winkler,TX060,-103.0482,31.85,Winkler
TX,FWD,C,nc,102,Wise,TX102,-97.6544,33.2159,Wise
TX,SHV,C,ne,124,Wood,TX124,-95.3821,32.7864,Wood
TX,LUB,C,nw,039,Yoakum,TX039,-102.8278,33.1729,Yoakum
TX,FWD,C,nc,100,Young,TX100,-98.6878,33.1767,Young
TX,EWX,C,sc,218,Zavala,TX218,-99.7606,28.8662,Zavala
TX,AMA,C,pa,020,Collingsworth,TX020,-100.2701,34.9649,Collingsworth
TX,FWD,C,nc,104,Collin,TX104,-96.5724,33.1878,Collin
TX,SJT,C,nc,139,Coleman,TX139,-99.4536,31.7732,Coleman
TX,SJT,C,sw,065,Coke,TX065,-100.5299,31.8885,Coke
TX,LUB,C,nw,033,Cochran,TX033,-102.8285,33.6041,Cochran
TX,OUN,C,nn,090,Clay,TX090,-98.2084,33.7854,Clay
TX,LUB,C,pa,026,Childress,TX026,-100.2076,34.5292,Childress
TX,SHV,C,ne,149,Cherokee,TX149,-95.1652,31.837,Cherokee
TX,LUB,C,pa,022,Castro,TX022,-102.2617,34.53,Castro
TX,SHV,C,ne,112,Cass,TX112,-94.3436,33.0775,Cass
TX,AMA,C,pa,013,Carson,TX013,-101.3542,35.4035,Carson
TX,SHV,C,ne,110,Camp,TX110,-94.9785,32.9732,Camp
TX,SJT,C,nc,128,Callahan,TX128,-99.3735,32.2977,Callahan
TX,EWX,C,sc,208,Caldwell,TX208,-97.62,29.8372,Caldwell
TX,EWX,C,sc,172,Burnet,TX172,-98.1824,30.7883,Burnet
TX,HGX,C,se,195,Burleson,TX195,-96.621,30.4924,Burleson
TX,SJT,C,nc,140,Brown,TX140,-98.9998,31.7743,Brown
TX,LUB,C,pa,024,Briscoe,TX024,-101.2086,34.5303,Briscoe
TX,HGX,C,se,196,Brazos,TX196,-96.3023,30.6611,Brazos
TX,SHV,C,ne,097,Bowie,TX097,-94.4229,33.4454,Bowie
TX,FWD,C,nc,144,Bosque,TX144,-97.6343,31.9004,Bosque
TX,MAF,C,ww,047,Borden,TX047,-101.4317,32.7437,Borden
TX,EWX,C,sc,190,Blanco,TX190,-98.3998,30.2664,Blanco
TX,EWX,C,sc,205,Bexar,TX205,-98.5199,29.4491,Bexar
TX,FWD,C,nc,158,Bell,TX158,-97.4782,31.0377,Bell
TX,CRP,C,so,232,Bee,TX232,-97.7412,28.4174,Bee
TX,OUN,C,nn,088,Baylor,TX088,-99.2135,33.6165,Baylor
TX,EWX,C,sc,193,Bastrop,TX193,-97.3121,30.1036,Bastrop
TX,EWX,C,sc,187,Bandera,TX187,-99.2462,29.7472,Bandera
TX,LUB,C,nw,027,Bailey,TX027,-102.8298,34.0685,Bailey
TX,HGX,C,se,211,Austin,TX211,-96.278,29.887,Austin
TX,EWX,C,sc,220,Atascosa,TX220,-98.5279,28.8907,Atascosa
TX,AMA,C,pa,018,Armstrong,TX018,-101.3574,34.9649,Armstrong
TX,OUN,C,nn,089,Archer,TX089,-98.6877,33.6153,Archer
TX,SHV,C,ee,165,Angelina,TX165,-94.6118,31.2548,Angelina
TX,MAF,C,ww,050,Andrews,TX050,-102.6378,32.305,Andrews
TX,FWD,C,ne,148,Anderson,TX148,-95.6525,31.8134,Anderson
TX,HGX,C,se,210,Colorado,TX210,-96.5263,29.6208,Colorado
TX,LCH,C,se,615,Lower Jefferson,TX615,-94.1248,29.8231,Lower Jefferson
TX,EWX,C,sc,206,Comal,TX206,-98.2781,29.8082,Comal
TX,FWD,C,nc,141,Comanche,TX141,-98.5583,31.948,Comanche
TX,SJT,C,sw,073,Concho,TX073,-99.8639,31.3265,Concho
TX,FWD,C,nc,092,Cooke,TX092,-97.2126,33.6393,Cooke
TX,FWD,C,nc,157,Coryell,TX157,-97.7992,31.3909,Coryell
TX,LUB,C,nw,032,Cottle,TX032,-100.2787,34.0777,Cottle
TX,FWD,C,nc,117,Parker,TX117,-97.8051,32.7777,Parker
VA,LWX,E,cc,057,King George,VA057,-77.1572,38.2729,King George
VA,LWX,E,cc,050,Orange,VA050,-78.0134,38.2463,Orange
VA,RNK,E,sw,032,Patrick,VA032,-80.2843,36.6784,Patrick
VA,MRX,E,sw,006,Russell,VA006,-82.0956,36.9338,Russell
VA,MRX,E,sw,005,Scott,VA005,-82.603,36.7142,Scott
VA,LWX,E,nw,027,Shenandoah,VA027,-78.5704,38.8585,Shenandoah
VA,RNK,E,sw,009,Smyth,VA009,-81.537,36.8439,Smyth
VA,RNK,E,sw,007,Tazewell,VA007,-81.5606,37.125,Tazewell
VA,RNK,E,sw,012,Wythe,VA012,-81.0786,36.9171,Wythe
VA,LWX,E,ww,504,Eastern Highland,VA504,-79.523,38.3315,Eastern Highland
VA,RNK,E,sc,058,Halifax,VA058,-78.9367,36.767,Halifax
VA,RNK,E,sw,015,Grayson,VA015,-81.225,36.6566,Grayson
VA,RNK,E,sw,011,Giles,VA011,-80.7037,37.3141,Giles
VA,RNK,E,wc,033,Franklin,VA033,-79.881,36.9919,Franklin
VA,RNK,E,sw,017,Floyd,VA017,-80.3626,36.9315,Floyd
VA,RLX,E,sw,003,Dickenson,VA003,-82.3503,37.1258,Dickenson
VA,LWX,E,nn,051,Culpeper,VA051,-77.9559,38.4861,Culpeper
VA,RNK,E,sw,018,Craig,VA018,-80.2123,37.4813,Craig
VA,LWX,E,nw,031,Clarke,VA031,-77.9966,39.1122,Clarke
VA,RNK,E,sc,059,Charlotte,VA059,-78.6616,37.0116,Charlotte
VA,RNK,E,cc,047,Buckingham,VA047,-78.5287,37.5722,Buckingham
VA,RLX,E,sw,004,Buchanan,VA004,-82.036,37.2666,Buchanan
VA,RNK,E,wc,023,Botetourt,VA023,-79.8123,37.5571,Botetourt
VA,RNK,E,sw,010,Bland,VA010,-81.1302,37.134,Bland
VA,RNK,E,wc,020,Bath,VA020,-79.7411,38.0587,Bath
VA,RNK,E,cc,046,Appomattox,VA046,-78.8121,37.3722,Appomattox
VA,RNK,E,sw,014,Montgomery,VA014,-80.3913,37.1727,Montgomery
VA,MRX,E,sw,001,Lee,VA001,-83.1285,36.7055,Lee
VI,SJU,V,,002,St Croix,VI002,-64.7677,17.7333,St Croix
VT,ALY,E,ss,013,Bennington,VT013,-73.0929,43.0355,Bennington
WI,MKX,C,se,066,Milwaukee,WI066,-87.9667,43.0071,Milwaukee
WI,ARX,C,cc,044,Adams,WI044,-89.7706,43.9696,Adams
WI,MPX,C,nw,015,Barron,WI015,-91.8484,45.4238,Barron
WI,ARX,C,wc,032,Buffalo,WI032,-91.7545,44.3799,Buffalo
WI,DLH,C,nw,006,Burnett,WI006,-92.3675,45.8627,Burnett
WI,GRB,C,ec,049,Calumet,WI049,-88.218,44.0817,Calumet
WI,MPX,C,wc,027,Chippewa,WI027,-91.2799,45.0694,Chippewa
WI,ARX,C,cc,029,Clark,WI029,-90.6121,44.7347,Clark
WI,MKX,C,sc,057,Columbia,WI057,-89.3338,43.4665,Columbia
WI,ARX,C,sw,054,Crawford,WI054,-90.931,43.2395,Crawford
WI,MKX,C,sc,063,Dane,WI063,-89.4183,43.0674,Dane
WI,MKX,C,se,058,Dodge,WI058,-88.7075,43.4164,Dodge
WI,MPX,C,wc,025,Dunn,WI025,-91.8964,44.9466,Dunn
WI,MPX,C,wc,028,Eau Claire,WI028,-91.2861,44.7268,Eau Claire
WI,GRB,C,ne,012,Florence,WI012,-88.3982,45.8484,Florence
WI,MKX,C,ec,051,Fond Du Lac,WI051,-88.4883,43.7536,Fond Du Lac
WI,GRB,C,ne,011,Forest,WI011,-88.7704,45.6673,Forest
WI,ARX,C,sw,061,Grant,WI061,-90.7062,42.8675,Grant
WI,MKX,C,sc,068,Green,WI068,-89.6022,42.6799,Green
WI,MKX,C,sc,047,Green Lake,WI047,-89.045,43.8003,Green Lake
WI,MKX,C,sc,062,Iowa,WI062,-90.1354,43.0005,Iowa
WI,ARX,C,wc,034,Jackson,WI034,-90.8052,44.3191,Jackson
WI,MKX,C,se,064,Jefferson,WI064,-88.7759,43.0209,Jefferson
WI,ARX,C,cc,043,Juneau,WI043,-90.114,43.9245,Juneau
WI,ARX,C,wc,041,La Crosse,WI041,-91.1152,43.9065,La Crosse
WI,MKX,C,sc,067,Lafayette,WI067,-90.1317,42.6605,Lafayette
WI,GRB,C,nc,019,Langlade,WI019,-89.0719,45.2624,Langlade
WI,GRB,C,nc,018,Lincoln,WI018,-89.7346,45.3375,Lincoln
WI,GRB,C,cc,030,Marathon,WI030,-89.759,44.8983,Marathon
WI,MKX,C,sc,046,Marquette,WI046,-89.3988,43.8196,Marquette
WI,GRB,C,cc,045,Waushara,WI045,-89.2429,44.1131,Waushara
WI,GRB,C,ne,020,Menominee,WI020,-88.71,45.0044,Menominee
WI,ARX,C,wc,042,Monroe,WI042,-90.6179,43.9457,Monroe
WI,GRB,C,nc,010,Oneida,WI010,-89.5217,45.7056,Oneida
WI,GRB,C,ne,038,Outagamie,WI038,-88.4649,44.4161,Outagamie
WI,MPX,C,wc,026,Pepin,WI026,-92.0017,44.5829,Pepin
WI,GRB,C,ne,037,Waupaca,WI037,-88.9648,44.4704,Waupaca
WI,MKX,C,se,065,Waukesha,WI065,-88.3045,43.0181,Waukesha
WI,DLH,C,nw,007,Washburn,WI007,-91.7912,45.8993,Washburn
WI,MKX,C,se,070,Walworth,WI070,-88.5419,42.6685,Walworth
WI,GRB,C,nc,005,Vilas,WI005,-89.5148,46.0529,Vilas
WI,ARX,C,sw,053,Vernon,WI053,-90.8344,43.5939,Vernon
WI,ARX,C,wc,033,Trempealeau,WI033,-91.3585,44.304,Trempealeau
WI,ARX,C,nc,017,Taylor,WI017,-90.5012,45.2115,Taylor
WI,GRB,C,ne,031,Shawano,WI031,-88.7656,44.7892,Shawano
WI,DLH,C,nw,008,Sawyer,WI008,-91.1447,45.88,Sawyer
WI,MKX,C,sc,056,Sauk,WI056,-89.9484,43.4268,Sauk
WI,MPX,C,wc,023,St. Croix,WI023,-92.4528,45.034,St. Croix
WI,MPX,C,nw,016,Rusk,WI016,-91.1331,45.4751,Rusk
WI,MKX,C,sc,069,Rock,WI069,-89.0716,42.6712,Rock
WI,ARX,C,sw,055,Richland,WI055,-90.4295,43.3756,Richland
WI,DLH,C,nc,009,Price,WI009,-90.3614,45.6804,Price
WI,GRB,C,cc,036,Portage,WI036,-89.5015,44.476,Portage
WI,MPX,C,nw,014,Polk,WI014,-92.4414,45.4614,Polk
WI,MPX,C,wc,024,Pierce,WI024,-92.4225,44.7196,Pierce
WI,GRB,C,ec,048,Winnebago,WI048,-88.6446,44.0689,Winnebago
WI,GRB,C,cc,035,Wood,WI035,-90.0416,44.4553,Wood
WI,MKX,C,se,072,Kenosha,WI072,-88.0418,42.5767,Kenosha
WI,MKX,C,se,059,Washington,WI059,-88.2308,43.3684,Washington
WV,RLX,E,ww,014,Putnam,WV014,-81.909,38.5086,Putnam
WV,PBZ,E,nn,512,Eastern Preston,WV512,-79.5903,39.4258,Eastern Preston
WV,RLX,E,nn,010,Pleasants,WV010,-81.1606,39.3709,Pleasants
WV,LWX,E,ee,506,Eastern Pendleton,WV506,-79.2919,38.6434,Eastern Pendleton
WV,PBZ,E,nn,003,Ohio,WV003,-80.6189,40.0969,Ohio
WV,LWX,E,pa,051,Morgan,WV051,-78.2578,39.5604,Morgan
WV,RNK,E,se,044,Monroe,WV044,-80.5505,37.5604,Monroe
WV,PBZ,E,nn,509,Monongalia,WV509,-80.0765,39.6392,Monongalia
WV,RLX,E,ss,024,Mingo,WV024,-82.1346,37.7264,Mingo
WV,RNK,E,se,042,Mercer,WV042,-81.1114,37.4055,Mercer
WV,RLX,E,ww,007,Mason,WV007,-82.0265,38.7697,Mason
WV,PBZ,E,nn,004,Marshall,WV004,-80.6634,39.8606,Marshall
WV,PBZ,E,nn,021,Marion,WV021,-80.2434,39.51,Marion
WV,RLX,E,ss,033,McDowell,WV033,-81.6536,37.3785,McDowell
WV,RLX,E,ss,025,Logan,WV025,-81.9353,37.8316,Logan
WV,RLX,E,cc,013,Lincoln,WV013,-82.0705,38.1753,Lincoln
WV,RLX,E,nn,030,Lewis,WV030,-80.5022,38.9958,Lewis
WV,RLX,E,cc,015,Kanawha,WV015,-81.5281,38.3365,Kanawha
WV,LWX,E,pa,053,Jefferson,WV053,-77.8628,39.3076,Jefferson
WV,RLX,E,nw,008,Jackson,WV008,-81.6748,38.8344,Jackson
WV,RLX,E,nn,031,Harrison,WV031,-80.3798,39.2835,Harrison
WV,LWX,E,ee,055,Hardy,WV055,-78.8579,39.0075,Hardy
WV,PBZ,E,nn,001,Hancock,WV001,-80.5739,40.5213,Hancock
WV,LWX,E,ee,050,Hampshire,WV050,-78.6142,39.3171,Hampshire
WV,RNK,E,se,507,Eastern Greenbrier,WV507,-80.3466,37.8836,Eastern Greenbrier
WV,RLX,E,nc,029,Gilmer,WV029,-80.8571,38.9241,Gilmer
NC,RAH,E,cc,042,Johnston,NC042,-78.3657,35.5176,Johnston
NC,MHX,E,ee,091,Lenoir,NC091,-77.6416,35.2393,Lenoir
NC,RAH,E,cc,078,Wayne,NC078,-78.004,35.3638,Wayne
NC,RAH,E,cc,077,Harnett,NC077,-78.8693,35.3687,Harnett
NC,RAH,E,cc,089,Sampson,NC089,-78.3712,34.9915,Sampson
SC,CAE,E,cc,037,Calhoun,SC037,-80.7802,33.6749,Calhoun
SC,CAE,E,cc,031,Sumter,SC031,-80.3823,33.9162,Sumter
SC,CAE,E,cc,038,Clarendon,SC038,-80.2164,33.6658,Clarendon
LA,SHV,C,nc,006,Union,LA006,-92.3748,32.8319,Union
LA,JAN,C,ne,025,Tensas,LA025,-91.34,32.0016,Tensas
LA,LCH,C,cc,033,St. Landry,LA033,-92.0058,30.5989,St. Landry
LA,SHV,C,nw,017,Sabine,LA017,-93.5547,31.564,Sabine
LA,JAN,C,ne,015,Richland,LA015,-91.7636,32.4177,Richland
LA,SHV,C,nw,011,Red River,LA011,-93.34,32.0933,Red River
LA,LCH,C,cc,028,Rapides,LA028,-92.5332,31.1986,Rapides
LA,SHV,C,nc,014,Ouachita,LA014,-92.1545,32.4785,Ouachita
LA,SHV,C,nw,018,Natchitoches,LA018,-93.0963,31.7236,Natchitoches
LA,JAN,C,ne,007,Morehouse,LA007,-91.8017,32.8205,Morehouse
LA,SHV,C,nc,005,Lincoln,LA005,-92.6647,32.6016,Lincoln
LA,SHV,C,nc,022,La Salle,LA022,-92.1604,31.6767,La Salle
LA,LCH,C,sc,044,Lafayette,LA044,-92.0639,30.2063,Lafayette
LA,SHV,C,nc,013,Jackson,LA013,-92.5577,32.302,Jackson
LA,SHV,C,nc,020,Grant,LA020,-92.5594,31.5997,Grant
LA,JAN,C,ne,023,Franklin,LA023,-91.6738,32.1333,Franklin
LA,LCH,C,cc,032,Evangeline,LA032,-92.4059,30.729,Evangeline
LA,JAN,C,ne,009,East Carroll,LA009,-91.235,32.7325,East Carroll
LA,SHV,C,nw,010,De Soto,LA010,-93.7373,32.0554,De Soto
LA,JAN,C,ne,026,Concordia,LA026,-91.6397,31.4458,Concordia
LA,SHV,C,nw,004,Claiborne,LA004,-92.9957,32.8226,Claiborne
LA,JAN,C,ne,024,Catahoula,LA024,-91.8471,31.6661,Catahoula
LA,SHV,C,nc,021,Caldwell,LA021,-92.1167,32.0922,Caldwell
LA,SHV,C,nw,001,Caddo,LA001,-93.8821,32.5797,Caddo
LA,SHV,C,nw,002,Bossier,LA002,-93.6052,32.6795,Bossier
LA,SHV,C,nw,012,Bienville,LA012,-93.056,32.3472,Bienville
LA,LCH,C,sw,030,Beauregard,LA030,-93.3434,30.6485,Beauregard
LA,LCH,C,sw,031,Allen,LA031,-92.8279,30.6528,Allen
LA,LCH,C,sw,143,Northern Acadia,LA143,-92.4024,30.3309,Northern Acadia
LA,JAN,C,ne,016,Madison,LA016,-91.2427,32.3643,Madison
LA,SHV,C,nw,003,Webster,LA003,-93.335,32.7135,Webster
LA,JAN,C,ne,008,West Carroll,LA008,-91.4567,32.7885,West Carroll
LA,SHV,C,nc,019,Winn,LA019,-92.6368,31.9442,Winn
LA,LCH,C,wc,027,Vernon,LA027,-93.1842,31.1083,Vernon
LA,LCH,C,cc,029,Avoyelles,LA029,-92.0013,31.0762,Avoyelles
FL,JAX,E,ne,232,Western Clay,FL232,-81.8881,29.9783,Western Clay
FL,TAE,C,pa,013,Calhoun,FL013,-85.1972,30.4061,Calhoun
FL,JAX,E,nn,031,Bradford,FL031,-82.1689,29.9502,Bradford
FL,JAX,E,ne,023,Baker,FL023,-82.2846,30.331,Baker
FL,JAX,E,nn,136,Eastern Alachua,FL136,-82.2664,29.6896,Eastern Alachua
FL,JAX,E,ne,237,Western Putnam,FL237,-81.8502,29.6558,Western Putnam
FL,MLB,E,ec,046,Seminole,FL046,-81.2362,28.717,Seminole
FL,TAE,E,bb,034,Inland Dixie,FL034,-83.1235,29.6711,Inland Dixie
FL,JAX,E,nn,522,Southwestern Columbia,FL522,-82.7012,30.0264,Southwestern Columbia
FL,TBW,E,sc,061,DeSoto,FL061,-81.8093,27.1863,De Soto
FL,MFL,E,ss,066,Hendry,FL066,-81.1719,26.5473,Hendry
FL,JAX,E,nn,035,Gilchrist,FL035,-82.8006,29.7259,Gilchrist
FL,JAX,E,nn,120,Eastern Hamilton,FL120,-82.8552,30.4942,Eastern Hamilton
FL,TBW,E,cc,056,Hardee,FL056,-81.8099,27.4927,Hardee
FL,TAE,C,pa,009,Holmes,FL009,-85.8143,30.8679,Holmes
FL,TBW,E,sc,057,Highlands,FL057,-81.341,27.3434,Highlands
FL,TAE,E,bb,029,Lafayette,FL029,-83.1811,29.9855,Lafayette
FL,TAE,E,bb,017,Leon,FL017,-84.2778,30.4581,Leon
FL,MLB,E,ec,045,Orange,FL045,-81.3238,28.5148,Orange
FL,MLB,E,ec,053,Osceola,FL053,-81.1496,28.0627,Osceola
FL,TBW,E,cc,052,Polk,FL052,-81.6978,27.9489,Polk
FL,TBW,E,cc,043,Sumter,FL043,-82.081,28.7046,Sumter
FL,JAX,E,nn,021,Suwannee,FL021,-82.9915,30.1956,Suwannee
FL,JAX,E,nn,030,Union,FL030,-82.3714,30.0439,Union
FL,TAE,E,bb,019,Madison,FL019,-83.47,30.4441,Madison
FL,KEY,E,,078,Monroe Lower Keys,FL078,-81.5526,24.6514,Monroe/Lower Keys
FL,TAE,E,bb,028,Inland Taylor,FL028,-83.5767,30.0954,Inland Taylor
FL,KEY,E,,077,Monroe Middle Keys,FL077,-80.9875,24.7471,Monroe/Middle Keys
FL,MLB,E,ec,058,Okeechobee,FL058,-80.9015,27.4283,Okeechobee
FL,MFL,E,ss,063,Glades,FL063,-81.2397,26.9605,Glades
PA,CTP,E,cc,052,Northumberland,PA052,-76.7091,40.852,Northumberland
PA,PHI,E,se,070,Delaware,PA070,-75.3991,39.9166,Delaware
NJ,PHI,E,ss,017,Gloucester,NJ017,-75.1419,39.7173,Gloucester
MA,BOX,E,ne,005,Central Middlesex County,MA005,-71.3797,42.4633,Central Middlesex County
FL,JAX,E,nn,240,Central Marion,FL240,-82.0497,29.2233,Central Marion
ME,GYX,E,sw,020,Androscoggin,ME020,-70.2045,44.1654,Androscoggin
IL,LOT,C,ne,006,Lake,IL006,-88.0036,42.3231,Lake
LA,LCH,C,sw,142,Northern Jefferson Davis,LA142,-92.8227,30.3481,Northern Jefferson Davis
AZ,FGZ,m,ec,018,Northern Gila County,AZ018,-110.9225,34.0401,Northern Gila County
AZ,TWC,m,sc,501,Western Pima County Including Ajo/Organ Pipe Cactus National Monument,AZ501,-112.9766,32.2167,Western Pima County Including Aj
AZ,TWC,m,sc,505,South Central Pinal County including Eloy/Picacho Peak State Park,AZ505,-111.3393,32.7452,South Central Pinal County inclu
AZ,VEF,m,nw,576,Northwest Deserts,AZ576,-113.8469,35.1924,Northwest Deserts
AZ,VEF,m,nw,570,Lake Mead - AZ side,AZ570,-114.1643,36.1004,Lake Mead National Recreation Ar
AZ,FGZ,m,wc,037,Yavapai County Valleys and Basins,AZ037,-112.5126,34.4302,Yavapai County Valleys and Basin
AZ,FGZ,m,wc,008,Yavapai County Mountains,AZ008,-112.6554,34.8361,Yavapai County Mountains
AZ,FGZ,Mm,nc,007,Coconino Plateau,AZ007,-112.5569,35.7341,Coconino Plateau
AZ,FGZ,m,nc,004,Kaibab Plateau,AZ004,-112.2018,36.6514,Kaibab Plateau
AZ,FGZ,Mm,nc,005,Marble and Glen Canyons,AZ005,-111.6681,36.7777,Marble and Glen Canyons
AZ,FGZ,m,nc,006,Grand Canyon Country,AZ006,-112.3183,36.184,Grand Canyon Country
AZ,FGZ,m,nc,015,Western Mogollon Rim,AZ015,-111.7689,35.2296,Western Mogollon Rim
AZ,FGZ,Mm,ne,013,Little Colorado River Valley in Navajo County,AZ013,-110.3127,34.844,Little Colorado River Valley in
AZ,FGZ,Mm,ne,011,Chuska Mountains and Defiance Plateau,AZ011,-109.2344,35.8693,Chuska Mountains and Defiance Pl
AZ,FGZ,Mm,ne,014,Little Colorado River Valley in Apache County,AZ014,-109.4198,34.5768,Little Colorado River Valley in
CA,REV,P,cc,073,Mono,CA073,-118.8867,37.939,Mono
CA,MFR,P,nn,083,North Central and Southeast Siskiyou County,CA083,-121.8968,41.5425,North Central and Southeast Sisk
CA,MFR,P,nn,082,South Central Siskiyou County,CA082,-122.1846,41.2704,South Central Siskiyou County
CA,MFR,P,nn,085,Modoc County,CA085,-120.7585,41.5611,Modoc County
CA,REV,P,nn,070,Surprise Valley California,CA070,-120.0862,41.6116,Surprise Valley California
CA,VEF,P,ss,523,Western Mojave Desert,CA523,-117.0005,35.3053,Western Mojave Desert
CA,VEF,P,ss,524,"Eastern Mojave Desert, Including the Mojave National Preserve",CA524,-115.7069,35.1398,"Eastern Mojave Desert, Including"
CA,VEF,P,ss,525,Morongo Basin,CA525,-116.0948,34.3424,Morongo Basin
CA,VEF,P,ss,526,Cadiz Basin,CA526,-115.0956,34.3849,Cadiz Basin
CA,VEF,P,ss,527,San Bernardino County-Upper Colorado River Valley,CA527,-114.5011,34.4988,San Bernadino County-Upper Color
CA,VEF,P,ee,519,Eastern Sierra Slopes of Inyo County,CA519,-118.341,36.8269,Eastern Sierra Slopes of Inyo Co
CA,VEF,P,ee,581,Owens Valley South,CA581,-117.8334,36.1393,Owens Valley South
CA,VEF,P,ee,521,White Mountains of Inyo County,CA521,-118.0388,37.0104,White Mountains of Inyo County
CA,VEF,P,ee,522,Death Valley National Park,CA522,-117.1006,36.4199,Death Valley National Park
CO,BOU,M,ne,043,Central and South Weld County,CO043,-104.5924,40.2668,Central and South Weld County
CO,BOU,M,ne,042,Northeast Weld County,CO042,-104.0025,40.7427,Northeast Weld County
CO,BOU,M,cc,037,Central and Southeast Park County,CO037,-105.6737,38.9846,Central and Southeast Park Count
CO,GJT,M,sw,023,San Juan River Basin,CO023,-107.2004,37.1383,San Juan River Basin
CO,GJT,M,nw,005,Upper Yampa River Basin,CO005,-106.9616,40.3902,Upper Yampa River Basin
CO,BOU,M,nc,030,Jackson County Below 9000 Feet,CO030,-106.309,40.6766,Jackson County Below 9000 Feet
CO,GJT,M,sw,022,Animas River Basin,CO022,-107.8775,37.1488,Animas River Basin
CO,PUB,M,se,086,Pueblo Vicinity/Pueblo County Below 6300 Feet,CO086,-104.4872,38.1821,Pueblo Vicinity/Pueblo County Be
CO,PUB,M,se,087,Walsenburg Vicinity/Upper Huerfano River Basin Below 7500 Ft,CO087,-104.8578,37.6899,Walsenburg Vicinity/Upper Huerfa
CO,PUB,M,cc,058,Western Mosquito Range/East Lake County Above 11000 Ft,CO058,-106.2141,39.2545,Western Mosquito Range/East Lake
CO,PUB,M,cc,064,Saguache County West of Continental Divide Below 10000 Ft,CO064,-106.7044,38.3063,Saguache County West of Continen
CO,PUB,M,cc,076,Northwestern Fremont County  Above 8500Ft,CO076,-105.6475,38.6012,Northwestern Fremont County  Abo
CO,PUB,M,cc,077,Western/Central Fremont County Below 8500 Ft,CO077,-105.5558,38.4248,Western/Central Fremont County B
CO,PUB,M,cc,061,Western Chaffee County Between 9000 and 11000 Ft,CO061,-106.2559,38.7415,Western Chaffee County Between 9
CO,PUB,M,cc,063,Western Mosquito Range/East Chaffee County above 9000Ft,CO063,-106.0253,38.8243,Western Mosquito Range/East Chaf
CO,PUB,M,cc,062,Central Chaffee County Below 9000 Ft,CO062,-106.0928,38.6873,Central Chaffee County Below 900
CO,PUB,M,ec,084,Northern El Paso County/Monument Ridge/Rampart Range Below 7500 Ft,CO084,-104.4498,39.0125,Northern El Paso County/Monument
CO,PUB,M,ec,085,Colorado Springs Vicinity/Southern El Paso County/Rampart Range Below 7400 Ft,CO085,-104.5034,38.7125,Colorado Springs Vicinity/Southe
CO,PUB,M,se,096,Eastern Kiowa County,CO096,-102.3891,38.4414,Eastern Kiowa County
CO,PUB,M,se,095,Western Kiowa County,CO095,-103.0919,38.424,Western Kiowa County
CO,PUB,M,se,088,Trinidad Vicinity/Western Las Animas County Below 7500 Ft,CO088,-104.3935,37.3538,Trinidad Vicinity/Western Las An
CO,PUB,M,se,094,Eastern Las Animas County,CO094,-103.5645,37.3221,Eastern Las Animas County
CT,ALY,E,nn,001,Northern Litchfield,CT001,-73.2502,41.8851,Northern Litchfield
CT,ALY,E,nn,013,Southern Litchfield,CT013,-73.2368,41.6344,Southern Litchfield
GA,FFC,E,nc,033,North Fulton,GA033,-84.3557,33.935,North Fulton
GA,FFC,E,nc,044,South Fulton,GA044,-84.6065,33.6085,South Fulton
ID,BOI,M,sw,029,Owyhee Mountains,ID029,-116.7748,42.9538,Owyhee Mountains
ID,BOI,M,sw,015,Southwest Highlands,ID015,-116.0477,42.3439,Southwest Highlands
ID,MSO,MP,cc,006,Southern Clearwater Mountains,ID006,-115.2666,45.8352,Southern Clearwater Mountains
ID,MSO,MP,cc,008,Lower Hells Canyon/Salmon River Region,ID008,-116.4493,45.6641,Lower Hells Canyon/Salmon River
ID,MSO,P,nc,005,Northern Clearwater Mountains,ID005,-115.5769,46.7138,Northern Clearwater Mountains
ID,OTX,P,nc,026,Lewiston Area,ID026,-116.7031,46.4507,Lewiston Area
ID,OTX,P,pa,002,Coeur d'Alene Area,ID002,-116.8182,47.6003,Coeur d'Alene Area
ID,MSO,M,ec,009,Western Lemhi County,ID009,-114.3901,45.1209,Western Lemhi County
ID,BOI,M,sc,030,Southern Twin  Falls County,ID030,-114.6784,42.2255,Southern Twin  Falls County
MA,BOX,E,cc,012,Southern Worcester,MA012,-71.7709,42.1513,Southern Worcester
MA,BOX,E,cc,004,Northern Worcester,MA004,-71.9778,42.4539,Northern Worcester
MA,BOX,E,ne,026,Northwest Middlesex County,MA026,-71.6599,42.6387,Northwest Middlesex County
MA,BOX,E,ne,014,Southeast Middlesex,MA014,-71.1571,42.4194,Southeast Middlesex
MA,ALY,E,ww,025,Southern Berkshire,MA025,-73.2511,42.2158,Southern Berkshire
MA,ALY,E,ww,001,Northern Berkshire,MA001,-73.1518,42.56,Northern Berkshire
MA,BOX,E,ww,002,Western Franklin,MA002,-72.7907,42.6171,Western Franklin
MA,BOX,E,ww,003,Eastern Franklin,MA003,-72.4514,42.5591,Eastern Franklin
MA,BOX,E,ww,008,Western Hampshire,MA008,-72.8687,42.3891,Western Hampshire
MA,BOX,E,ww,010,Eastern Hampshire,MA010,-72.5147,42.3044,Eastern Hampshire
MA,BOX,E,ee,013,Western Norfolk,MA013,-71.2658,42.1423,Western Norfolk
MD,LWX,E,nc,005,Carroll,MD005,-77.0228,39.5631,Carroll
ME,CAR,E,nc,010,Central Piscataquis,ME010,-69.4281,45.5609,Central Piscataquis
ME,CAR,E,nc,004,Northern Piscataquis,ME004,-69.24,46.1825,Northern Piscataquis
ME,CAR,E,wc,003,Northern Somerset,ME003,-69.9716,46.2366,Northern Somerset
ME,CAR,E,nn,002,Northeast Aroostook,ME002,-68.2182,46.7264,Northeast Aroostook
ME,CAR,E,nn,006,Southeast Aroostook,ME006,-68.1173,46.0032,Southeast Aroostook
ME,CAR,E,nn,001,Northwest Aroostook,ME001,-69.1077,46.948,Northwest Aroostook
ME,GYX,E,ww,012,Southern Oxford,ME012,-70.6709,44.2631,Southern Oxford
ME,CAR,E,ec,011,Central Penobscot,ME011,-68.4069,45.3901,Central Penobscot
ME,CAR,E,ec,005,Northern Penobscot,ME005,-68.6456,45.9454,Northern Penobscot
MI,MQT,E,er,085,Northern Schoolcraft,MI085,-86.2069,46.3325,Northern Schoolcraft
MN,DLH,C,nc,025,North Cass,MN025,-94.2344,47.1039,North Cass
MN,DLH,C,nc,033,South Cass,MN033,-94.5522,46.5646,South Cass
MN,DLH,C,ec,036,South Aitkin,MN036,-93.4126,46.4095,South Aitkin
MN,DLH,C,nc,018,North Itasca,MN018,-93.7298,47.6644,North Itasca
MN,DLH,C,nc,026,South Itasca,MN026,-93.4741,47.2596,South Itasca
MN,FGF,C,nc,009,North Beltrami,MN009,-95.0124,48.1627,North Beltrami
MN,FGF,C,nc,017,South Beltrami,MN017,-94.8022,47.6313,South Beltrami
MN,FGF,C,wc,031,East Otter Tail,MN031,-95.4624,46.4109,East Otter Tail
MN,FGF,C,wc,030,West Otter Tail,MN030,-96.0176,46.4061,West Otter Tail
MN,FGF,C,nw,028,East Becker,MN028,-95.4143,46.9334,East Becker
MN,FGF,C,nw,027,West Becker,MN027,-95.9229,46.9358,West Becker
MN,FGF,C,nw,023,South Clearwater,MN023,-95.3643,47.3228,South Clearwater
MN,FGF,C,nw,016,North Clearwater,MN016,-95.3891,47.752,North Clearwater
MN,FGF,C,nw,015,East Polk,MN015,-95.918,47.6577,East Polk
MN,FGF,C,nw,001,West Polk,MN001,-96.7048,47.8466,West Polk
MN,FGF,C,nw,008,East Marshall,MN008,-95.9961,48.3571,East Marshall
MT,GGW,M,ne,016,Central and Southeast Phillips,MT016,-107.8379,48.1191,Central and Southeast Phillips
MT,GGW,M,ne,060,Southwest Phillips,MT060,-108.4872,47.8159,Southwest Phillips
MT,GGW,M,ne,059,Northern Phillips,MT059,-107.7403,48.7814,Northern Phillips
MT,GGW,M,ne,020,Western Roosevelt,MT020,-105.4045,48.3139,Western Roosevelt
MT,GGW,M,ne,062,Eastern Roosevelt,MT062,-104.5328,48.2705,Eastern Roosevelt
MT,GGW,M,ne,061,Northern Valley,MT061,-106.6331,48.7789,Northern Valley
MT,GGW,M,ne,017,Central and Southern Valley,MT017,-106.6828,48.1821,Central and Southern Valley
NC,GSP,E,ww,506,Eastern McDowell,NC506,-81.9458,35.6327,Eastern McDowell
NC,GSP,E,ww,505,McDowell Mountains,NC505,-82.1054,35.7082,McDowell Mountains
NC,GSP,E,ww,509,Polk Mountains,NC509,-82.293,35.2856,Polk Mountains
NC,GSP,E,ww,510,Eastern Polk,NC510,-82.1356,35.2776,Eastern Polk
NC,GSP,E,ww,507,Rutherford Mountains,NC507,-82.193,35.465,Rutherford Mountains
NC,GSP,E,ww,508,Greater Rutherford,NC508,-81.8892,35.3952,Greater Rutherford
NC,GSP,E,ww,063,Southern Jackson,NC063,-83.0799,35.1614,Southern Jackson
NC,GSP,E,ww,059,Northern Jackson,NC059,-83.1778,35.3638,Northern Jackson
NC,GSP,E,ww,502,Greater Caldwell,NC502,-81.4832,35.9012,Greater Caldwell
NC,GSP,E,ww,501,Caldwell Mountains,NC501,-81.6408,36.0301,Caldwell Mountains
NC,GSP,E,ww,504,Greater Burke,NC504,-81.6652,35.7148,Greater Burke
NC,GSP,E,ww,503,Burke Mountains,NC503,-81.862,35.8886,Burke Mountains
ND,BIS,CM,nw,017,McKenzie,ND017,-103.3953,47.7402,McKenzie
ND,BIS,CM,sw,018,Dunn,ND018,-102.6183,47.3568,Dunn
ND,FGF,C,ne,016,Eastern Walsh County,ND016,-97.4998,48.3683,Eastern Walsh County
ND,FGF,C,ne,054,Western Walsh County,ND054,-98.0841,48.3713,Western Walsh County
ND,BIS,C,sc,062,Eastern Sioux,ND062,-100.7907,46.166,Sioux
NE,CYS,M,pa,095,North Sioux,NE095,-103.7719,42.7142,North Sioux
NE,CYS,M,pa,096,South Sioux,NE096,-103.7432,42.2153,South Sioux
NE,LBF,C,nc,005,Eastern Cherry,NE005,-100.5076,42.5577,Eastern Cherry
NE,LBF,MC,nc,094,Western Cherry,NE094,-101.4432,42.5381,Western Cherry
NH,GYX,E,nn,006,Southern Carroll,NH006,-71.2178,43.7506,Southern Carroll
NH,GYX,E,ss,012,Eastern Hillsborough,NH012,-71.4574,42.8448,Eastern Hillsborough
NJ,PHI,E,ss,019,Northwestern Burlington,NJ019,-74.7572,39.985,Northwestern Burlington
NM,MAF,M,se,034,Southern Lea County,NM034,-103.3937,32.2502,Southern Lea County
NM,MAF,M,se,029,Northern Lea County,NM029,-103.4057,33.282,Northern Lea County
NM,MAF,M,se,033,Central Lea County,NM033,-103.4363,32.7504,Central Lea County
NV,LKN,P,ne,039,South Central Elko County,NV039,-114.8566,40.5796,South-central Elko
NV,LKN,P,ne,031,Northern Elko County,NV031,-115.5974,41.5447,Northern Elko County
NV,LKN,P,ne,033,Southeastern Elko County,NV033,-114.2331,40.6482,Extreme Eastern Elko County
NV,LKN,P,ee,035,White Pine County,NV035,-114.8971,39.4382,White Pine County
NV,VEF,P,ss,020,Las Vegas Valley,NV020,-115.1712,36.1435,Las Vegas Valley
NV,VEF,P,ss,025,Lake Mead - NV side,NV025,-114.5111,36.2015,Lake Mead National Recreation Ar
NV,VEF,P,ss,022,Southern Clark County,NV022,-115.0222,35.5358,Southern Clark County
NV,REV,P,ww,005,Northern Washoe County,NV005,-119.6686,41.1126,Northern Washoe County
NV,LKN,P,sc,041,Northeastern Nye County,NV041,-115.8689,38.5497,Northeastern Nye County
NV,VEF,P,sc,015,Lincoln County,NV015,-114.8708,37.6577,Lincoln County
NY,ALY,E,ec,084,Southern Washington,NY084,-73.436,43.1564,Southern Washington
NY,ALY,E,ec,043,Northern Washington,NY043,-73.4239,43.5196,Northern Washington
NY,ALY,E,ec,042,Northern Warren,NY042,-73.8646,43.5976,Northern Warren
NY,ALY,E,ec,083,Southeast Warren,NY083,-73.7376,43.3468,Southeast Warren
NY,ALY,E,ee,039,Southern Fulton,NY039,-74.4213,43.0404,Southern Fulton
NY,ALY,E,ee,082,Northern Fulton,NY082,-74.4228,43.1615,Northern Fulton
NY,BGM,E,cc,017,Southern Cayuga,NY017,-76.5302,42.8012,Southern Cayuga
NY,BGM,E,cc,009,Northern Oneida,NY009,-75.4692,43.3813,Northern Oneida
NY,BGM,E,cc,037,Southern Oneida,NY037,-75.4068,43.12,Southern Oneida
NY,ALY,E,ee,032,Northern Herkimer,NY032,-74.9693,43.7111,Northern Herkimer
NY,ALY,E,ee,038,Southern Herkimer,NY038,-74.9549,43.0923,Southern Herkimer
NY,ALY,E,ec,048,Western Schenectady,NY048,-74.1561,42.79,Western Schenectady
NY,ALY,E,ec,049,Eastern Schenectady,NY049,-73.9758,42.8421,Eastern Schenectady
NY,ALY,E,ec,051,Western Albany,NY051,-74.125,42.5646,Western Albany
NY,ALY,E,ec,052,Eastern Albany,NY052,-73.8796,42.6223,Eastern Albany
NY,ALY,E,ec,059,Eastern Greene,NY059,-73.9147,42.312,Eastern Greene
NY,ALY,E,ec,058,Western Greene,NY058,-74.2376,42.257,Western Greene
NY,ALY,E,ec,063,Western Ulster,NY063,-74.3795,41.9216,Western Ulster
NY,ALY,E,ec,064,Eastern Ulster,NY064,-74.0616,41.8336,Eastern Ulster
NY,ALY,E,ec,065,Western Dutchess,NY065,-73.8457,41.7716,Western Dutchess
NY,ALY,E,ec,066,Eastern Dutchess,NY066,-73.6193,41.7574,Eastern Dutchess
NY,ALY,E,ec,060,Western Columbia,NY060,-73.733,42.2451,Western Columbia
NY,ALY,E,ec,061,Eastern Columbia,NY061,-73.536,42.2548,Eastern Columbia
NY,ALY,E,ec,054,Eastern Rensselaer,NY054,-73.4058,42.7167,Eastern Rensselaer
NY,ALY,E,ec,053,Western Rensselaer,NY053,-73.6159,42.7053,Western Rensselaer
NY,ALY,E,ec,050,Southern Saratoga,NY050,-73.8768,42.9413,Southern Saratoga
NY,ALY,E,ec,041,Northern Saratoga,NY041,-73.8582,43.1808,Northern Saratoga
OH,CLE,E,ne,014,Ashtabula Inland,OH014,-80.743,41.6796,Ashtabula Inland
OR,BOI,MP,se,063,Malheur County,OR063,-117.6604,43.123,Malheur County
OR,BOI,MP,se,064,Oregon Lower Treasure Valley,OR064,-117.1835,44.0233,Oregon Lower Treasure Valley
OR,MFR,P,sw,025,Eastern Douglas County Foothills,OR025,-122.7091,43.2383,Eastern Douglas County Foothills
OR,MFR,P,sc,029,Klamath Basin,OR029,-121.7222,42.3506,Klamath Basin
OR,MFR,P,sc,031,Central and Eastern Lake County,OR031,-120.2507,42.8105,Central and Eastern Lake County
OR,PDT,P,ne,507,Foothills of the Northern Blue Mountains of Oregon,OR507,-118.7135,45.7238,Foothills of the Northern Blue M
PA,CTP,E,cc,019,Southern Centre,PA019,-77.7022,40.8739,Southern Centre
PA,CTP,E,cc,018,Northern Centre,PA018,-78.0032,40.9895,Northern Centre
PA,CTP,E,nc,046,Southern Lycoming,PA046,-76.9159,41.2287,Southern Lycoming
PA,CTP,E,nc,041,Northern Lycoming,PA041,-77.1724,41.4265,Northern Lycoming
PA,BGM,E,ne,072,Southern Wayne,PA072,-75.3213,41.4763,Southern Wayne
PA,BGM,E,ne,040,Northern Wayne,PA040,-75.2898,41.7773,Northern Wayne
PA,CLE,E,nw,002,Southern Erie,PA002,-80.014,41.97,Southern Erie
PA,CTP,E,nc,045,Southern Clinton,PA045,-77.3821,41.0789,Southern Clinton
PA,CTP,E,nc,012,Northern Clinton,PA012,-77.7332,41.2914,Northern Clinton
RI,BOX,E,,001,Northwest Providence,RI001,-71.6203,41.8908,Northwest Providence
RI,BOX,E,,008,Block Island,RI008,-71.5785,41.1779,Block Island
SD,ABR,CM,cc,033,Stanley,SD033,-100.7359,44.4123,Stanley
TN,MRX,E,ea,086,Northwest Monroe,TN086,-84.3095,35.4861,Northwest Monroe
TN,MRX,E,ea,087,Southeast Monroe,TN087,-84.1353,35.353,Southeast Monroe
TN,MRX,E,ea,040,Northwest Cocke,TN040,-83.1536,35.9835,Northwest Cocke
TN,MRX,E,ea,041,Cocke Smoky Mountains,TN041,-83.0743,35.8417,Cocke Smoky Mountains
TN,MRX,E,ea,073,North Sevier,TN073,-83.5572,35.8471,North Sevier
TN,MRX,E,ea,074,Sevier Smoky Mountains,TN074,-83.466,35.6746,Sevier Smoky Mountains
TN,MRX,E,ea,047,Southeast Carter,TN047,-82.099,36.2304,Southeast Carter
TN,MRX,E,ea,046,Northwest Carter,TN046,-82.1633,36.3716,Northwest Carter
TN,MRX,E,ea,043,Southeast Greene,TN043,-82.798,36.0126,Southeast Greene
TN,MRX,E,ea,042,Northwest Greene,TN042,-82.8533,36.2009,Northwest Greene
TN,MRX,E,ea,071,NW Blount,TN071,-83.9604,35.7251,NW Blount
TN,MRX,E,ea,072,Blount Smoky Mountains,TN072,-83.8315,35.5851,Blount Smoky Mountains
TN,MRX,E,ea,102,East Polk,TN102,-84.4114,35.0855,East Polk
TN,MRX,E,ea,101,West Polk,TN101,-84.5937,35.1416,West Polk
UT,GJT,M,se,029,Canyonlands/Natural Bridges,UT029,-110.0067,37.8442,Canyonlands/Natural Bridges
UT,GJT,M,se,022,Southeast Utah,UT022,-109.6517,37.2729,Southeast Utah
UT,GJT,M,ec,027,Arches/Grand Flat,UT027,-109.5569,38.8576,Arches/Grand Flat
UT,GJT,M,ne,024,Eastern Uinta Basin,UT024,-109.538,40.2152,Eastern Uinta Basin
VA,LWX,E,nn,501,Northern Fauquier,VA501,-77.8851,38.854,Northern Fauquier
VA,LWX,E,nn,502,Southern Fauquier,VA502,-77.7154,38.5953,Southern Fauquier
VT,BTV,E,ss,011,Western Rutland,VT011,-73.1398,43.5856,Western Rutland
VT,BTV,E,ss,019,Eastern Rutland,VT019,-72.8735,43.5713,Eastern Rutland
VT,ALY,E,ss,014,Western Windham,VT014,-72.7867,43.0015,Western Windham
VT,ALY,E,ss,015,Eastern Windham,VT015,-72.5583,42.9675,Eastern Windham
WI,GRB,C,ne,021,Northern Oconto County,WI021,-88.4257,45.2006,Northern Oconto County
WI,GRB,C,ne,013,Northern Marinette County,WI013,-88.109,45.5512,Northern Marinette County
WY,RIW,M,cc,017,Wind River Basin,WY017,-108.2754,43.1357,Wind River Basin
WY,RIW,M,cc,018,Lander Foothills,WY018,-108.6388,42.797,Lander Foothills
WY,RIW,M,cc,016,Upper Wind River Basin,WY016,-109.339,43.4505,Upper Wind River Basin
WY,RIW,M,sc,029,Flaming Gorge,WY029,-109.4375,41.2424,Flaming Gorge
WY,RIW,M,sc,028,Rock Springs and Green River,WY028,-109.6723,41.5579,Rock Springs and Green River
WY,RIW,M,sc,030,East Sweetwater County,WY030,-108.4192,41.5802,East Sweetwater County
WY,RIW,M,cc,020,Natrona County Lower Elevations,WY020,-106.6783,43.066,Natrona County Lower Elevations
WY,RIW,M,wc,027,South Lincoln County,WY027,-110.5572,41.8212,South Lincoln County
WY,RIW,M,wc,023,Star Valley,WY023,-110.982,42.8634,Star Valley
WY,RIW,M,wc,025,Upper Green River Basin Foothills,WY025,-110.0392,42.9803,Upper Green River Basin Foothill
WY,RIW,M,nw,003,Cody Foothills,WY003,-109.0463,44.4594,Cody Foothills
WY,RIW,M,cc,005,Southwest Bighorn Basin,WY005,-108.2779,43.7774,Southwest Bighorn Basin
WY,RIW,M,nc,006,Southeast Bighorn Basin,WY006,-107.8197,43.9423,Southeast Bighorn Basin
WY,RIW,M,nc,010,Northeast Johnson County,WY010,-106.4299,44.368,Northeast Johnson County
WY,RIW,M,nc,011,Southeast Johnson County,WY011,-106.4368,43.8206,Southeast Johnson County
WY,CYS,M,sc,109,Central Carbon County,WY109,-107.103,41.8204,Central Carbon County
WY,CYS,M,sc,104,Ferris/Seminoe/Shirley Mountains,WY104,-106.878,42.2707,Ferris/Seminoe/Shirley Mountains
WY,CYS,M,sc,113,Upper North Platte River Basin,WY113,-106.7713,41.3867,Upper North Platte River Basin
WY,CYS,M,sc,111,Southwest Carbon County,WY111,-107.7097,41.2862,Southwest Carbon County
WY,CYS,M,sc,112,Sierra Madre Range,WY112,-107.099,41.1695,Sierra Madre Range
WY,CYS,M,se,115,Laramie Valley,WY115,-105.7614,41.4005,Laramie Valley
WY,CYS,M,ec,101,Converse County Lower Elevations,WY101,-105.4593,43.074,Converse County Lower Elevations
WY,CYS,M,se,118,Central Laramie County,WY118,-104.6546,41.3277,Central Laramie County
WY,CYS,M,se,119,East Laramie County,WY119,-104.2337,41.2851,East Laramie County
MD,LWX,E,ww,501,Extreme Western Allegany,MD501,-78.9284,39.6015,Extreme Western Allegany
MD,LWX,E,ww,502,Central and Eastern Allegany,MD502,-78.597,39.6304,Central and Eastern Allegany
WV,LWX,E,ee,503,Western Mineral,WV503,-79.1158,39.3868,Western Mineral
WV,LWX,E,ee,504,Eastern Mineral,WV504,-78.8873,39.4239,Eastern Mineral
MA,BOX,E,ne,006,Western Essex,MA006,-71.0659,42.7153,Western Essex
MA,BOX,E,se,018,Western Plymouth,MA018,-70.8932,41.9679,Western Plymouth
MA,BOX,E,ww,011,Eastern Hampden,MA011,-72.493,42.1202,Eastern Hampden
MA,BOX,E,ww,009,Western Hampden,MA009,-72.9334,42.1675,Western Hampden
RI,BOX,E,,003,Western Kent,RI003,-71.6637,41.6644,Western Kent
LA,LCH,C,sc,045,Upper St. Martin,LA045,-91.7267,30.2282,Upper St. Martin
LA,LCH,C,sc,055,Lower St. Martin,LA055,-91.2705,29.8466,Lower St. Martin
NH,GYX,E,ss,013,Interior Rockingham,NH013,-71.1814,42.9852,Interior Rockingham
FL,MLB,E,ec,144,Southern Lake County,FL144,-81.8061,28.5634,Southern Lake County
FL,MLB,E,ec,044,Northern Lake County,FL044,-81.6301,28.9313,Northern Lake County
FL,TAE,C,pa,007,North Walton,FL007,-86.2133,30.8499,North Walton
FL,MOB,C,nw,205,Okaloosa Inland,FL205,-86.5993,30.7459,Okaloosa Inland
FL,MOB,C,nw,203,Santa Rosa Inland,FL203,-87.0179,30.77,Santa Rosa Inland
FL,MOB,C,nw,201,Escambia Inland,FL201,-87.4148,30.8244,Escambia Inland
FL,MFL,E,se,072,Metro Broward County,FL072,-80.2706,26.1257,Metro Broward County
FL,MFL,E,se,172,Coastal Broward County,FL172,-80.1266,26.1498,Coastal Broward County
FL,MFL,E,se,071,Inland Broward County,FL071,-80.6145,26.1632,Inland Broward County
FL,MFL,E,sw,070,Inland Collier County,FL070,-81.293,26.138,Inland Collier County
PA,PHI,E,ee,062,Northampton,PA062,-75.3074,40.7543,Northampton
DE,PHI,E,nn,001,New Castle,DE001,-75.6488,39.5811,New Castle
NH,GYX,E,nn,005,Southern Grafton,NH005,-71.9182,43.7209,Southern Grafton
WY,CYS,M,se,107,East Platte County,WY107,-104.8821,42.2373,East Platte County
SC,CAE,E,cc,137,Southeastern Orangeburg,SC137,-80.5375,33.3649,Southeastern Orangeburg
ME,GYX,E,sw,018,Interior York,ME018,-70.7784,43.559,Interior York
ME,GYX,E,ww,019,Central Interior Cumberland,ME019,-70.4616,43.8563,Central Interior Cumberland
ME,GYX,E,ww,008,Northern Franklin,ME008,-70.5249,45.0717,Northern Franklin
ME,CAR,E,se,032,Northern Washington,ME032,-67.742,45.4767,Northern Washington
FL,TAE,C,pa,011,Jackson,FL011,-85.2194,30.7956,Jackson
FL,TAE,C,pa,011,Jackson,FL011,-84.9213,30.78,Jackson
GA,TAE,E,sw,156,Decatur,GA156,-84.7577,30.7994,Decatur
GA,JAX,E,se,165,Inland Camden,GA165,-81.7688,30.9642,Inland Camden
FL,TAE,E,bb,018,Inland Jefferson,FL018,-83.8865,30.4578,Inland Jefferson
ID,MSO,M,ec,010,Eastern Lemhi County,ID010,-113.5852,44.8081,Eastern Lemhi County
FL,TAE,C,pa,012,Inland Bay,FL012,-85.5408,30.366,Inland Bay
ME,GYX,E,ww,013,Southern Franklin,ME013,-70.1818,44.6571,Southern Franklin
ME,CAR,E,nc,031,Southern Piscataquis,ME031,-69.1569,45.2475,Southern Piscataquis
MD,LWX,E,nn,011,Southern Baltimore,MD011,-76.4066,39.2947,Southern Baltimore
MD,LWX,E,ne,008,Cecil,MD008,-75.9384,39.575,Cecil
MD,LWX,E,nn,006,Northern Baltimore,MD006,-76.6935,39.5386,Northern Baltimore
PA,PHI,E,se,101,Western Chester,PA101,-75.8006,40.0195,Western Chester
MD,PHI,E,ne,012,Kent,MD012,-76.0362,39.2574,Kent
DC,LWX,E,,001,District of Columbia,DC001,-77.0146,38.9093,District of Columbia
VA,LWX,E,nn,527,Central and Southeast Prince William/Manassas/Manassas Park,VA527,-77.2826,38.5711,Central and SE Prince William
VA,LWX,E,nn,055,Stafford,VA055,-77.4603,38.4213,Stafford
MD,LWX,E,cc,013,Prince Georges,MD013,-76.8436,38.8313,Prince Georges
NJ,PHI,E,ss,024,Atlantic Coastal Cape May,NJ024,-74.7718,39.0952,Atlantic Coastal Cape May
NJ,PHI,E,ss,027,Southeastern Burlington,NJ027,-74.5605,39.7478,Southeastern Burlington
NJ,PHI,E,cc,013,Western Monmouth,NJ013,-74.2614,40.2596,Western Monmouth
NJ,PHI,E,cc,014,Eastern Monmouth,NJ014,-74.0295,40.2557,Eastern Monmouth
RI,BOX,E,,006,Washington,RI006,-71.6248,41.478,Washington
RI,BOX,E,,005,Bristol,RI005,-71.2842,41.7161,Bristol
MA,BOX,E,se,017,Northern Bristol,MA017,-71.1849,41.9171,Northern Bristol
RI,BOX,E,,002,Southeast Providence,RI002,-71.4526,41.8121,Southeast Providence
MA,BOX,E,se,021,Southern Plymouth,MA021,-70.7761,41.7415,Southern Plymouth
MA,BOX,E,se,023,Dukes,MA023,-70.6561,41.3966,Dukes
NH,GYX,E,ss,014,Coastal Rockingham,NH014,-70.8291,43.0005,Coastal Rockingham
ME,CAR,E,ec,015,Southern Penobscot,ME015,-68.8441,44.9362,Southern Penobscot
ME,CAR,E,se,030,Coastal Washington,ME030,-67.4934,44.7161,Coastal Washington
ME,GYX,E,sc,022,Interior Waldo,ME022,-69.1709,44.5406,Interior Waldo
FL,JAX,E,ne,038,Inland Flagler,FL038,-81.3306,29.4499,Inland Flagler
FL,MFL,E,sw,075,Mainland Monroe,FL075,-81.0326,25.5205,Mainland Monroe
GA,TAE,E,sw,155,Seminole,GA155,-84.8812,30.7935,Seminole
LA,LCH,C,sw,252,Lower Vermilion,LA252,-92.3378,29.7894,Lower Vermilion
MI,APX,E,nn,020,Leelanau,MI020,-85.8122,44.9385,Leelanau
IL,LOT,C,ne,104,Central Cook,IL104,-87.7444,41.8208,Central Cook
IN,LOT,C,nw,001,Lake,IN001,-87.3817,41.4156,Lake
MI,GRR,E,sw,064,Allegan,MI064,-85.8884,42.5913,Allegan
WI,GRB,C,ec,050,Manitowoc,WI050,-87.8096,44.1198,Manitowoc
WI,GRB,C,ne,039,Brown,WI039,-88.0032,44.4537,Brown
MI,APX,E,nn,024,Alpena,MI024,-83.6277,45.0348,Alpena
MI,DTX,E,se,070,Macomb,MI070,-82.9322,42.6956,Macomb
OH,CLE,E,nw,003,Lucas,OH003,-83.6586,41.62,Lucas
OH,CLE,E,ne,013,Geauga,OH013,-81.1786,41.4995,Geauga
PA,CLE,E,nw,001,Northern Erie,PA001,-80.1245,42.1018,Northern Erie
NY,BUF,E,ww,019,Chautauqua,NY019,-79.3664,42.2282,Chautauqua
NY,BUF,E,ww,085,Southern Erie,NY085,-78.7608,42.6247,Southern Erie
NJ,PHI,E,ss,022,Atlantic,NJ022,-74.6976,39.4906,Atlantic
NJ,PHI,E,ss,023,Cape May,NJ023,-74.8227,39.1768,Cape May
GA,JAX,E,se,364,Western Charlton,GA364,-82.1771,30.7368,Western Charlton
FL,TAE,E,bb,128,Coastal Taylor,FL128,-83.6702,29.9258,Coastal Taylor
FL,TAE,E,bb,118,Coastal Jefferson,FL118,-84.0221,30.1477,Coastal Jefferson
ME,CAR,E,se,029,Coastal Hancock,ME029,-68.4037,44.4386,Coastal Hancock
ME,GYX,E,sc,027,Knox,ME027,-69.173,44.15,Knox
NC,MHX,E,ee,092,Jones,NC092,-77.3555,35.0222,Jones
AL,BMX,C,ec,038,Chambers,AL038,-85.392,32.9144,Chambers
TX,HGX,C,se,214,Chambers,TX214,-94.6073,29.739,Chambers
WI,GRB,C,ne,022,Door,WI022,-87.3173,44.9436,Door
OH,CLE,E,ne,012,Lake,OH012,-81.237,41.6968,Lake
MI,DTX,E,se,083,Monroe,MI083,-83.5373,41.9292,Monroe
GA,TAE,E,sw,155,Seminole,GA155,-84.8681,30.9481,Seminole
MD,LWX,E,cc,014,Anne Arundel,MD014,-76.6088,39.0074,Anne Arundel
ME,GYX,E,sc,014,Southern Somerset,ME014,-69.6633,44.8398,Southern Somerset
ME,GYX,E,sc,025,Sagadahoc,ME025,-69.8613,43.9705,Sagadahoc
WI,GRB,C,ne,040,Kewaunee,WI040,-87.6154,44.5161,Kewaunee
FL,TAE,C,pa,108,South Walton,FL108,-86.171,30.4183,South Walton
FL,TAE,CE,pa,114,Coastal Gulf,FL114,-85.2726,29.8173,Coastal Gulf
DE,PHI,E,ss,004,Delaware Beaches,DE004,-75.0919,38.6114,Delaware Beaches
RI,BOX,E,,004,Eastern Kent,RI004,-71.4647,41.6861,Eastern Kent
MA,BOX,E,ee,016,Eastern Norfolk,MA016,-71.0093,42.2218,Eastern Norfolk
OH,CLE,E,nw,008,Sandusky,OH008,-83.145,41.3565,Sandusky
FL,TAE,E,bb,112,Coastal Bay,FL112,-85.6654,30.2213,Coastal Bay
AL,MOB,C,sw,053,Clarke,AL053,-87.8309,31.6709,Clarke
FL,MFL,E,sw,069,Coastal Collier County,FL069,-81.6016,26.015,Coastal Collier County
PR,SJU,V,,013,Vieques,PR013,-65.4414,18.1231,Vieques
FL,TAE,E,bb,115,Coastal Franklin,FL115,-84.7899,29.8382,Coastal Franklin
FL,TAE,E,bb,015,Inland Franklin,FL015,-84.8653,29.9463,Inland Franklin
FL,TAE,E,bb,015,Inland Franklin,FL015,-85.023,29.8935,Inland Franklin
ME,GYX,E,sc,026,Lincoln,ME026,-69.5431,44.0752,Lincoln
DE,PHI,E,cc,002,Kent,DE002,-75.5688,39.0867,Kent
AZ,TWC,m,sc,506,Southeast Pinal County including Kearny/Mammoth/Oracle,AZ506,-110.7518,32.8255,Southeast Pinal County including
AZ,TWC,m,sc,515,Baboquivari Mountains including Kitt Peak,AZ515,-111.5931,31.8186,Baboquivari Mountains including
WA,PDT,P,cc,024,Eastern Columbia River Gorge of Washington,WA024,-120.8439,45.7215,Eastern Columbia River Gorge of
OR,PDT,P,ne,049,Grande Ronde Valley,OR049,-117.9515,45.3737,Grande Ronde Valley
MD,LWX,E,ss,017,St. Marys,MD017,-76.6202,38.2729,St. Marys
AZ,VEF,m,nw,002,Lake Havasu and Fort Mohave,AZ002,-114.3492,34.6762,Lake Havasu and Fort Mohave
AZ,VEF,m,nw,001,Northwest Plateau,AZ001,-113.3317,36.5921,Northwest Plateau
ME,GYX,E,wc,009,Central Somerset,ME009,-70.068,45.48,Central Somerset
NH,GYX,E,ss,015,Western And Central Hillsborough,NH015,-71.7929,42.9363,Western And Central Hillsborough
NC,MHX,E,ee,090,Duplin,NC090,-77.9333,34.9365,Duplin
NH,GYX,E,cc,008,Merrimack,NH008,-71.6802,43.2977,Merrimack
MD,PHI,E,ee,019,Talbot,MD019,-76.0892,38.7767,Talbot
MD,PHI,E,ee,020,Caroline,MD020,-75.8317,38.8717,Caroline
PA,PBZ,E,sw,076,Fayette Ridges,PA076,-79.5173,39.8891,Fayette Ridges
PA,PBZ,E,sw,074,Westmoreland Ridges,PA074,-79.2326,40.2371,Westmoreland Ridges
VA,LWX,E,ww,503,Western Highland,VA503,-79.6618,38.4255,Western Highland
WV,LWX,E,ee,505,Western Pendleton,WV505,-79.4656,38.7534,Western Pendleton
MN,FGF,C,nw,003,Clay,MN003,-96.4906,46.8924,Clay
NJ,PHI,E,nn,012,Middlesex,NJ012,-74.4113,40.4394,Middlesex
AL,TAE,C,se,067,Henry,AL067,-85.2414,31.5147,Henry
AZ,TWC,m,se,503,Upper Santa Cruz River and Altar Valleys including Nogales,AZ503,-111.163,31.6207,Upper Santa Cruz River and Altar
AZ,TWC,m,se,509,Upper Gila River and Aravaipa Valleys including Clifton/Safford,AZ509,-109.7443,32.8686,Upper Gila River and Aravaipa Va
CO,GJT,M,sw,019,Southwest San Juan Mountains,CO019,-107.6597,37.5205,Southwest San Juan Mountains
CO,BOU,M,ne,040,North Douglas County Below 6000 Feet/Denver/West Adams and Arapahoe Counties/East Broomfield County,CO040,-104.804,39.7656,North Douglas County Below 6000
GA,TAE,E,sw,120,Quitman,GA120,-85.0188,31.8674,Quitman
GA,TAE,E,sw,121,Clay,GA121,-84.9803,31.6264,Clay
ID,BOI,M,sw,014,Upper Treasure Valley,ID014,-115.8643,43.1035,Upper Treasure Valley
ID,OTX,P,pa,001,Northern Panhandle,ID001,-116.5661,48.4447,Northern Panhandle
ID,BOI,M,sw,012,Lower Treasure Valley,ID012,-116.692,43.7963,Lower Treasure Valley
ID,BOI,M,sc,016,Western Magic Valley,ID016,-114.5943,42.7508,Western Magic Valley
ID,OTX,P,nc,027,Lewis and Southern Nez Perce Counties,ID027,-116.5889,46.1926,Lewis and Southern Nez Perce Cou
ID,OTX,P,pa,004,Central Panhandle Mountains,ID004,-116.1291,47.3003,Central Panhandle Mountains
MT,MSO,M,wc,007,Butte/Blackfoot Region,MT007,-112.9185,46.3886,Butte/Blackfoot Region
MT,MSO,M,wc,004,Lower Clark Fork Region,MT004,-115.0063,47.3078,Lower Clark Fork Region
NV,REV,P,wc,004,Western Nevada Basin and Range including Pyramid Lake,NV004,-118.49,40.0152,Western Nevada Basin and Range i
NV,VEF,P,sc,014,Esmeralda and Central Nye County,NV014,-116.9511,37.5764,Esmeralda and Central Nye County
NV,REV,P,ww,001,Mineral and Southern Lyon Counties,NV001,-118.6034,38.6067,Mineral and Southern Lyon Counti
NV,REV,P,ww,003,Greater Reno-Carson City-Minden Area,NV003,-119.6557,39.4151,Greater Reno-Carson City-Minden
PR,SJU,V,,010,Mayaguez and Vicinity,PR010,-67.1683,18.2425,Mayaguez and Vicinity
PR,SJU,V,,003,Southeast,PR003,-66.0756,18.0258,Southeast
PR,SJU,V,,006,Central Interior,PR006,-66.4091,18.213,Central Interior
PR,SJU,V,,001,San Juan and Vicinity,PR001,-66.0981,18.371,San Juan and Vicinity
PR,SJU,V,,004,Eastern Interior,PR004,-66.052,18.1894,Eastern Interior
PR,SJU,V,,002,Northeast,PR002,-65.7796,18.2861,Northeast
PR,SJU,V,,011,Southwest,PR011,-67.0614,18.018,Southwest
PR,SJU,V,,007,Ponce and Vicinity,PR007,-66.6527,18.0539,Ponce and Vicinity
PR,SJU,V,,008,Northwest,PR008,-66.941,18.4353,Northwest
PR,SJU,V,,009,Western Interior,PR009,-66.8482,18.2385,Western Interior
UT,GJT,M,ne,023,Eastern Uinta Mountains,UT023,-109.5041,40.7677,Eastern Unita Mountains
VA,RNK,E,sc,044,Pittsylvania,VA044,-79.3976,36.8111,Pittsylvania
VA,RNK,E,sw,013,Pulaski,VA013,-80.7143,37.0636,Pulaski
VA,RNK,E,wc,022,Roanoke,VA022,-80.052,37.2714,Roanoke
VA,MRX,E,sw,008,Washington,VA008,-81.9642,36.7221,Washington
VA,MRX,E,sw,002,Wise,VA002,-82.6213,36.9745,Wise
VA,RNK,E,sc,034,Bedford,VA034,-79.5242,37.3152,Bedford
VA,RNK,E,wc,019,Alleghany,VA019,-80.0067,37.7875,Alleghany
VA,LWX,E,nn,053,Fairfax,VA053,-77.2791,38.8387,Fairfax
VA,LWX,E,nn,054,Arlington/Falls Church/Alexandria,VA054,-77.0989,38.8577,Arlington/Falls Church/Alexandri
VA,LWX,E,cc,056,Spotsylvania,VA056,-77.6525,38.1882,Spotsylvania
VA,RNK,E,sw,016,Carroll,VA016,-80.737,36.7305,Carroll
VA,RNK,E,cc,045,Campbell,VA045,-79.1048,37.2231,Campbell
VA,LWX,E,nn,527,Central and Southeast Prince William/Manassas/Manassas Park,VA527,-77.4488,38.6727,Central and SE Prince William
VA,RNK,E,sc,043,Henry,VA043,-79.8737,36.6828,Henry
VA,LWX,E,nw,028,Frederick,VA028,-78.2606,39.2039,Frederick
WA,PDT,P,sc,028,Lower Columbia Basin of Washington,WA028,-119.1826,46.3371,Lower Columbia Basin of Washingt
WA,OTX,P,ne,038,Okanogan Highlands,WA038,-118.6987,48.5329,Okanogan Highlands
WA,OTX,P,ne,037,Northeast Mountains,WA037,-117.6152,48.4082,Northeast Mountains
WA,OTX,P,ee,033,Washington Palouse,WA033,-117.5068,46.9272,Washington Palouse
AZ,TWC,m,sc,502,Tohono O'odham Nation including Sells,AZ502,-112.064,32.1434,Tohono O'odham Nation including
AZ,TWC,m,sc,504,Tucson Metro Area including Tucson/Green Valley/Marana/Vail,AZ504,-111.0565,32.1761,Tucson Metro Area including Tucs
AZ,FGZ,m,wc,038,Oak Creek and Sycamore Canyons,AZ038,-111.8796,34.9117,Oak Creek and Sycamore Canyons
AZ,FGZ,Mm,nc,040,Northeast Plateaus and Mesas South of Hwy 264,AZ040,-110.1825,35.4889,Northeast Plateaus and Mesas S
AZ,FGZ,m,nc,016,Eastern Mogollon Rim,AZ016,-110.8122,34.4418,Eastern Mogollon Rim
AZ,FGZ,M,ne,010,Chinle Valley,AZ010,-109.7068,36.5404,Chinle Valley
AZ,FGZ,m,ne,017,White Mountains,AZ017,-109.6483,33.9272,White Mountains
CA,REV,P,nn,071,Lassen-Eastern Plumas-Eastern Sierra Counties,CA071,-120.5471,40.466,Lassen-Eastern Plumas-Eastern Si
CA,REV,P,cc,072,Greater Lake Tahoe Area,CA072,-119.9683,38.9481,Greater Lake Tahoe Area
CA,MFR,P,nn,084,Northeast Siskiyou and Northwest Modoc Counties,CA084,-121.6371,41.8639,Northeast Siskiyou and Northwest
CO,GJT,M,wc,017,Uncompahgre Plateau/Dallas Divide,CO017,-108.4296,38.5539,Uncompahgre Plateu/Dallas Divide
CO,GJT,M,wc,014,Upper Gunnison River Valley,CO014,-107.1881,38.4776,Upper Gunnison River Valley
CO,GJT,M,sw,018,Northwestern San Juan Mountains,CO018,-107.5504,38.0588,Northwestern San Juan Mountains
CO,GJT,M,wc,011,Central Gunnison and Uncompahgre River Basin,CO011,-107.9201,38.6735,Central Gunnison and Uncompahgre
CO,GJT,M,sw,020,Paradox Valley/Lower Dolores River,CO020,-108.7095,38.1963,Paradox Valley/Lower Dolores Ri
CO,GJT,M,wc,012,West Elk and Sawatch Mountains,CO012,-107.0042,38.8011,West Elk and Sawatch Mountains
CO,GJT,M,sw,021,Four Corners/Upper Dolores River,CO021,-108.7278,37.3809,Four Corners/Upper Dolores River
CO,BOU,M,ne,045,Central and East Adams and Arapahoe Counties,CO045,-104.1048,39.7839,Central and East Adams and Arapa
CO,BOU,M,ne,041,Elbert/Central and East Douglas Counties Above 6000 Feet,CO041,-104.5091,39.3075,Elbert/Central and East Douglas
CO,BOU,M,ne,038,Larimer County Below 6000 Feet/Northwest Weld County,CO038,-104.8423,40.7183,Larimer County Below 6000 Feet/N
CO,BOU,M,ec,046,North and Northeast Elbert County Below 6000 Feet/North Lincoln County,CO046,-103.6814,39.356,North and Northeast Elbert Count
CO,BOU,M,ec,047,Southeast Elbert County Below 6000 Feet/South Lincoln County,CO047,-103.5944,38.8048,Southeast Elbert County Below 60
CO,BOU,M,cc,034,South and Southeast Grand/West Central and Southwest Boulder/Gilpin/Clear Creek/Summit/North and West Park Counties Above 9000 Feet,CO034,-105.8505,39.6044,South and Southeast Grand/West C
CO,BOU,M,cc,036,Jefferson and West Douglas Counties Above  6000 Feet/Gilpin/Clear Creek/Northeast Park Counties Below 9000 Feet,CO036,-105.2681,39.4838,Jefferson and West Douglas Count
CO,BOU,M,nc,031,West Jackson and West Grand Counties Above 9000 Feet,CO031,-106.6092,40.6175,West Jackson and West Grand Coun
CO,BOU,M,nc,033,South and East Jackson/Larimer/North and Northeast Grand/Northwest Boulder Counties Above 9000 Feet,CO033,-105.9071,40.488,South and East Jackson/Larimer/N
CO,BOU,M,nc,032,Grand and Summit Counties Below 9000 Feet,CO032,-106.209,40.0726,Grand and Summit Counties Below
CO,BOU,M,ne,039,Boulder And Jefferson Counties Below 6000 Feet/West Broomfield County,CO039,-105.156,39.9606,Boulder And Jefferson Counties B
CO,GJT,M,wc,009,Grand and Battlement Mesas,CO009,-107.8549,39.1332,Grand and Battlement Mesas
CO,GJT,M,wc,003,Roan and Tavaputs Plateaus,CO003,-108.4376,39.5758,Roan and Tavaputs Plateaus
CO,GJT,M,wc,007,Debeque to Silt Corridor,CO007,-107.9773,39.4422,Debeque to Silt Corridor
CO,GJT,M,wc,006,Grand Valley,CO006,-108.6809,39.1541,Grand Valley
CO,GJT,M,wc,010,Gore and Elk Mountains/Central Mountain Valleys,CO010,-106.8147,39.4353,Gore and Elk Mountains/Central M
CO,GJT,M,nw,013,Flat Tops,CO013,-107.4376,39.9766,Flat Tops
CO,GJT,M,wc,008,Central Colorado River Basin,CO008,-107.0292,39.6286,Central Colorado River Basin
CO,GJT,M,nw,002,Central Yampa River Basin,CO002,-107.9134,40.4046,Central Yampa River Basin
CO,GJT,M,nw,004,Elkhead and Park Mountains,CO004,-106.9552,40.5653,Elkhead and Park Mountains
CO,GJT,M,nw,001,Lower Yampa River Basin,CO001,-108.6994,40.444,Lower Yampa River Basin
CO,BOU,M,nc,035,Larimer and Boulder Counties Between 6000 and 9000 Feet,CO035,-105.4708,40.6099,Larimer and Boulder Counties Bet
CO,PUB,M,cc,082,Pikes Peak above 11000 Ft,CO082,-105.0464,38.8156,Pikes Peak above 11000 Ft
CO,PUB,M,cc,083,Canon City Vicinity/Eastern Fremont County,CO083,-105.1148,38.4443,Canon City Vicinity/Eastern Frem
CO,PUB,M,cc,081,Teller County/Rampart Range above 7500fT/Pike's Peak Between 7500 And 11000 Ft,CO081,-105.113,38.8708,Teller County/Rampart Range abov
CO,PUB,M,se,080,Wet Mountains above 10000 Ft,CO080,-105.1345,37.9888,Wet Mountains above 10000 Ft
CO,PUB,M,se,078,Wet Mountain Valley Below 8500 Ft,CO078,-105.4502,38.1353,Wet Mountain Valley Below 8500 F
CO,PUB,M,se,073,Northern Sangre de Cristo Mountains above 11000 Ft,CO073,-105.617,37.9768,Northern Sangre de Cristo Mounta
CO,PUB,M,se,072,Northern Sangre de Cristo Mountains Between 8500 And 11000 Ft,CO072,-105.5379,37.9018,Northern Sangre de Christo Mount
CO,PUB,M,se,079,Wet Mountains between 6300 and 10000Ft,CO079,-105.1469,38.046,Wet Mountains between 6300 and 1
CO,PUB,M,se,075,Southern Sangre De Cristo Mountains Above 11000 Ft,CO075,-105.1708,37.2046,Southern Sangre De Cristo Mounta
CO,PUB,M,se,074,Southern Sangre De Cristo Mountains Between 7500 and 11000 Ft,CO074,-105.0257,37.2245,Southern Sangre De Cristo Mounta
CO,PUB,M,sc,067,Upper Rio Grande Valley/Eastern San Juan Mountains Below 10000 Ft,CO067,-106.5413,37.469,Upper Rio Grande Valley/Eastern
CO,PUB,M,sc,068,Eastern San Juan Mountains Above 10000 Ft,CO068,-106.7002,37.4272,Eastern San Juan Mountains Above
CO,PUB,M,sc,066,La Garita Mountains Above 10000 Ft,CO066,-106.7318,38.0229,La Garita Mountains Above 10000
CO,PUB,M,sc,071,Southern San Luis Valley,CO071,-105.7537,37.2224,Southern San Luis Valley
CO,PUB,M,cc,060,Eastern Sawatch Mountains above 11000 Ft,CO060,-106.3587,38.8197,Eastern Sawatch Mountains above
MT,MSO,M,wc,006,Bitterroot/Sapphire Mountains,MT006,-113.9667,46.1931,Bitterroot/Sapphire Mountains
MT,MSO,M,wc,005,Missoula/Bitterroot Valleys,MT005,-114.1079,46.4888,Missoula/Bitterroot Valleys
MT,MSO,M,nw,002,West Glacier Region,MT002,-113.8037,48.2755,West Glacier Region
MT,MSO,M,nw,003,Flathead/Mission Valleys,MT003,-114.298,47.7732,Flathead/Mission Valleys
MT,MSO,M,nw,001,Kootenai/Cabinet Region,MT001,-115.2165,48.3391,Kootenai/Cabinet Region
NV,VEF,P,ss,016,Northeast Clark County,NV016,-114.5106,36.5978,Northeast Clark County
NV,VEF,P,ss,019,Spring Mountains-Red Rock Canyon,NV019,-115.6791,36.2348,Spring Mountains-Red Rock Canyon
NV,VEF,P,ss,017,Western Clark and Southern Nye County,NV017,-115.9843,36.5162,Western Clark and Southern Nye C
NV,VEF,P,ss,018,Sheep Range,NV018,-115.1511,36.7787,Sheep Range
NV,REV,P,ww,002,Greater Lake Tahoe Area,NV002,-119.9149,39.2154,Greater Lake Tahoe Area
NV,LKN,P,nc,037,Southern Lander County and Southern Eureka County,NV037,-116.7096,39.6136,Southern Lander County and South
NV,LKN,P,nc,036,Northern Lander County and Northern Eureka County,NV036,-116.7009,40.4899,Northern Lander County and North
OR,MFR,P,sw,021,South Central Oregon Coast,OR021,-124.1573,43.1857,South Central Oregon Coast
OR,MFR,P,sw,023,Central Douglas County,OR023,-123.4502,43.2603,Central Douglas County
OR,PDT,P,ne,502,Northern Blue Mountains of Oregon,OR502,-118.0041,45.6953,Northern Blue Mountains of Orego
OR,PDT,P,ne,503,Southern Blue Mountains of Oregon,OR503,-118.9718,44.9813,Southern Blue Mountains of Orego
OR,PDT,P,cc,506,Ochoco-John Day Highlands,OR506,-119.9651,44.16,Ochoco-John Day Highlands
WA,PDT,P,se,029,Foothills of the Blue Mountains of Washington,WA029,-118.2123,46.3118,Foothills of the Blue Mountains
WA,OTX,P,ee,036,Spokane Area,WA036,-117.613,47.6181,Spokane Area
WA,OTX,P,nc,049,Western Okanogan County,WA049,-120.1638,48.5981,Western Okanogan County
WA,OTX,P,nc,043,Okanogan Valley,WA043,-119.4519,48.3496,Okanogan Valley
WA,OTX,P,nc,035,Upper Columbia Basin,WA035,-118.6116,47.3555,Upper Columbia Basin
WA,OTX,P,nc,044,Waterville Plateau,WA044,-119.6829,47.6675,Waterville Plateau
WA,OTX,P,nc,041,Wenatchee Area,WA041,-120.2222,47.6296,Wenatchee Area
WA,PDT,P,cc,521,Simcoe Highlands,WA521,-120.6477,45.9755,Simcoe Highlands
WA,PDT,P,sc,523,Lower Slopes of the Eastern Washington Cascades Crest,WA523,-120.95,46.6719,Lower Slopes of the E Wash Cas
WA,PDT,P,cc,026,Kittitas Valley,WA026,-120.3139,46.9429,Kittitas Valley
WA,OTX,P,cc,034,Moses Lake Area,WA034,-119.4918,47.0108,Moses Lake Area
WY,RIW,M,cc,007,Owl Creek and Bridger Mountains,WY007,-108.2336,43.573,Owl Creek and Bridger Mountains
WY,RIW,M,cc,019,Green Mountains and Rattlesnake Range,WY019,-107.9137,42.4379,Green Mountains and Rattlesnake
WY,RIW,M,cc,026,Upper Green River Basin,WY026,-109.7743,42.3437,Upper Green River Basin
WY,RIW,M,cc,014,Wind River Mountains West,WY014,-109.4922,42.9092,Wind River Mountains West
WY,RIW,M,cc,008,Bighorn Mountains West,WY008,-107.4682,44.2518,Bighorn Mountains West
WY,RIW,M,cc,002,Absaroka Mountains,WY002,-109.5521,44.2172,Absaroka Mountains
WY,RIW,M,cc,009,Bighorn Mountains Southeast,WY009,-107.0263,43.9099,Bighorn Mountains Southeast
WY,RIW,M,wc,012,Teton and Gros Ventre Mountains,WY012,-110.5055,43.6883,Teton and Gros Ventre Mountains
WY,RIW,M,wc,024,Salt River and Wyoming Ranges,WY024,-110.6654,42.5626,Salt River and Wyoming Ranges
WY,RIW,M,wc,013,Jackson Hole,WY013,-110.6864,43.6458,Jackson Hole
WY,RIW,M,nw,001,Yellowstone National Park,WY001,-110.5469,44.5976,Yellowstone National Park
WY,RIW,M,nw,004,North Bighorn Basin,WY004,-108.3008,44.5447,North Bighorn Basin
WY,CYS,M,sc,114,Snowy Range,WY114,-106.3148,41.3101,Snowy Range
WY,CYS,M,sc,105,Shirley Basin,WY105,-106.0943,42.134,Shirley Basin
WY,CYS,M,sc,110,North Snowy Range Foothills,WY110,-106.259,41.6904,North Snowy Range Foothills
WY,CYS,M,se,103,North Laramie Range,WY103,-105.6241,42.3535,North Laramie Range
WY,CYS,M,se,116,South Laramie Range,WY116,-105.3769,41.2851,South Laramie Range
WY,CYS,M,se,117,South Laramie Range Foothills,WY117,-105.0324,41.3136,South Laramie Range Foothills
WY,CYS,M,se,106,Central Laramie Range and Southwest Platte County,WY106,-105.2243,41.8778,Central Laramie Range and Southw
OR,PDT,P,nc,508,Foothills of the Southern Blue Mountains of Oregon,OR508,-120.0018,45.3451,Foothills of the Southern Blue M
OR,PDT,P,nc,041,Eastern Columbia River Gorge of Oregon,OR041,-120.7468,45.6619,East Columbia River Gorge
MA,BOX,E,se,019,Eastern Plymouth,MA019,-70.7171,42.0271,Eastern Plymouth
ME,GYX,E,sw,023,Coastal York,ME023,-70.6005,43.3339,Coastal York
FL,TAE,E,bb,016,Gadsden,FL016,-84.6137,30.5795,Gadsden
OH,CLE,E,ne,089,Ashtabula Lakeshore,OH089,-80.7817,41.8761,Ashtabula Lakeshore
FL,TAE,E,bb,027,Inland Wakulla,FL027,-84.4473,30.2025,Inland Wakulla
NJ,PHI,E,ss,026,Coastal Ocean,NJ026,-74.1646,39.789,Coastal Ocean
WI,DLH,C,nw,001,Douglas,WI001,-91.9147,46.4309,Douglas
FL,TAE,E,bb,115,Coastal Franklin,FL115,-84.6607,29.9194,Coastal Franklin
AZ,TWC,m,sc,511,Galiuro and Pinaleno Mountains including Mount Graham,AZ511,-110.1153,32.6525,Galiuro and Pinaleno Mountains i
AZ,TWC,m,sc,514,Santa Catalina and Rincon Mountains including Mount Lemmon/Summerhaven,AZ514,-110.6808,32.3364,Santa Catalina and Rincon Mounta
AZ,TWC,m,se,510,White Mountains of Graham and Greenlee Counties including Hannagan Meadow,AZ510,-109.4881,33.3867,White Mountains of Graham and Gr
NY,OKX,E,se,074,Richmond (Staten Is.),NY074,-74.1554,40.5811,Richmond (Staten Is.)
NJ,OKX,E,ne,006,Hudson,NJ006,-74.0784,40.7368,Hudson
NY,OKX,E,se,073,Bronx,NY073,-73.8673,40.8497,Bronx
NY,OKX,E,se,071,Southern Westchester,NY071,-73.7827,40.9828,Southern Westchester
NY,OKX,E,se,079,Northeast Suffolk,NY079,-72.5806,40.9921,Northeast Suffolk
NY,OKX,E,se,080,Southwest Suffolk,NY080,-73.1828,40.7503,Southwest Suffolk
NY,OKX,E,se,179,Southern Nassau,NY179,-73.5836,40.6903,Southern Nassau
CT,OKX,E,ss,007,Northern Middlesex,CT007,-72.5551,41.4977,Northern Middlesex
CT,OKX,E,ss,010,Southern New Haven,CT010,-72.8154,41.3108,Southern New Haven
NY,OKX,E,se,178,Southern Queens,NY178,-73.7915,40.6651,Southern Queens
NY,OKX,E,se,176,Northern Queens,NY176,-73.8442,40.7515,Northern Queens
NJ,OKX,E,ne,108,Eastern Union,NJ108,-74.233,40.6499,Eastern Union
NJ,OKX,E,ne,105,Western Essex,NJ105,-74.2767,40.8034,Western Essex
NJ,OKX,E,ne,103,Western Bergen,NJ103,-74.1547,41.0243,Western Bergen
NJ,OKX,E,ne,106,Eastern Essex,NJ106,-74.1717,40.746,Eastern Essex
NY,OKX,E,se,078,Northwest Suffolk,NY078,-73.1715,40.8778,Northwest Suffolk
NY,OKX,E,se,177,Northern Nassau,NY177,-73.5976,40.8335,Northern Nassau
GA,JAX,E,se,166,Coastal Camden,GA166,-81.5544,30.8884,Coastal Camden
CT,OKX,E,ss,008,Northern New London,CT008,-72.0992,41.5317,Northern New London
CT,OKX,E,ss,012,Southern New London,CT012,-72.1039,41.3616,Southern New London
NC,ILM,E,se,087,Robeson,NC087,-79.1035,34.6401,Robeson
SC,ILM,E,ne,023,Darlington,SC023,-79.9577,34.3323,Darlington
SC,ILM,E,ne,017,Marlboro,SC017,-79.6786,34.602,Marlboro
NC,ILM,E,se,099,Columbus,NC099,-78.655,34.2655,Columbus
SC,ILM,E,ne,024,Dillon,SC024,-79.3789,34.3915,Dillon
SC,ILM,E,ne,033,Marion,SC033,-79.3625,34.0801,Marion
SC,ILM,E,ne,032,Florence,SC032,-79.7028,34.0245,Florence
SC,ILM,E,ne,039,Williamsburg,SC039,-79.7277,33.6199,Williamsburg
NC,ILM,E,se,096,Bladen,NC096,-78.5632,34.6143,Bladen
SC,ILM,E,ne,055,Inland Georgetown,SC055,-79.3913,33.4918,Inland Georgetown
NC,ILM,E,se,109,Inland Brunswick,NC109,-78.2492,34.1066,Inland Brunswick
SC,ILM,E,ne,058,Central Horry,SC058,-79.0138,33.8439,Central Horry
SC,ILM,E,ne,054,Coastal Horry,SC054,-78.8597,33.7383,Coastal Horry
NC,ILM,E,se,105,Inland Pender,NC105,-77.9208,34.5328,Inland Pender
NC,ILM,E,se,107,Inland New Hanover,NC107,-77.8982,34.2817,Inland New Hanover
NC,ILM,E,se,107,Inland New Hanover,NC107,-77.9432,34.1465,Inland New Hanover
AZ,FGZ,Mm,nc,009,Northeast Plateaus and Mesas Hwy 264 Northward,AZ009,-110.9711,36.4046,Northeast Plateaus and Mesas Hwy
AZ,FGZ,Mm,nc,039,Black Mesa Area,AZ039,-110.2429,36.355,Black Mesa Area
MI,GRR,E,wc,037,Mason,MI037,-86.2497,43.9954,Mason
MI,GRR,E,wc,050,Muskegon,MI050,-86.1481,43.2912,Muskegon
MI,GRR,E,wc,043,Oceana,MI043,-86.2673,43.6407,Oceana
MI,GRR,E,sw,056,Ottawa,MI056,-85.9939,42.9601,Ottawa
AZ,FGZ,Mm,nc,012,Little Colorado River Valley in Coconino County,AZ012,-111.1876,35.4788,Northeast Plateaus and Mesas Hwy
ME,GYX,E,sc,021,Kennebec,ME021,-69.7672,44.4093,Kennebec
RI,BOX,E,,007,Newport,RI007,-71.2366,41.556,Newport
CT,OKX,E,ss,011,Southern Middlesex,CT011,-72.4497,41.3211,Southern Middlesex
CT,OKX,E,ss,009,Southern Fairfield,CT009,-73.435,41.1301,Southern Fairfield
MI,APX,E,nn,026,Grand Traverse,MI026,-85.559,44.6709,Grand Traverse
MI,APX,E,nn,017,Cheboygan,MI017,-84.4999,45.4468,Cheboygan
WI,DLH,C,nw,004,Iron,WI004,-90.242,46.2623,Iron
WI,DLH,C,nw,002,Bayfield,WI002,-91.2006,46.5241,Bayfield
WI,DLH,C,nw,003,Ashland,WI003,-90.6781,46.3148,Ashland
MI,MQT,E,er,014,Southern Schoolcraft,MI014,-86.1917,46.052,Southern Schoolcraft
MI,MQT,E,nr,006,Alger,MI006,-86.6018,46.4099,Alger
MI,MQT,E,sr,013,Delta,MI013,-86.9244,45.9197,Delta
MI,MQT,C,sr,012,Menominee,MI012,-87.5573,45.5792,Menominee
MI,MQT,E,nr,005,Marquette,MI005,-87.6415,46.4314,Marquette
MI,MQT,E,nr,004,Baraga,MI004,-88.3652,46.6626,Baraga
MI,MQT,C,wu,009,Gogebic,MI009,-89.6944,46.4089,Gogebic
MI,MQT,E,wu,002,Ontonagon,MI002,-89.315,46.6644,Ontonagon
MI,MQT,E,wu,003,Houghton,MI003,-88.6207,47.0531,Houghton
MI,MQT,E,wu,084,Southern Houghton,MI084,-88.8192,46.607,Southern Houghton
MI,APX,E,nn,021,Antrim,MI021,-85.1377,45.0003,Antrim
MI,MQT,E,eu,007,Luce,MI007,-85.5443,46.4707,Luce
OH,CLE,E,ne,011,Cuyahoga,OH011,-81.6587,41.4243,Cuyahoga
OH,CLE,E,nc,009,Erie,OH009,-82.6179,41.3635,Erie
OH,CLE,E,nw,007,Ottawa,OH007,-83.1467,41.5381,Ottawa
MI,DTX,E,se,055,Sanilac,MI055,-82.8201,43.4235,Sanilac
MI,DTX,E,se,054,Tuscola,MI054,-83.4168,43.4641,Tuscola
MI,DTX,E,se,049,Huron,MI049,-83.0193,43.8333,Huron
MI,DTX,E,se,048,Bay,MI048,-83.9921,43.7072,Bay
MI,APX,E,nn,042,Arenac,MI042,-83.8948,44.0656,Arenac
NY,BUF,E,ww,002,Orleans,NY002,-78.2312,43.2522,Orleans
WI,GRB,C,ne,073,Southern Marinette County,WI073,-87.9475,45.1874,Southern Marinette County
FL,MFL,E,se,073,Inland Miami-Dade County,FL073,-80.6786,25.6857,Inland Miami-Dade County
FL,MFL,E,se,174,Far South Miami-Dade County,FL174,-80.6497,25.299,Far South Miami-Dade County
FL,MFL,E,se,074,Metropolitan Miami Dade,FL074,-80.3602,25.779,Metropolitan Miami Dade
FL,MFL,E,se,068,Metro Palm Beach County,FL068,-80.1464,26.6222,Metro Palm Beach County
FL,MFL,E,se,168,Coastal Palm Beach County,FL168,-80.0806,26.7053,Coastal Palm Beach County
FL,MFL,E,se,067,Inland Palm Beach County,FL067,-80.5109,26.6172,Inland Palm Beach County
GA,JAX,E,se,153,Inland Glynn,GA153,-81.639,31.2698,Inland Glynn
SC,CAE,E,cc,035,Barnwell,SC035,-81.435,33.2661,Barnwell
TX,LCH,C,se,261,Southern Jasper,TX261,-93.9977,30.3824,Southern Jasper
TX,LCH,C,se,262,Southern Newton,TX262,-93.8089,30.383,Southern Newton
FL,TBW,E,wc,248,Inland Hernando,FL248,-82.3719,28.5482,Hernando
FL,TBW,E,wc,050,Pinellas,FL050,-82.722,27.928,Pinellas
FL,TBW,E,wc,255,Inland Manatee,FL255,-82.2406,27.4658,Inland Manatee
FL,TBW,E,wc,260,Inland Sarasota,FL260,-82.2669,27.2001,Sarasota
FL,TBW,E,wc,160,Coastal Sarasota,FL160,-82.277,27.0267,Coastal Sarasota
FL,TBW,E,sw,262,Inland Charlotte,FL262,-81.7547,26.9037,Charlotte
FL,TBW,E,sw,162,Coastal Charlotte,FL162,-82.1084,26.9689,Charlotte
MA,BOX,E,se,022,Barnstable,MA022,-70.2982,41.7257,Barnstable
PR,SJU,V,,012,Culebra,PR012,-65.2877,18.3159,Culebra
VI,SJU,V,,001,St.Thomas...St. John.. and Adjacent Islands,VI001,-64.8564,18.3429,St.Thomas...St. John.. and Adjac
WI,MKX,C,se,060,Ozaukee,WI060,-87.9515,43.3838,Ozaukee
MI,APX,E,nn,025,Benzie,MI025,-86.0158,44.6395,Benzie
MI,APX,E,nn,018,Presque Isle,MI018,-83.9173,45.3402,Presque Isle
MI,DTX,E,se,063,St. Clair,MI063,-82.6823,42.9425,St. Clair
NJ,PHI,E,ss,020,Ocean,NJ020,-74.3099,39.9191,Ocean
NJ,PHI,E,ss,016,Salem,NJ016,-75.3459,39.5873,Salem
NJ,PHI,E,ss,021,Cumberland,NJ021,-75.1099,39.3736,Cumberland
NC,MHX,E,ee,045,Washington,NC045,-76.5767,35.8221,Washington
GA,TAE,E,sw,156,Decatur,GA156,-84.572,30.8815,Decatur
FL,TAE,CE,pa,014,Inland Gulf,FL014,-85.211,30.0103,Inland Gulf
FL,TAE,C,pa,008,Central Walton,FL008,-86.112,30.593,Central Walton
FL,TAE,C,pa,010,Washington,FL010,-85.6656,30.6106,Washington
NY,OKX,E,se,075,Kings (Brooklyn),NY075,-73.9472,40.6447,Kings (Brooklyn)
MD,LWX,E,nn,011,Southern Baltimore,MD011,-76.5759,39.3335,Southern Baltimore
ME,GYX,E,sc,028,Coastal Waldo,ME028,-69.0512,44.349,Coastal Waldo
FL,TBW,E,sw,265,Inland Lee,FL265,-81.8553,26.6504,Lee
MA,BOX,E,ne,007,Eastern Essex,MA007,-70.8674,42.6372,Eastern Essex
NC,MHX,E,ee,080,Beaufort,NC080,-76.8631,35.4947,Beaufort
OR,PDT,P,cc,505,John Day Basin,OR505,-119.7913,44.7337,John Day Basin
AZ,TWC,m,se,508,Eastern Cochise County Below 5000 Feet including Douglas/Willcox,AZ508,-109.5452,31.9147,Eastern Cochise County Below 500
MA,BOX,E,se,020,Southern Bristol,MA020,-71.0384,41.6746,Southern Bristol
OR,PDT,P,cc,509,East Slopes of the Oregon Cascades,OR509,-121.5671,44.2708,East Slopes of the Oregon Cascad
NC,MHX,E,ee,094,Pamlico,NC094,-76.7488,35.1407,Pamlico
MD,PHI,E,ne,015,Queen Anne's,MD015,-76.0131,39.0738,Queen Anne's
ME,GYX,E,sw,024,Coastal Cumberland,ME024,-70.1861,43.7448,Coastal Cumberland
NJ,PHI,E,ss,025,Coastal Atlantic,NJ025,-74.4448,39.3929,Coastal Atlantic
FL,TAE,E,bb,426,Southern Liberty,FL426,-84.8795,30.1249,Southern Liberty
NC,MHX,E,ee,029,Martin,NC029,-77.1072,35.8416,Martin
MD,LWX,E,ss,016,Charles,MD016,-76.9809,38.393,Charles
LA,LCH,C,sw,073,West Cameron,LA073,-93.5882,29.8924,Cameron
LA,LCH,C,sw,074,East Cameron,LA074,-92.9126,29.8597,Cameron
NM,EPZ,M,sc,409,Sierra County Lakes,NM409,-107.0436,33.1033,Sierra Lakes
NM,EPZ,M,sc,411,Southern Dona Ana County/Mesilla Valley,NM411,-106.9151,32.1002,Southern Dona Ana County
NM,EPZ,M,sc,414,West Slopes Sacramento Mountains Below 7500 Feet,NM414,-105.7623,32.8801,West Sacramento Mtns Below 7500
NM,EPZ,M,sc,415,Sacramento Mountains Above 7500 Feet,NM415,-105.6803,32.9911,Sacramento Mtns Above 7500
NM,EPZ,M,sc,416,East Slopes Sacramento Mountains Below 7500 Feet,NM416,-105.4471,32.9485,East Sacramento Mtns Below 7500
NM,EPZ,M,sw,401,Upper Gila River Valley,NM401,-108.6693,32.9678,Upper Gila River Valley
NM,EPZ,M,sw,404,Southwest Desert/Lower Gila River Valley,NM404,-108.6746,32.3909,SW Desert Lower Gila Valley
NM,EPZ,M,sw,405,Lowlands of the Bootheel,NM405,-108.5699,31.7623,Bootheel Lowlands
NM,EPZ,M,sw,406,Uplands of the Bootheel,NM406,-108.8399,31.5516,Bootheel Uplands
NM,EPZ,M,sw,408,Eastern Black Range Foothills,NM408,-107.5194,33.0357,Eastern Black Range Foothills
TX,EPZ,M,sw,418,Western El Paso County,TX418,-106.5545,31.8934,Western El Paso County
TX,EPZ,M,sw,420,Northern Hudspeth Highlands/Hueco Mountains,TX420,-105.7878,31.7056,Hueco Mtns/NW Hudspeth
TX,EPZ,M,sw,421,Salt Basin,TX421,-105.2179,31.7396,Salt Basin
TX,EPZ,M,sw,422,Southern Hudspeth Highlands,TX422,-105.1931,31.1872,Southern Hudspeth Highlands
TX,EPZ,M,sw,424,Rio Grande Valley of Eastern Hudspeth County,TX424,-105.2704,30.8823,Rio Grande Valley E Hudspeth
NM,EPZ,M,sc,417,Otero Mesa,NM417,-105.4233,32.261,Otero Mesa
TX,EPZ,M,sw,423,Rio Grande Valley of Eastern El Paso/Western Hudspeth Counties,TX423,-105.8908,31.3634,Rio Grande Vly El Paso/Hudspeth
NM,EPZ,M,sw,407,Southwest Desert/Mimbres Basin,NM407,-107.7431,32.1585,Southwest Desert/Mimbres Basin
NM,EPZ,M,sw,403,Southern Gila Foothills/Mimbres Valley,NM403,-108.0435,32.5962,Southern Gila Foothills
NV,LKN,P,ne,038,Southwest Elko County,NV038,-115.7303,40.7184,Southwest Elko County
NV,LKN,P,ne,034,Ruby Mountains and East Humboldt Range,NV034,-115.3765,40.5818,Southwest and South Central Elko
NV,LKN,P,sc,040,Northwestern Nye County,NV040,-117.2124,38.6684,Northwestern Nye County
MS,MOB,C,se,079,George,MS079,-88.644,30.8626,George
IN,LOT,C,nw,002,Porter,IN002,-87.0672,41.4605,Porter
MI,GRR,E,wc,050,Muskegon,MI050,-86.3219,43.2922,Muskegon
TX,CRP,C,so,234,Victoria,TX234,-96.9715,28.7964,Victoria
TX,CRP,C,so,233,Goliad,TX233,-97.4264,28.6571,Goliad
TX,HGX,C,se,213,Inland Harris,TX213,-95.2135,29.7344,Inland Harris
MN,FGF,C,nw,004,Kittson,MN004,-96.7826,48.7766,Kittson
MN,DLH,C,nc,010,Koochiching,MN010,-93.7834,48.2453,Koochiching
MN,DLH,C,ne,012,Northern Cook/Northern Lake,MN012,-91.1966,47.8295,Northern Cook/Northern Lake
MN,DLH,C,ne,021,Southern Cook/North Shore,MN021,-90.4121,47.8034,Southern Cook/North Shore
MN,DLH,C,ne,020,Southern Lake/North Shore,MN020,-91.4479,47.282,Southern Lake/North Shore
TX,EWX,C,sc,217,Maverick,TX217,-100.3145,28.7426,Maverick
TX,CRP,C,so,239,Webb,TX239,-99.3316,27.7611,Webb
TX,BRO,C,sc,248,Zapata,TX248,-99.1686,27.0007,Zapata
TX,BRO,C,sc,252,Starr,TX252,-98.7384,26.5621,Starr
TX,BRO,C,sc,253,Southern Hidalgo,TX253,-98.1789,26.2769,Southern Hidalgo
TX,BRO,C,sc,255,Inland Cameron,TX255,-97.5793,26.1202,Inland Cameron
TX,BRO,C,sc,254,Inland Willacy,TX254,-97.7187,26.4665,Inland Willacy
TX,EWX,C,sc,183,Val Verde,TX183,-101.1517,29.893,Val Verde
TX,EWX,C,sc,202,Kinney,TX202,-100.418,29.3502,Kinney
TX,MAF,C,sw,082,Terrell,TX082,-102.0765,30.225,Terrell
TX,EPZ,M,sw,419,Eastern/Central El Paso County,TX419,-106.2948,31.8096,Eastern/Central El Paso County
NY,BTV,E,nn,026,Northern St. Lawrence,NY026,-74.9156,44.8468,Northern St. Lawrence
NY,BTV,E,nn,087,Southwestern St. Lawrence,NY087,-75.306,44.5174,Southwestern St. Lawrence
NY,BUF,E,cc,007,Jefferson,NY007,-75.9102,44.0409,Jefferson
NY,BUF,E,cc,006,Oswego,NY006,-76.1412,43.4261,Oswego
NY,BUF,E,cc,005,Northern Cayuga,NY005,-76.6084,43.1775,Northern Cayuga
NY,BUF,E,ww,004,Wayne,NY004,-77.0292,43.1566,Wayne
NY,BUF,E,ww,003,Monroe,NY003,-77.6958,43.1464,Monroe
NY,BUF,E,ww,001,Niagara,NY001,-78.7427,43.2011,Niagara
TX,BRO,C,sc,249,Jim Hogg,TX249,-98.6973,27.0434,Jim Hogg
TX,BRO,C,sc,250,Brooks,TX250,-98.2187,27.0316,Brooks
TX,CRP,C,so,240,Duval,TX240,-98.5089,27.6813,Duval
TX,CRP,C,so,241,Jim Wells,TX241,-98.0902,27.7311,Jim Wells
PA,PHI,E,se,106,Lower Bucks,PA106,-74.9727,40.2342,Lower Bucks
PA,PHI,E,se,104,Eastern Montgomery,PA104,-75.2419,40.1354,Eastern Montgomery
PA,PHI,E,se,102,Eastern Chester,PA102,-75.6777,39.9108,Eastern Chester
MN,DLH,C,ne,011,North St. Louis,MN011,-92.5323,48.1523,Carlton/South St. Louis
NC,ILM,E,se,108,Coastal New Hanover,NC108,-77.8536,34.1515,Coastal New Hanover
NC,ILM,E,se,106,Coastal Pender,NC106,-77.6424,34.3843,Coastal Pender
NC,ILM,E,se,110,Coastal Brunswick,NC110,-78.2223,33.9367,Coastal Brunswick
NC,ILM,E,se,109,Inland Brunswick,NC109,-77.9548,34.1469,Inland Brunswick
NC,ILM,E,se,110,Coastal Brunswick,NC110,-78.0733,33.9401,Coastal Brunswick
MN,FGF,C,nw,002,Norman,MN002,-96.4551,47.3265,Norman
ND,FGF,C,se,030,Traill,ND030,-97.1615,47.4542,Traill
MN,DLH,C,ec,035,Northern Aitkin,MN035,-93.4185,46.826,Northern Aitkin
MN,DLH,C,ne,019,Central St. Louis,MN019,-92.4352,47.4461,Central St. Louis
MN,DLH,C,ne,037,Carlton/South St. Louis,MN037,-92.5801,46.7516,Carlton/South St. Louis
AS,PPG,S,,002,Manua,AS002,-169.506,-14.2219,Manua
VT,BTV,E,cc,010,Orange,VT010,-72.3769,44.0056,Orange
NC,MHX,E,ee,081,Mainland Hyde,NC081,-76.2532,35.5375,Mainland Hyde
NC,MHX,E,ee,046,Tyrrell,NC046,-76.2118,35.8161,Tyrrell
SC,ILM,E,ne,056,Coastal Georgetown,SC056,-79.2418,33.3522,Coastal Georgetown
SC,ILM,E,ne,056,Coastal Georgetown,SC056,-79.2353,33.2834,Coastal Georgetown
AS,PPG,S,,001,Tutuila and Aunuu,AS001,-170.7128,-14.2995,Tutuila and Aunuu
NC,MHX,E,ee,047,Mainland Dare,NC047,-75.8577,35.7753,Western Dare
MD,AKQ,E,se,022,Wicomico,MD022,-75.621,38.3734,Wicomico
NC,AKQ,E,ne,031,Chowan,NC031,-76.608,36.1507,Chowan
NC,AKQ,E,ne,015,Pasquotank,NC015,-76.2867,36.2974,Pasquotank
NC,AKQ,E,ne,014,Gates,NC014,-76.7011,36.4451,Gates
NC,AKQ,E,ne,030,Bertie,NC030,-76.9791,36.0662,Bertie
NC,AKQ,E,ne,032,Perquimans,NC032,-76.4419,36.2069,Perquimans
NC,AKQ,E,ne,012,Northampton,NC012,-77.3967,36.4177,Northampton
VA,AKQ,E,ec,083,New Kent,VA083,-76.9972,37.5052,New Kent
VA,AKQ,E,sc,067,Nottoway,VA067,-78.0513,37.1431,Nottoway
VA,AKQ,E,cc,069,Powhatan,VA069,-77.9151,37.5502,Powhatan
VA,AKQ,E,cc,060,Prince Edward,VA060,-78.4411,37.2243,Prince Edward
VA,AKQ,E,ec,517,Western King William,VA517,-77.1886,37.772,Western King William
VA,AKQ,E,se,088,Sussex,VA088,-77.2618,36.9218,Sussex
VA,AKQ,E,ec,520,Eastern King and Queen,VA520,-76.7997,37.6445,Eastern King and Queen
VA,AKQ,E,cc,511,Western Hanover,VA511,-77.5823,37.809,Western Hanover
VA,AKQ,E,cc,062,Goochland,VA062,-77.9164,37.722,Goochland
VA,AKQ,E,cc,048,Fluvanna,VA048,-78.2774,37.8418,Fluvanna
VA,AKQ,E,sc,080,Dinwiddie,VA080,-77.6323,37.0759,Dinwiddie
VA,AKQ,E,cc,061,Cumberland,VA061,-78.245,37.512,Cumberland
VA,AKQ,E,nc,064,Caroline,VA064,-77.3475,38.0272,Caroline
VA,AKQ,E,sc,079,Brunswick,VA079,-77.859,36.7648,Brunswick
VA,AKQ,E,cc,068,Amelia,VA068,-77.976,37.336,Amelia
VA,AKQ,E,ec,082,Charles City,VA082,-77.0613,37.3565,Charles City
VA,AKQ,E,cc,510,Eastern Louisa,VA510,-77.8608,37.9335,Eastern Louisa
VA,AKQ,E,sc,066,Lunenburg,VA066,-78.2405,36.9462,Lunenburg
VA,AKQ,E,sc,065,Mecklenburg,VA065,-78.3627,36.6804,Mecklenburg
NC,AKQ,E,ne,016,Camden,NC016,-76.2101,36.3902,Camden
VA,AKQ,E,ec,082,Charles City,VA082,-76.9028,37.2385,Charles City
VA,AKQ,E,se,097,Chesapeake,VA097,-76.3024,36.6778,Chesapeake
VA,AKQ,E,ec,075,Westmoreland,VA075,-76.7252,38.1366,Westmoreland
VA,AKQ,E,ee,077,Northumberland,VA077,-76.4233,37.8875,Northumberland
VA,AKQ,E,ee,086,Mathews,VA086,-76.3392,37.4632,Mathews
VA,AKQ,E,ee,086,Mathews,VA086,-76.3444,37.4368,Mathews
VA,AKQ,E,ec,076,Richmond,VA076,-76.7671,37.8881,Richmond
VA,AKQ,E,ec,522,Eastern Essex,VA522,-76.7596,37.847,Eastern Essex
VA,AKQ,E,ee,077,Northumberland,VA077,-76.4378,37.9686,Northumberland
VA,AKQ,E,ee,084,Gloucester,VA084,-76.4883,37.3643,Gloucester
VA,AKQ,E,se,090,James City,VA090,-76.8324,37.2297,James City
VA,AKQ,E,se,098,Virginia Beach,VA098,-76.0571,36.7494,Virginia Beach
NC,AKQ,E,ne,017,Western Currituck,NC017,-76.034,36.4012,Western Currituck
VA,AKQ,E,ee,085,Middlesex,VA085,-76.5151,37.6424,Middlesex
VA,AKQ,E,se,084,Gloucester,VA084,-76.5431,37.4257,Gloucester
VA,AKQ,E,ee,100,Northampton,VA100,-75.8995,37.3566,Northampton
MD,AKQ,E,se,024,Inland Worcester,MD024,-75.3833,38.2142,Inland Worcester
MD,AKQ,E,se,025,Maryland Beaches,MD025,-75.1598,38.251,Maryland Beaches
VA,AKQ,E,sc,081,Prince George,VA081,-77.2389,37.1915,Prince George
VA,AKQ,E,se,092,Southampton,VA092,-77.1043,36.7196,Southampton
VA,AKQ,E,cc,513,Western Chesterfield,VA513,-77.6693,37.4096,Western Chesterfield
VA,AKQ,E,se,087,Greensville,VA087,-77.559,36.6763,Greensville
VA,AKQ,E,cc,516,Eastern Henrico,VA516,-77.3176,37.4797,Eastern Henrico
VA,AKQ,E,se,090,James City,VA090,-76.7741,37.3265,James City
VA,AKQ,E,se,089,Surry,VA089,-76.9009,37.1089,Surry
VA,AKQ,E,se,089,Surry,VA089,-76.8566,37.2113,Surry
VA,AKQ,E,ec,076,Richmond,VA076,-76.7249,37.9429,Richmond
VA,AKQ,E,ec,075,Westmoreland,VA075,-76.8052,38.1108,Westmoreland
MD,AKQ,E,se,021,Dorchester,MD021,-76.0083,38.4797,Dorchester
NC,AKQ,E,ne,013,Hertford,NC013,-76.9837,36.359,Hertford
NC,AKQ,E,ne,102,Eastern Currituck,NC102,-75.8439,36.4001,Eastern Currituck
NC,AKQ,E,ne,017,Western Currituck,NC017,-75.9184,36.2197,Western Currituck
NC,AKQ,E,ne,032,Perquimans,NC032,-76.3487,36.141,Perquimans
NC,AKQ,E,ne,031,Chowan,NC031,-76.6914,36.1513,Chowan
NC,AKQ,E,ne,030,Bertie,NC030,-76.7246,36.1197,Bertie
NC,AKQ,E,ne,016,Camden,NC016,-76.0277,36.2239,Camden
NC,AKQ,E,ne,015,Pasquotank,NC015,-76.1331,36.2046,Pasquotank
NC,AKQ,E,ne,013,Hertford,NC013,-76.7495,36.3111,Hertford
MD,AKQ,E,se,021,Dorchester,MD021,-76.1372,38.5492,Dorchester
NC,AKQ,E,ne,014,Gates,NC014,-76.6926,36.3019,Gates
VA,AKQ,E,ee,085,Middlesex,VA085,-76.5769,37.6353,Middlesex
VA,AKQ,E,ee,078,Lancaster,VA078,-76.464,37.7367,Lancaster
MD,AKQ,E,se,023,Somerset,MD023,-75.7449,38.119,Somerset
VA,AKQ,E,se,099,Accomack,VA099,-75.6472,37.766,Accomack
ND,FGF,C,se,053,Richland,ND053,-96.9483,46.2646,Richland
MN,ABR,C,wc,039,Traverse,MN039,-96.4716,45.7721,Traverse
MN,FGF,C,wc,029,Wilkin,MN029,-96.4683,46.3571,Wilkin
SD,ABR,C,ne,008,Roberts,SD008,-96.9461,45.6296,Roberts
VA,AKQ,E,ee,078,Lancaster,VA078,-76.53,37.7189,Lancaster
MI,GRR,E,wc,043,Oceana,MI043,-86.4212,43.7692,Oceana
WI,MKX,C,ec,052,Sheboygan,WI052,-87.9454,43.7212,Sheboygan
WI,GRB,C,ne,074,Southern Oconto County,WI074,-88.139,44.8829,Southern Oconto County
NC,ILM,E,se,108,Coastal New Hanover,NC108,-77.8825,34.0968,Coastal New Hanover
NC,ILM,E,se,106,Coastal Pender,NC106,-77.6199,34.386,Coastal Pender
FL,TAE,C,pa,008,Central Walton,FL008,-85.8977,30.5448,Central Walton
GA,JAX,E,se,154,Coastal Glynn,GA154,-81.4443,31.1958,Coastal Glynn
WI,MKX,C,se,071,Racine,WI071,-88.0551,42.7477,Racine
MI,GRR,E,sw,056,Ottawa,MI056,-86.1799,42.9435,Ottawa
VT,BTV,E,ne,007,Caledonia,VT007,-72.1022,44.4647,Caledonia
VT,BTV,E,nw,006,Lamoille,VT006,-72.6414,44.6057,Lamoille
VT,BTV,E,cc,008,Washington,VT008,-72.6149,44.2734,Washington
VT,BTV,E,ne,004,Essex,VT004,-71.7364,44.7281,Essex
ME,GYX,E,ww,007,Northern Oxford,ME007,-70.8789,44.8431,Northern Oxford
NH,GYX,E,nn,001,Northern Coos,NH001,-71.2832,44.9761,Northern Coos
NY,BTV,E,nn,034,Western Essex,NY034,-73.8551,44.0851,Western Essex
NY,BTV,E,nn,035,Eastern Essex,NY035,-73.4345,44.2489,Eastern Essex
NY,BTV,E,nn,028,Eastern Clinton,NY028,-73.5131,44.8026,Eastern Clinton
NY,BTV,E,nn,031,Western Clinton,NY031,-73.7931,44.7069,Western Clinton
NY,BTV,E,nn,030,Southern Franklin,NY030,-74.2734,44.5162,Southern Franklin
NY,BTV,E,nn,027,Northern Franklin,NY027,-74.4258,44.9016,Northern Franklin
NY,BTV,E,nn,029,Southeastern St. Lawrence,NY029,-74.8555,44.3207,Southeastern St. Lawrence
VT,BTV,E,nw,017,Eastern Chittenden,VT017,-72.9287,44.4237,Eastern Chittenden
VT,BTV,E,nw,005,Western Chittenden,VT005,-73.1562,44.4793,Western Chittenden
VT,BTV,E,cc,009,Western Addison,VT009,-73.2394,44.0214,Western Addison
VT,BTV,E,cc,018,Eastern Addison,VT018,-72.9674,44.0466,Eastern Addison
VT,BTV,E,nw,016,Eastern Franklin,VT016,-72.7255,44.8663,Eastern Franklin
VT,BTV,E,nw,002,Western Franklin,VT002,-73.034,44.8517,Western Franklin
NH,GYX,E,nn,004,Northern Carroll,NH004,-71.1779,44.078,Northern Carroll
NH,GYX,E,nn,003,Northern Grafton,NH003,-71.7514,44.0964,Northern Grafton
NH,GYX,E,nn,002,Southern Coos,NH002,-71.3228,44.4714,Southern Coos
VT,BTV,E,ne,003,Orleans,VT003,-72.2438,44.8288,Orleans
VT,BTV,E,nw,001,Grand Isle,VT001,-73.2948,44.7968,Grand Isle
MI,GRR,E,wc,037,Mason,MI037,-86.4421,43.9392,Mason
OR,PDT,P,cc,511,Central Oregon,OR511,-121.1488,44.4439,North Central Oregon
OR,PDT,P,nc,510,North Central Oregon,OR510,-120.9649,45.221,North Central Oregon
FL,TBW,E,nn,239,Inland Levy,FL239,-82.6633,29.3606,Levy
FL,TBW,E,wc,242,Inland Citrus,FL242,-82.4142,28.8489,Citrus
FL,TBW,E,wc,148,Coastal Hernando,FL148,-82.6112,28.5709,Hernando
FL,TBW,E,wc,251,Inland Hillsborough,FL251,-82.2469,27.9311,Inland Hillsborough
FL,TBW,E,wc,160,Coastal Sarasota,FL160,-82.4136,27.1492,Coastal Sarasota
FL,TBW,E,sw,265,Inland Lee,FL265,-81.727,26.5892,Lee
FL,TBW,E,sw,165,Coastal Lee,FL165,-81.978,26.5608,Coastal Lee
FL,TBW,E,wc,149,Coastal Pasco,FL149,-82.6809,28.2916,Pasco
FL,TBW,E,wc,249,Inland Pasco,FL249,-82.3345,28.3127,Pasco
FL,TAE,E,bb,127,Coastal Wakulla,FL127,-84.4749,30.0061,Coastal Wakulla
FL,TAE,E,bb,127,Coastal Wakulla,FL127,-84.3009,30.0968,Coastal Wakulla
FL,TBW,E,sw,262,Inland Charlotte,FL262,-81.9474,26.9848,Charlotte
FL,TBW,E,wc,251,Inland Hillsborough,FL251,-82.3549,27.8027,Inland Hillsborough
FL,TBW,E,wc,255,Inland Manatee,FL255,-82.4701,27.5236,Inland Manatee
FL,TBW,E,wc,151,Coastal Hillsborough,FL151,-82.4241,27.7748,Coastal Hillsborough
FL,TBW,E,wc,155,Coastal Manatee,FL155,-82.5395,27.4983,Coastal Manatee
FL,TBW,E,wc,050,Pinellas,FL050,-82.7303,28.1264,Pinellas
FL,TBW,E,wc,142,Coastal Citrus,FL142,-82.6088,28.8125,Coastal Citrus
FL,TBW,E,wc,142,Coastal Citrus,FL142,-82.642,28.8577,Coastal Citrus
FL,TAE,E,bb,134,Coastal Dixie,FL134,-83.2252,29.4931,Coastal Dixie
FL,TBW,E,nn,139,Coastal Levy,FL139,-82.893,29.2421,Coastal Levy
MD,AKQ,E,se,024,Inland Worcester,MD024,-75.4976,38.1195,Inland Worcester
FL,TBW,E,sw,165,Coastal Lee,FL165,-81.957,26.5428,Coastal Lee
NM,EPZ,M,sc,410,Northern Dona Ana County,NM410,-106.9177,32.6132,Northern Dona Ana County
FL,TBW,E,sw,162,Coastal Charlotte,FL162,-82.1135,26.9118,Charlotte
FL,TBW,E,nn,139,Coastal Levy,FL139,-83.0885,29.2826,Coastal Levy
AZ,TWC,m,se,507,Upper San Pedro River Valley including Sierra Vista/Benson,AZ507,-110.3073,31.9331,Upper San Pedro River Valley
MD,AKQ,E,se,022,Wicomico,MD022,-75.843,38.2521,Wicomico
MD,PHI,E,ee,019,Talbot,MD019,-76.1393,38.7175,Talbot
WV,RNK,E,se,508,Western Greenbrier,WV508,-80.5952,38.0317,Western Greenbrier
MD,LWX,E,nn,508,Southeast Harford,MD508,-76.1635,39.5261,Harford
MD,LWX,E,nn,508,Southeast Harford,MD508,-76.229,39.4882,Harford
MD,LWX,E,nn,507,Northwest Harford,MD507,-76.3987,39.6258,Harford
MD,LWX,E,nn,507,Northwest Harford,MD507,-76.2155,39.6904,Harford
VA,LWX,E,nn,505,Western Loudoun,VA505,-77.6963,39.1337,Western Loudoun
VA,LWX,E,nn,506,Eastern Loudoun,VA506,-77.5151,39.0052,Eastern Loudoun
CA,SGX,P,sw,050,San Diego County Inland Valleys,CA050,-116.9615,33.0253,
CA,SGX,P,sw,043,San Diego County Coastal Areas,CA043,-117.2007,32.9298,
CA,SGX,P,ss,061,Coachella Valley,CA061,-116.2371,33.6887,
CA,SGX,P,sw,062,San Diego County Deserts,CA062,-116.2679,33.0924,
CA,SGX,P,sw,058,San Diego County Mountains,CA058,-116.5618,33.0415,
CA,SGX,P,ss,055,San Bernardino County Mountains,CA055,-117.0606,34.2094,
CA,SGX,P,ss,060,Apple and Lucerne Valleys,CA060,-117.0201,34.5432,
CA,SGX,P,ss,057,Santa Ana Mountains and Foothills,CA057,-117.4605,33.6273,
CA,SGX,P,ss,056,Riverside County Mountains,CA056,-116.6251,33.6162,
CA,SGX,P,sw,552,Orange County Coastal,CA552,-117.8648,33.6191,Orange County Coastal
CA,SGX,P,sw,554,Orange County Inland,CA554,-117.7705,33.7234,Orange County Inland
CA,SGX,P,sw,065,San Gorgonio Pass Near Banning,CA065,-116.613,33.9303,San Gorgonio Pass Near Banning
FL,JAX,E,ne,024,Inland Nassau,FL024,-81.8808,30.602,Inland Nassau
FL,JAX,E,ne,125,Coastal Duval,FL125,-81.5262,30.352,Coastal Duval
FL,JAX,E,ne,425,Western Duval,FL425,-81.8388,30.3364,Western Duval
FL,JAX,E,ne,124,Coastal Nassau,FL124,-81.5495,30.6366,Coastal Nassau
CA,SGX,P,ss,048,San Bernardino and Riverside County Valleys-The Inland Empire,CA048,-117.2517,33.8468,
VA,RNK,E,wc,024,Rockbridge,VA024,-79.4465,37.8136,
VA,RNK,E,cc,035,Amherst,VA035,-79.1451,37.6048,
MD,LWX,E,cc,504,Central and Southeast Montgomery,MD504,-77.1144,39.0817,Montgomery
MD,LWX,E,cc,506,Central and Southeast Howard,MD506,-76.8655,39.2156,Howard
MD,LWX,E,cc,503,Northwest Montgomery,MD503,-77.3042,39.1971,Montgomery
MD,LWX,E,cc,505,Northwest Howard,MD505,-77.0369,39.3075,Howard
VA,AKQ,E,cc,509,Western Louisa,VA509,-78.1061,38.0408,Western Louisa
VA,LWX,E,nw,040,Rappahannock,VA040,-78.1351,38.6753,
VA,LWX,E,cc,038,Greene,VA038,-78.4462,38.2769,
VA,LWX,E,nw,039,Madison,VA039,-78.2562,38.3873,
VA,LWX,E,nw,029,Page,VA029,-78.4934,38.6395,
VA,LWX,E,ww,026,Rockingham,VA026,-78.8879,38.5198,
VA,LWX,E,cc,037,Albemarle,VA037,-78.545,38.0148,
VA,LWX,E,ww,025,Augusta,VA025,-79.1425,38.1779,
VA,LWX,E,nw,507,Northern Virginia Blue Ridge,VA507,-78.4042,38.5375,Northern Virginia Blue Ridge
VA,LWX,E,cc,508,Central Virginia Blue Ridge,VA508,-78.9316,37.998,Central Virginia Blue Ridge
VA,LWX,E,nw,030,Warren,VA030,-78.2065,38.9141,
VA,AKQ,E,cc,514,Eastern Chesterfield (Including Col. Heights),VA514,-77.4486,37.3244,Eastern Chesterfield (Including*
VA,AKQ,E,cc,515,Western Henrico (Including the City of Richmond),VA515,-77.5196,37.5912,Northwest Henrico (Incliding th*
VA,AKQ,E,cc,512,Eastern Hanover,VA512,-77.2793,37.6471,Eastern Hanover
VA,AKQ,E,ec,518,Eastern King William,VA518,-76.9564,37.6205,Eastern King William
VA,AKQ,E,ec,522,Eastern Essex,VA522,-76.8264,37.8275,Eastern Essex
VA,AKQ,E,ec,521,Western Essex,VA521,-77.0061,37.9924,Western Essex
VA,AKQ,E,ec,521,Western Essex,VA521,-76.8998,37.9885,Western Essex
VA,AKQ,E,se,524,Newport News,VA524,-76.519,37.1051,Newport News
VA,AKQ,E,se,523,York,VA523,-76.5643,37.2374,York
VA,AKQ,E,se,523,York,VA523,-76.4214,37.1631,York
VA,AKQ,E,ec,519,Western King and Queen,VA519,-77.0678,37.852,Western King and Queen
WV,LWX,E,ee,501,Western Grant,WV501,-79.2694,39.1678,Western Grant
WV,LWX,E,ee,502,Eastern Grant,WV502,-79.1316,39.0509,Eastern Grant
MI,MQT,E,wu,001,Keweenaw,MI001,-88.4287,47.6104,Keweenaw
AL,MOB,C,sw,264,Baldwin Central,AL264,-87.6925,30.5912,Baldwin Central
AL,MOB,C,sw,265,Mobile Coastal,AL265,-88.2224,30.4279,Mobile Coastal
AL,MOB,C,sw,266,Baldwin Coastal,AL266,-87.6493,30.3522,Baldwin Coastal
FL,MOB,C,nw,206,Okaloosa Coastal,FL206,-86.5783,30.4587,Okaloosa Coastal
AL,MOB,C,sw,263,Mobile Central,AL263,-88.2327,30.6559,Mobile Central
AL,MOB,C,sw,261,Mobile Inland,AL261,-88.1763,30.9712,Mobile Inland
FL,MOB,C,nw,204,Santa Rosa Coastal,FL204,-87.0128,30.4942,Santa Rosa Coastal
MN,FGF,C,nw,005,Roseau,MN005,-95.8107,48.7751,Roseau
MN,FGF,C,nc,006,Lake Of The Woods,MN006,-94.9048,48.7718,
MI,GRR,E,sw,071,Van Buren,MI071,-86.0189,42.2513,Van Buren
LA,LCH,C,sc,254,Lower St. Mary,LA254,-91.4596,29.671,Lower St. Mary
WV,PBZ,E,nn,513,Western Tucker,WV513,-79.6972,39.1581,Western Tucker
WV,PBZ,E,nn,510,Ridges of Eastern Monongalia and Northwestern Preston,WV510,-79.8291,39.5917,Ridges of Eastern Monongalia
WV,PBZ,E,nn,511,Preston,WV511,-79.7403,39.5,Preston Below 2000 Feet
OR,MFR,P,sw,027,South Central Oregon Cascades,OR027,-122.1567,43.1877,South Central Oregon Cascades
FL,KEY,E,se,076,Monroe Upper Keys,FL076,-80.4175,25.1496,Upper Keys in Monroe
FL,MFL,E,se,173,Coastal Miami Dade County,FL173,-80.3116,25.5826,Coastal Miami Dade County
VA,LWX,E,cc,036,Nelson,VA036,-78.857,37.7675,
AL,MOB,C,sw,262,Baldwin Inland,AL262,-87.7677,31.0199,Baldwin Inland
FL,TBW,E,wc,155,Coastal Manatee,FL155,-82.5574,27.4962,Coastal Manatee
WV,RLX,E,se,515,Northwest Raleigh,WV515,-81.3664,37.8161,Northwest Raleigh
WV,RLX,E,ne,523,Northwest Pocahontas,WV523,-79.9797,38.429,Northwest Pocahontas
WV,RLX,E,se,519,Northwest Nicholas,WV519,-80.8475,38.3226,Northwest Nicholas
WV,RLX,E,ne,526,Southeast Randolph,WV526,-79.8239,38.7298,Southeast Randolph
WV,RLX,E,se,517,Northwest Fayette,WV517,-81.1524,38.0706,Northwest Fayette
WV,RLX,E,ne,521,Northwest Webster,WV521,-80.4692,38.5398,Northwest Webster
WV,RLX,E,ne,525,Northwest Randolph,WV525,-79.9622,38.8495,Northwest Randolph
WV,RLX,E,ne,522,Southeast Webster,WV522,-80.3419,38.4185,Southeast Webster
FL,TBW,E,wc,151,Coastal Hillsborough,FL151,-82.4769,27.9291,Coastal Hillsborough
NY,BUF,E,ww,010,Northern Erie,NY010,-78.6925,42.9375,Northern Erie
MI,DTX,E,se,076,Wayne,MI076,-83.2865,42.284,Wayne
MI,APX,E,nn,016,Emmet,MI016,-84.8905,45.5205,Emmet
PR,SJU,V,,005,North Central,PR005,-66.5309,18.4154,North Central
FL,TAE,CE,pa,014,Inland Gulf,FL014,-85.1548,29.9508,Inland Gulf
VA,AKQ,E,se,525,Hampton/Poquoson,VA525,-76.3389,37.1081,Hampton/Poquoson
VA,AKQ,E,se,525,Hampton/Poquoson,VA525,-76.3651,37.0713,Hampton/Poquoson
MD,PHI,E,ne,015,Queen Anne's,MD015,-76.1834,38.989,Queen Anne's
MD,LWX,E,cc,014,Anne Arundel,MD014,-76.5279,38.9332,Anne Arundel
NY,OKX,E,se,081,Southeast Suffolk,NY081,-72.4591,40.9109,Southeast Suffolk
NY,OKX,E,se,072,New York (Manhattan),NY072,-73.9671,40.7786,New York (Manhattan)
WV,RLX,E,se,520,Southeast Nicholas,WV520,-80.6461,38.1937,Southeast Nicholas
WV,RLX,E,ne,524,Southeast Pocahontas,WV524,-80.0388,38.2241,Southeast Pocahontas
WV,RLX,E,se,516,Southeast Raleigh,WV516,-81.1069,37.7176,Southeast Raleigh
WV,RLX,E,se,518,Southeast Fayette,WV518,-80.9236,37.9363,Southeast Fayette
AZ,PSR,m,sc,550,South Mountain/Ahwatukee,AZ550,-112.0449,33.2829,South Mountain/Ahwatukee
AZ,PSR,m,sc,551,Southeast Valley/Queen Creek,AZ551,-111.7353,33.2616,Southeast Valley/Queen Creek
AZ,PSR,m,sc,560,San Carlos,AZ560,-110.532,33.3416,San Carlos
AZ,PSR,m,sc,561,Dripping Springs,AZ561,-110.7853,33.102,Dripping Springs
AZ,PSR,m,sc,562,Globe/Miami,AZ562,-110.8175,33.4344,Globe/Miami
AZ,PSR,m,sc,563,Southeast Gila County,AZ563,-110.4548,33.6107,Southeast Gila County
AZ,PSR,m,sc,556,Tonto Basin,AZ556,-111.1275,33.7079,Tonto Basin
AZ,PSR,m,sc,557,Mazatzal Mountains,AZ557,-111.4206,33.8233,Mazatzal Mountains
AZ,PSR,m,sc,558,Pinal/Superstition Mountains,AZ558,-110.9698,33.3639,Pinal/Superstition Mountains
AZ,PSR,m,sc,559,Sonoran Desert Natl Monument,AZ559,-112.5235,32.802,Sonoran Desert Natl Monument
AZ,PSR,m,sc,552,Superior,AZ552,-111.188,33.2702,Superior
AZ,PSR,m,sc,555,Apache Junction/Gold Canyon,AZ555,-111.3827,33.2584,Apache Junction/Gold Canyon
AZ,PSR,m,sc,553,Northwest Pinal County,AZ553,-111.7511,33.0209,Northwest Pinal County
AZ,PSR,m,sc,554,West Pinal County,AZ554,-112.1203,32.8658,West Pinal County
CA,PSR,P,ss,560,Joshua Tree NP West,CA560,-116.0848,33.9359,Joshua Tree NP West
CA,PSR,P,ss,561,Joshua Tree NP East,CA561,-115.6534,33.9563,Joshua Tree NP East
CA,PSR,P,se,562,Imperial County Southwest,CA562,-116.039,32.8129,Imperial County Southwest
CA,PSR,P,se,563,Salton Sea,CA563,-115.8096,33.3091,Salton Sea
CA,PSR,P,se,564,Chuckwalla Mountains,CA564,-115.2724,33.3715,Chuckwalla Mountains
AZ,PSR,m,sw,535,Southeast Yuma County,AZ535,-113.7573,32.3859,Southeast Yuma County
AZ,PSR,m,sw,531,Kofa,AZ531,-114.028,33.2172,Kofa
AZ,PSR,m,sw,536,Gila River Valley,AZ536,-113.804,32.8221,Gila River Valley
AZ,PSR,m,sw,532,Yuma,AZ532,-114.5114,32.6544,Yuma
CA,PSR,P,se,565,Imperial County Southeast,CA565,-114.9902,32.886,Imperial County Southeast
CA,PSR,P,se,566,Imperial County West,CA566,-115.9008,32.9909,Imperial County West
CA,PSR,P,se,567,Imperial Valley,CA567,-115.5185,32.9245,Imperial Valley
CA,PSR,P,ss,568,Chiriaco Summit,CA568,-115.6832,33.6785,Chiriaco Summit
AZ,PSR,m,sw,530,Parker Valley,AZ530,-114.4568,33.6989,Parker Valley
CA,PSR,P,se,569,Palo Verde Valley,CA569,-114.6527,33.4256,Palo Verde Valley
CA,PSR,P,se,570,Chuckwalla Valley,CA570,-115.0182,33.8125,Chuckwalla Valley
AZ,PSR,m,sw,533,Central La Paz,AZ533,-113.8131,33.8116,Central La Paz
AZ,PSR,m,sc,537,Northwest Valley,AZ537,-112.477,33.7421,Northwest Valley
AZ,PSR,m,sc,540,Buckeye/Avondale,AZ540,-112.4004,33.3912,Buckeye/Avondale
AZ,PSR,m,sc,539,Gila Bend,AZ539,-113.0566,32.8542,Gila Bend
AZ,PSR,m,sc,538,Tonopah Desert,AZ538,-112.9704,33.3971,Tonopah Desert
AZ,PSR,m,sc,534,Aguila Valley,AZ534,-112.9785,33.8662,Aguila Valley
AZ,PSR,m,sc,541,Cave Creek/New River,AZ541,-112.0129,33.8086,Cave Creek/New River
AZ,PSR,m,sc,542,Deer Valley,AZ542,-112.1301,33.7122,Deer Valley
AZ,PSR,m,sc,543,Central Phoenix,AZ543,-112.0552,33.4331,Central Phoenix
AZ,PSR,m,sc,544,North Phoenix/Glendale,AZ544,-112.1525,33.5716,North Phoenix/Glendale
AZ,PSR,m,sc,545,New River Mesa,AZ545,-111.8887,33.926,New River Mesa
AZ,PSR,m,sc,549,Fountain Hills/East Mesa,AZ549,-111.6592,33.5349,Fountain Hills/East Mesa
AZ,PSR,m,sc,547,Rio Verde/Salt River,AZ547,-111.51,33.7012,Rio Verde/Salt River
AZ,PSR,m,sc,548,East Valley,AZ548,-111.8134,33.3765,East Valley
AZ,PSR,m,sc,546,Scottsdale/Paradise Valley,AZ546,-111.8891,33.5351,Scottsdale/Paradise Valley
SC,ILM,E,ne,059,Northern Horry,SC059,-79.0299,34.0737,Northern Horry
TX,CRP,C,so,245,Coastal Aransas,TX245,-97.0065,28.1558,Coastal Aransas
TX,CRP,C,so,244,Inland San Patricio,TX244,-97.5879,28.0275,Inland San Patricio
TX,CRP,C,so,344,Coastal San Patricio,TX344,-97.2647,27.9431,Coastal San Patricio
TX,CRP,C,so,346,Coastal Refugio,TX346,-97.0144,28.2777,Coastal Refugio
TX,CRP,C,so,246,Inland Refugio,TX246,-97.208,28.3407,Inland Refugio
TX,CRP,C,so,443,Nueces Islands,TX443,-97.165,27.7079,Nueces Islands
TX,CRP,C,so,243,Inland Nueces,TX243,-97.7226,27.7423,Inland Nueces
TX,CRP,C,so,343,Coastal Nueces,TX343,-97.4107,27.6637,Coastal Nueces
TX,CRP,C,so,442,Kleberg Islands,TX442,-97.3101,27.4266,Kleberg Islands
TX,CRP,C,so,242,Inland Kleberg,TX242,-97.8503,27.4319,Inland Kleberg
TX,CRP,C,so,342,Coastal Kleberg,TX342,-97.4768,27.4408,Coastal Kleberg
TX,CRP,C,so,247,Inland Calhoun,TX247,-96.7923,28.5677,Inland Calhoun
TX,CRP,C,so,347,Coastal Calhoun,TX347,-96.5835,28.5117,Coastal Calhoun
TX,CRP,C,so,447,Calhoun Islands,TX447,-96.6387,28.2323,Calhoun Islands
TX,CRP,C,so,345,Aransas Islands,TX345,-96.939,28.0051,Aransas County Islands
FL,JAX,E,ne,138,Coastal Flagler,FL138,-81.1875,29.5436,Coastal Flagler
TX,BRO,C,sc,353,Northern Hidalgo,TX353,-98.1849,26.6133,Northern Hidalgo
TX,BRO,C,sc,251,Inland Kenedy,TX251,-97.7793,26.9205,Inland Kenedy
TX,AMA,C,pa,317,Palo Duro Canyon,TX317,-101.6778,34.9436,Palo Duro Canyon
TX,HGX,C,sc,335,Coastal Jackson,TX335,-96.4773,28.7655,Coastal Jackson
TX,HGX,C,se,336,Coastal Matagorda,TX336,-95.9366,28.7695,Coastal Matagorda
TX,HGX,C,se,337,Coastal Brazoria,TX337,-95.3623,29.0676,Coastal Brazoria
TX,HGX,C,se,313,Coastal Harris,TX313,-95.0568,29.7281,Coastal Harris
TX,HGX,C,se,313,Coastal Harris,TX313,-95.1134,29.743,Coastal Harris
TX,HGX,C,se,300,Southern Liberty,TX300,-94.6771,29.9703,Southern Liberty
TX,HGX,C,se,213,Inland Harris,TX213,-95.459,29.8829,Inland Harris
TX,HGX,C,se,238,Inland Galveston,TX238,-95.132,29.4207,Inland Galveston
TX,HGX,C,sc,235,Inland Jackson,TX235,-96.6044,29.0039,Inland Jackson
TX,HGX,C,se,436,Matagorda Islands,TX436,-95.9675,28.6248,Matagorda Islands
TX,HGX,C,se,236,Inland Matagorda,TX236,-96.0201,28.9561,Inland Matagorda
TX,HGX,C,se,237,Inland Brazoria,TX237,-95.5128,29.269,Inland Brazoria
TX,HGX,C,se,338,Coastal Galveston,TX338,-95.0029,29.3887,Coastal Galveston
TX,HGX,C,se,437,Brazoria Islands,TX437,-95.3005,28.9671,Brazoria Islands
ID,PIH,M,ee,066,Centennial Mountains/Island Park,ID066,-111.489,44.3674,Centennial Mountains/Island Park
ID,PIH,M,cc,072,Sawtooth/Stanley Basin,ID072,-114.9227,44.2935,Sawtooth/Stanley Basin
ID,PIH,M,se,060,Bear River Range,ID060,-111.5742,42.2521,Bear River Range
ID,PIH,M,se,062,Blackfoot Mountains,ID062,-111.747,42.9895,Blackfoot Mountains
ID,PIH,M,se,058,Marsh and Arbon Highlands,ID058,-112.2919,42.6797,Marsh and Arbon Highlands
ID,PIH,M,se,061,Bear Lake Valley,ID061,-111.2738,42.2447,Bear Lake Valley
ID,PIH,M,se,056,Southern Hills/Albion Mountains,ID056,-113.8364,42.1932,Southern Hills/Albion Mountains
ID,PIH,M,cc,070,Challis/Pahsimeroi Valleys,ID070,-114.0841,44.4002,Challis/Pahsimeroi Valleys
ID,PIH,M,cc,068,Lost River Valleys,ID068,-113.4263,43.8834,Lost River Valleys
ID,PIH,M,se,052,Arco/Mud Lake Desert,ID052,-112.7958,43.6353,Arco/Mud Lake Desert
ID,PIH,M,se,053,Upper Snake River Plain,ID053,-111.9224,43.7916,Upper Snake River Plain
ID,PIH,M,se,055,Eastern Magic Valley,ID055,-113.4605,42.7002,Eastern Magic Valley
ID,PIH,M,se,054,Lower Snake River Plain,ID054,-112.6045,43.1242,Lower Snake River Plain
ID,PIH,M,se,051,Shoshone/Lava Beds,ID051,-113.8956,43.0804,Shoshone/Lava Beds
ID,PIH,M,se,057,Raft River Region,ID057,-113.0516,42.2756,Raft River Region
ID,PIH,M,ee,065,Teton Valley,ID065,-111.2616,43.8894,Teton Valley
ID,PIH,M,ee,064,Big Hole Mountains,ID064,-111.2986,43.6154,Big Hole Mountains
ID,PIH,M,cc,071,Frank Church Wilderness,ID071,-114.5294,44.416,Frank Church Wilderness
ID,PIH,M,cc,073,Sun Valley Region,ID073,-114.4186,43.7253,Sun Valley Region
ID,PIH,M,cc,074,Big Lost Highlands/Copper Basin,ID074,-113.9943,43.8258,Big Lost Highlands/Copper Basin
ID,PIH,M,se,063,Caribou Range,ID063,-111.2925,42.9919,Caribou Range
ID,PIH,M,cc,075,Wood River Foothills,ID075,-114.1369,43.4301,Wood River Foothilss
ID,PIH,M,se,059,Franklin/Eastern Oneida Region,ID059,-112.1984,42.2039,Franklin/Eastern Oneida Region
ID,PIH,M,ee,067,Beaverhead/Lemhi Highlands,ID067,-112.5387,44.2232,Beaverhead/Lemhi Highlands
ID,PIH,M,cc,069,Lost River Range,ID069,-113.5633,44.122,Lost River Range
MI,APX,E,ee,096,Eastern Mackinac,MI096,-84.7048,46.0503,Eastern Mackinac
MI,APX,E,ee,086,Western Chippewa,MI086,-84.9529,46.3926,Western Chippewa
MI,APX,E,ee,087,Central Chippewa,MI087,-84.3611,46.3221,Central Chippewa
MI,APX,E,ee,097,Mackinac Island/Bois Blanc Island,MI097,-84.4809,45.779,Mackinac Island
MI,APX,E,ee,095,Western Mackinac,MI095,-85.5266,46.1362,Western Mackinac
MI,APX,E,nn,099,Charlevoix,MI099,-85.0407,45.2247,Charlevoix
MI,APX,E,nn,098,Beaver Island and surrounding islands,MI098,-85.55,45.6806,Beaver Island
MI,APX,E,ee,088,Southeast Chippewa,MI088,-83.9353,46.0374,Southeast Chippewa
TX,MAF,C,ww,274,Reeves County Plains,TX274,-103.68,31.3331,Reeves County Plains
NM,MAF,M,se,027,Guadalupe Mountains of Eddy County,NM027,-104.748,32.1804,Mountains of Eddy County
NM,MAF,M,se,028,Eddy County Plains,NM028,-104.2717,32.4929,Eddy County Plains
TX,MAF,C,sw,276,Marfa Plateau,TX276,-104.2468,30.179,Marfa Plateau
TX,MAF,C,sw,273,Eastern Culberson County,TX273,-104.3586,31.6553,Eastern Culberson County
TX,MAF,M,sw,270,Guadalupe Mountains Above 7000 Feet,TX270,-104.8425,31.9461,Guadalupe Above 7000
TX,MAF,CM,sw,271,Guadalupe and Delaware Mountains,TX271,-104.7324,31.7378,Guadalupe and Delaware Mountains
TX,MAF,C,sw,281,Presidio Valley,TX281,-104.3805,29.8815,Presidio Valley
TX,MAF,C,sw,272,Van Horn and Highway 54 Corridor,TX272,-104.7304,31.2124,Van Horn and Hwy 54 Corridor
TX,MAF,C,sw,278,Davis Mountains Foothills,TX278,-103.787,30.7538,Davis Mountains Foothills
TX,MAF,C,sw,280,Chisos Basin,TX280,-103.2892,29.2508,Chisos Basin
TX,MAF,C,sw,282,Lower Brewster County,TX282,-103.0213,29.5252,Lower Brewster County
TX,MAF,C,sw,279,Central Brewster County,TX279,-103.3132,29.8383,Central Brewster County
TX,MAF,C,sw,275,Chinati Mountains,TX275,-104.3962,30.0939,Chinati Mountains
TX,MAF,C,sw,277,Davis Mountains,TX277,-103.985,30.5275,Davis Mountains
GA,JAX,E,se,264,Northeastern Charlton,GA264,-81.9942,30.947,Northeastern Charlton
GA,JAX,E,se,350,Southern Ware,GA350,-82.3431,30.7473,Southern Ware
FL,JAX,E,nn,322,Northern Columbia,FL322,-82.587,30.4143,Northern Columbia
FL,JAX,E,nn,236,Western Alachua,FL236,-82.523,29.6482,Western Alachua
FL,JAX,E,nn,340,Western Marion,FL340,-82.3279,29.1889,Western Marion
FL,JAX,E,nn,140,Eastern Marion,FL140,-81.7957,29.217,Eastern Marion
NC,MHX,E,ee,205,Hatteras Island,NC205,-75.5413,35.3945,Hatteras Island
NC,MHX,E,ee,203,Northern Outer Banks,NC203,-75.6658,35.9623,Northern Outer Banks Dare
NC,MHX,E,ee,204,Ocracoke Island,NC204,-75.9147,35.1282,Ocracoke Island
NC,MHX,E,ee,194,Southern Craven,NC194,-76.9698,34.9541,Southern Craven
NC,MHX,E,ee,193,Northern Craven,NC193,-77.1891,35.2508,Northern Craven
NC,MHX,E,ee,195,West Carteret,NC195,-76.9068,34.7672,West Carteret
NC,MHX,E,ee,196,East Carteret,NC196,-76.5121,34.8732,East Carteret
SC,CAE,E,cc,115,Northern Lancaster,SC115,-80.842,34.9326,Northern Lancaster
NC,MHX,E,ee,199,Coastal Onslow,NC199,-77.3148,34.6161,Coastal Onslow
NC,MHX,E,ee,198,Inland Onslow,NC198,-77.4736,34.7775,Inland Onslow
MT,BYZ,M,sc,169,Bighorn Canyon,MT169,-108.1417,45.1827,Bighorn Canyon
MT,BYZ,M,sc,173,Northeastern Yellowstone,MT173,-107.9135,46.1581,Northeastern Yellowstone
MT,BYZ,M,se,032,Custer,MT032,-105.5718,46.2527,Custer
MT,BYZ,M,sc,170,Northern Carbon,MT170,-108.9346,45.4565,Northern Carbon
MT,BYZ,M,sc,056,Red Lodge Foothills,MT056,-109.2924,45.2833,Red Lodge Foothills
WY,BYZ,M,nc,199,Sheridan Foothills,WY199,-106.6472,44.7977,Sheridan Foothills
MT,BYZ,M,se,036,Powder River,MT036,-105.6301,45.395,Powder River
MT,BYZ,M,cc,063,Judith Gap,MT063,-109.6782,46.6384,Judith Gap
MT,BYZ,M,cc,042,Golden Valley,MT042,-109.1643,46.3251,Golden Valley
MT,BYZ,M,sc,034,Northern Stillwater,MT034,-109.2176,45.8098,Northern Stillwater
MT,BYZ,M,sc,065,Livingston Area,MT065,-110.5011,45.6959,Livingston Area
MT,BYZ,M,sc,040,Northern Park,MT040,-110.6013,45.9621,Northern Park
MT,BYZ,M,sc,067,Absaroka/Beartooth Mountains,MT067,-110.1893,45.2637,Absaroka/Beartooth Mountains
MT,BYZ,M,sc,138,Southern Big Horn,MT138,-107.3455,45.2712,Southern Big Horn
MT,BYZ,M,se,058,Southern Rosebud,MT058,-106.4963,45.4286,Southern Rosebud
MT,BYZ,M,sc,030,Treasure,MT030,-107.2717,46.2115,Treasure
MT,BYZ,M,sc,068,Crazy Mountains,MT068,-110.3156,46.0653,Crazy Mountains
MT,BYZ,M,sc,172,Melville Foothills,MT172,-110.0264,46.1376,Melville Foothills
MT,BYZ,M,sc,171,Pryor/Northern Bighorn Mountains,MT171,-108.2446,45.1683,Pryor/Northern Bighorn Mountains
MT,BYZ,M,se,031,Northern Rosebud,MT031,-106.7762,46.3849,Northern Rosebud
MT,BYZ,M,sc,235,Southwestern Yellowstone,MT235,-108.4981,45.8003,Southwestern Yellowstone
MT,BYZ,M,se,033,Fallon,MT033,-104.4174,46.334,Fallon
MT,BYZ,M,sc,139,Southeastern Carbon,MT139,-108.8466,45.1361,Southeastern Carbon
WY,BYZ,M,nc,198,Northeast Bighorn Mountains,WY198,-107.4663,44.7706,Northeast Bighorn Mountains
MT,BYZ,M,sc,057,Northern Big Horn,MT057,-107.4595,45.7318,Northern Big Horn
MT,BYZ,M,cc,029,Musselshell,MT029,-108.3977,46.4966,Musselshell
MT,BYZ,M,se,037,Carter,MT037,-104.5361,45.5168,Carter
MT,BYZ,M,sc,141,Northern Sweet Grass,MT141,-109.8014,45.9146,Northern Sweet Grass
MT,BYZ,M,sc,064,Paradise Valley,MT064,-110.7098,45.3939,Paradise Valley
MT,BYZ,M,sc,066,Beartooth Foothills,MT066,-109.8035,45.5734,Beartooth Foothills
MT,BYZ,M,cc,228,Southern Wheatland,MT228,-109.8007,46.4003,Southern Wheatland
NM,ABQ,M,ec,235,Curry County,NM235,-103.3468,34.5741,Curry County
NM,ABQ,M,ec,237,De Baca County,NM237,-104.412,34.3424,De Baca County
NM,ABQ,M,ec,233,Guadalupe County,NM233,-104.7907,34.8633,Guadalupe County
NM,ABQ,M,ne,231,Harding County,NM231,-103.8199,35.858,Harding County
NM,ABQ,M,ec,234,Quay County,NM234,-103.5497,35.1043,Quay County
NM,ABQ,M,ec,236,Roosevelt County,NM236,-103.4802,34.0213,Roosevelt County
NM,ABQ,M,nc,210,Tusas Mountains Including Chama,NM210,-106.2539,36.7058,Tusas Mountains and Chama
NM,ABQ,M,cc,220,Lower Rio Grande Valley,NM220,-106.8008,33.9223,Lower Rio Grande Valley
NM,ABQ,M,se,238,Chaves County Plains,NM238,-104.3114,33.498,Chaves County Plains
NM,ABQ,M,se,240,Southwest Chaves County,NM240,-105.0963,32.8182,Southwest Chaves County
NM,ABQ,M,ne,229,Northeast Highlands,NM229,-105.0208,35.5317,Northeast Highlands
NM,ABQ,M,ne,230,Union County,NM230,-103.4227,36.4519,Union County
NM,ABQ,M,cc,239,Eastern Lincoln County,NM239,-105.1628,33.7904,Eastern Lincoln County
NM,ABQ,M,cc,226,South Central Mountains,NM226,-105.5869,33.5868,South Central Mountains
NM,ABQ,M,wc,209,San Francisco River Valley,NM209,-108.8601,33.509,San Francisco River Valley
NM,ABQ,M,nc,216,Upper Rio Grande Valley,NM216,-105.7524,36.6232,Upper Rio Grande Valley
NM,ABQ,M,nc,211,Jemez Mountains,NM211,-106.5974,35.9021,Jemez Mountains
NM,ABQ,M,nc,219,Middle Rio Grande Valley/Albuquerque Metro Area,NM219,-106.7444,35.0023,Middle Rio Grande Valley/ABQ
NM,ABQ,M,nc,218,Santa Fe Metro Area,NM218,-106.1074,35.5304,Santa Fe Metro Area
NM,ABQ,M,nc,206,West Central Mountains,NM206,-108.0574,35.0709,West Central Mountains
NM,ABQ,M,nc,207,West Central Highlands,NM207,-107.3538,34.9677,West Central Highlands
NM,ABQ,M,nc,204,Northwest Highlands,NM204,-107.5052,36.0067,Northwest Highlands
NM,ABQ,M,nc,221,Sandia/Manzano Mountains Including Edgewood,NM221,-106.3043,34.9556,Sandia/Manzano Mountains
NM,ABQ,M,nc,217,Espanola Valley,NM217,-106.0931,36.1335,Espanola Valley
NM,ABQ,M,nc,223,Central Highlands,NM223,-105.5657,34.8354,Central Highlands
NM,ABQ,M,nc,212,Glorieta Mesa Including Glorieta Pass,NM212,-105.694,35.516,Glorieta Mesa
NM,ABQ,M,nc,214,Southern Sangre de Cristo Mountains,NM214,-105.5998,35.9865,Southern Sangre de Cristo Mts
NM,ABQ,M,nc,222,Estancia Valley,NM222,-105.9856,34.789,Estancia Valley
NM,ABQ,M,nc,203,Far Northwest Highlands,NM203,-107.1028,36.6585,Far Northwest Highlands
NM,ABQ,M,cc,208,Southwest Mountains,NM208,-108.317,33.8571,Southwest Mountains
NM,ABQ,M,cc,224,South Central Highlands,NM224,-106.1646,34.1329,South Central Highlands
NM,ABQ,M,cc,225,Upper Tularosa Valley,NM225,-106.0398,33.6587,Upper Tularosa Valley
NM,ABQ,M,wc,205,West Central Plateau,NM205,-108.817,35.0288,West Central Plateau
NM,ABQ,M,ne,232,Eastern San Miguel County,NM232,-104.2579,35.4457,Eastern San Miguel County
NM,ABQ,M,ne,215,East Slopes Sangre de Cristo Mountains,NM215,-105.1554,36.2296,East Slopes Sangre de Cristo Mts
NM,ABQ,M,ne,228,Far Northeast Highlands,NM228,-104.5899,36.256,Far Northeast Highlands
NM,ABQ,M,ne,227,Johnson and Bartlett Mesas Including Raton Pass,NM227,-104.3106,36.7769,Johnson and Bartlett Mesas
NM,ABQ,M,ne,213,Northern Sangre de Cristo Mountains,NM213,-105.3905,36.7161,Northern Sangre de Cristo Mts
NM,ABQ,M,nw,201,Northwest Plateau,NM201,-108.4064,36.427,Northwest Plateau
NM,ABQ,M,nw,202,Chuska Mountains,NM202,-108.9296,36.0409,Chuska Mountains
NM,ABQ,M,cc,241,San Agustin Plains and Adjacent Lowlands,NM241,-107.5332,33.9792,San Agustin Plains
OR,MFR,P,sw,028,Siskiyou Mountains and Southern Oregon Cascades,OR028,-122.4507,42.3339,Siskiyou Mountains and Southern
CA,MFR,P,nn,081,Central Siskiyou County,CA081,-122.5631,41.7362,Central Siskiyou County
CA,MFR,P,nn,080,Western Siskiyou County,CA080,-123.164,41.5562,Western Siskiyou County
OR,MFR,P,sw,026,Jackson County,OR026,-122.8457,42.4652,Jackson County
CA,EKA,P,cc,114,Northern Lake,CA114,-122.8628,39.3619,Northern Lake
CA,EKA,P,cc,120,Eastern Lake,CA120,-122.5648,38.9668,Eastern Lake
OR,MFR,P,sw,024,Eastern Curry County and Josephine County,OR024,-123.7443,42.3902,Eastern Curry County and Josephi
OR,MFR,P,sw,022,Curry County Coast,OR022,-124.3014,42.3426,Curry County Coast
CA,EKA,P,nw,105,Northeastern Interior Humboldt,CA105,-123.7436,41.1031,Northeastern Interior Humboldt
CA,EKA,P,nw,109,Coastal Mendocino,CA109,-123.7271,39.3778,Coastal Mendocino
CA,EKA,P,nw,112,Southwestern Interior Mendocino,CA112,-123.4915,39.1561,SW Interior Mendocino
CA,EKA,P,nw,113,Southeastern Interior Mendocino,CA113,-123.1953,39.0904,SE Interior Mendocino
CA,EKA,P,nw,111,Northeastern Interior Mendocino,CA111,-123.1396,39.7603,NE Interior Mendocino
CA,EKA,P,nw,110,Northwestern Interior Mendocino,CA110,-123.4371,39.6359,NW Interior Mendocino
CA,EKA,P,nw,103,Northern Coastal Humboldt,CA103,-124.1211,40.8104,Northern Coastal Humboldt
CA,EKA,P,nw,106,Southeastern Interior Humboldt,CA106,-123.7949,40.4135,SE Interior Humboldt
CA,EKA,P,nw,108,Southern Trinity,CA108,-123.2788,40.3374,Southern Trinity
CA,EKA,P,nw,116,Northwestern and Central Trinity,CA116,-123.1391,40.8143,Northwestern and Central Trinity
CA,EKA,P,nw,101,Coastal Del Norte,CA101,-124.1146,41.7364,Coastal Del Norte
CA,EKA,P,nw,102,Interior Del Norte,CA102,-123.8512,41.7446,Interior Del Norte
CA,EKA,P,nw,104,Southwestern Humboldt,CA104,-124.1428,40.2708,Southwestern Humboldt
ME,GYX,E,ww,033,Interior Cumberland Highlands,ME033,-70.6904,44.0404,Interior Cumberland Highlands
IL,LOT,C,ne,106,Northern Will,IL106,-88.0699,41.5776,Northern Will
IL,LOT,C,ne,108,Eastern Will,IL108,-87.7148,41.3833,Eastern Will
IL,LOT,C,ne,105,Southern Cook,IL105,-87.7273,41.5834,Southern Cook
IL,LOT,C,ne,103,Northern Cook,IL103,-87.9824,42.0711,Northern Cook
ME,CAR,E,se,016,Interior Hancock,ME016,-68.3139,44.8579,Interior Hancock
ME,CAR,E,se,017,Central Washington,ME017,-67.6662,45.0108,Central Washington
FL,JAX,E,ne,132,Eastern Clay,FL132,-81.6792,30.0117,Eastern Clay
FL,JAX,E,ne,225,Trout River,FL225,-81.7184,30.4129,Trout River
FL,JAX,E,ne,325,South Central Duval,FL325,-81.6487,30.2148,South Central Duval
FL,JAX,E,ne,137,Eastern Putnam,FL137,-81.612,29.5498,Eastern Putnam
HI,HFO,H,,001,Niihau,HI001,-160.1545,21.8939,Niihau
HI,HFO,H,,030,Kauai East,HI030,-159.3873,22.0459,Kauai East
HI,HFO,H,,003,Kauai Southwest,HI003,-159.6613,22.0042,Kauai Southwest
HI,HFO,H,,004,Kauai Mountains,HI004,-159.5405,22.0931,Kauai Mountains
HI,HFO,H,,029,Kauai North,HI029,-159.5229,22.1803,Kauai North
HI,HFO,H,,031,Kauai South,HI031,-159.4755,21.9109,Kauai South
HI,HFO,H,,016,Kahoolawe,HI016,-156.6093,20.5472,Kahoolawe
HI,HFO,H,,042,Lanai Windward,HI042,-156.9128,20.8796,Lanai Windward
HI,HFO,H,,015,Lanai Mauka,HI015,-156.9112,20.8146,Lanai Mauka
HI,HFO,H,,041,Molokai Leeward South,HI041,-157.084,21.1226,Molokai Leeward South
HI,HFO,H,,010,Central Oahu,HI010,-158.0244,21.4812,Central Oahu
HI,HFO,H,,011,Waianae Mountains,HI011,-158.1301,21.4651,Waianae Mountains
HI,HFO,H,,006,Waianae Coast,HI006,-158.1673,21.4404,Waianae Coast
HI,HFO,H,,036,Koolau Leeward,HI036,-157.8889,21.4356,Koolau Leeward
HI,HFO,H,,007,Oahu North Shore,HI007,-158.0982,21.596,Oahu North Shore
HI,HFO,H,,009,Olomana,HI009,-157.7434,21.3777,Olomana
HI,HFO,H,,037,Molokai Windward,HI037,-156.853,21.1462,Molokai Windward
HI,HFO,H,,034,Ewa Plain,HI034,-158.0201,21.3494,Ewa Plain
HI,HFO,H,,017,Maui Windward West,HI017,-156.5736,20.9164,Maui Windward West
HI,HFO,H,,045,Maui Central Valley North,HI045,-156.4145,20.8677,Maui Central Valley North
HI,HFO,H,,022,Haleakala Summit,HI022,-156.2222,20.7171,Haleakala Summit
HI,HFO,H,,047,Windward Haleakala,HI047,-156.1914,20.8286,Windward Haleakala
HI,HFO,H,,049,South Maui/Upcountry,HI049,-156.3769,20.7262,South Maui/Upcountry
HI,HFO,H,,018,Maui Leeward West,HI018,-156.642,20.8882,Maui Leeward West
HI,HFO,H,,033,Honolulu Metro,HI033,-157.8823,21.3172,Honolulu Metro
HI,HFO,H,,032,East Honolulu,HI032,-157.7234,21.2865,East Honolulu
HI,HFO,H,,040,Molokai West,HI040,-157.2586,21.154,Molokai West
HI,HFO,H,,038,Molokai Southeast,HI038,-156.8223,21.0939,Molokai Southeast
HI,HFO,H,,043,Lanai Leeward,HI043,-156.998,20.8389,Lanai Leeward
HI,HFO,H,,046,Maui Central Valley South,HI046,-156.4662,20.8051,Maui Central Valley South
HI,HFO,H,,048,Kipahulu,HI048,-156.0501,20.7002,Kipahulu
HI,HFO,H,,039,Molokai North,HI039,-157.0922,21.1812,Molokai North
HI,HFO,H,,050,South Haleakala,HI050,-156.244,20.635,South Haleakala
HI,HFO,H,,044,Lanai South,HI044,-156.888,20.7602,Lanai South
HI,HFO,H,,035,Koolau Windward,HI035,-157.8988,21.5507,Koolau Windward
HI,HFO,H,,027,Big Island Interior,HI027,-155.573,19.579,Big Island Interior
HI,HFO,H,,052,Big Island Southeast,HI052,-155.3797,19.2593,Big Island Southeast
HI,HFO,H,,028,Big Island Summit,HI028,-155.5524,19.5532,Big Island Summit
HI,HFO,H,,026,Kohala,HI026,-155.8042,19.8793,Kohala
HI,HFO,H,,023,Kona,HI023,-155.8781,19.41,Kona
HI,HFO,H,,053,Big Island East,HI053,-155.1316,19.6259,Big Island East
HI,HFO,H,,054,Big Island North,HI054,-155.5934,20.061,Big Island North
HI,HFO,H,,051,Big Island South,HI051,-155.7338,19.0571,Big Island South
SC,CAE,E,cc,135,Northwestern Orangeburg,SC135,-81.1333,33.5756,Northwestern Orangeburg
SC,CAE,E,cc,136,Central Orangeburg,SC136,-80.9111,33.4489,Central Orangeburg
TX,HGX,C,se,438,Galveston Island,TX438,-94.8973,29.2456,Galveston Island
TX,HGX,C,se,439,Bolivar Peninsula,TX439,-94.5711,29.4886,Bolivar Peninsula
UT,SLC,M,ss,125,Southern Mountains,UT125,-112.4662,37.8671,Southern Mountains
UT,SLC,M,sw,123,Lower Washington County,UT123,-113.6488,37.1632,Lower Washington County
UT,SLC,M,nn,114,Western Uinta Basin,UT114,-110.3145,40.246,Western Uinta Basin
UT,SLC,M,nn,107,Cache Valley/Utah Portion,UT107,-111.9092,41.809,Cache Valley/Utah Portion
WY,SLC,M,sw,021,Southwest Wyoming,WY021,-110.5476,41.2875,Southwest Wyoming
UT,SLC,M,se,131,Glen Canyon Recreation Area/Lake Powell,UT131,-110.7898,37.3615,Glen Canyon Recreation Area/Lake
UT,SLC,M,cc,113,Wasatch Plateau/Book Cliffs,UT113,-110.767,39.8071,Wasatch Plateau/Book Cliffs
UT,SLC,M,cc,117,Central Mountains,UT117,-111.7827,39.0084,Central Mountains
UT,SLC,M,sw,122,Southwest Utah,UT122,-113.4513,38.1051,Southwest Utah
UT,SLC,M,nn,108,Wasatch Back,UT108,-111.5267,40.8141,Wasatch Back
UT,SLC,M,ss,128,South Central Utah,UT128,-111.8128,37.3759,South Central Utah
UT,SLC,M,cc,120,Castle Country,UT120,-110.8905,39.3174,Castle Country
UT,SLC,M,nn,101,Great Salt Lake Desert and Mountains,UT101,-113.2347,40.9292,Great Salt Lake Desert and Mount
UT,SLC,M,nn,111,Wasatch Mountains South of I-80,UT111,-111.62,40.2682,Wasatch Mountains South of I-80
UT,SLC,M,nn,112,Western Uinta Mountains,UT112,-110.7334,40.6923,Western Uinta Mountains
UT,SLC,M,nn,110,Wasatch Mountains I-80 North,UT110,-111.546,41.4128,Wasatch Mountains I-80 North
UT,SLC,M,nn,104,Northern Wasatch Front,UT104,-112.1496,41.0742,Northern Wasatch Front
UT,SLC,M,nn,109,Bear Lake and Bear River Valley,UT109,-111.1912,41.6797,Bear Lake/Bear River Valley
UT,SLC,M,sw,124,Zion National Park,UT124,-113.0793,37.2808,Zion National Park
UT,SLC,M,ss,129,Capitol Reef National Park and Vicinity,UT129,-111.2634,38.2218,Capitol Reef and Vicinity
UT,SLC,M,ss,127,Bryce Canyon Country,UT127,-112.1542,37.738,Bryce Canyon Country
UT,SLC,M,ss,126,Upper Sevier River Valleys,UT126,-112.1917,38.1842,Upper Sevier River Valleys
UT,SLC,M,nn,103,Eastern Box Elder County,UT103,-112.322,41.71,Eastern Box Elder County
UT,SLC,M,nn,102,Tooele and Rush Valleys,UT102,-112.3841,40.3692,Tooele and Rush Valleys
UT,SLC,M,nn,105,Salt Lake Valley,UT105,-111.9881,40.6778,Salt Lake Valley
UT,SLC,M,cc,115,Western Millard and Juab Counties,UT115,-113.1813,39.307,Western Juab/Millard Counties
UT,SLC,M,cc,116,Eastern Juab/Millard Counties,UT116,-112.2213,39.2286,Eastern Juab/Millard Counties
UT,SLC,M,nn,106,Utah Valley,UT106,-111.9,40.1571,Utah Valley
UT,SLC,M,cc,118,Sanpete Valley,UT118,-111.6668,39.3723,Sanpete Valley
UT,SLC,M,cc,121,San Rafael Swell,UT121,-110.632,38.8704,San Rafael Swell
UT,SLC,M,ss,130,Western Canyonlands,UT130,-110.5783,38.1697,Western Canyonlands
UT,SLC,M,cc,119,Sevier Valley,UT119,-112.039,38.7785,Sevier Valley
CA,HNX,P,cc,300,West Side Mountains north of 198,CA300,-120.7869,36.6593,West Side Mountains north of 198
CA,HNX,P,cc,301,Los Banos - Dos Palos,CA301,-120.7212,36.9125,Los Banos - Dos Palos
CA,HNX,P,cc,302,Merced - Madera - Mendota,CA302,-120.4536,37.0903,Merced - Madera - Mendota
CA,HNX,P,cc,303,Planada - Le Grand - Snelling,CA303,-120.193,37.2577,Planada - Le Grand - Snelling
CA,HNX,P,cc,304,Coalinga - Avenal,CA304,-120.1879,36.0678,Coalinga - Avenal
CA,HNX,P,cc,305,West Side of Fresno and Kings Counties,CA305,-120.1034,36.287,West Side of Fresno and Kings
CA,HNX,P,cc,306,Caruthers - San Joaquin - Selma,CA306,-119.8953,36.5869,Caruthers - San Joaquin - Selma
CA,HNX,P,cc,307,Fresno-Clovis,CA307,-119.7342,36.7953,Fresno-Clovis
CA,HNX,P,cc,308,West Side Mountains South of 198,CA308,-120.0363,35.6837,West Side Mountains South of 198
CA,HNX,P,cc,309,Buttonwillow - Lost Hills - I5,CA309,-119.6082,35.6098,Buttonwillow - Lost Hills - I5
CA,HNX,P,cc,310,Delano-Wasco-Shafter,CA310,-119.3702,35.7752,Delano-Wasco-Shafter
CA,HNX,P,cc,311,Hanford - Corcoran - Lemoore,CA311,-119.5882,36.226,Hanford - Corcoran - Lemoore
CA,HNX,P,cc,312,Visalia - Porterville - Reedley,CA312,-119.2605,36.3626,Visalia - Porterville - Reedley
CA,HNX,P,cc,313,Buena Vista,CA313,-119.4499,35.2078,Buena Vista
CA,HNX,P,cc,314,Bakersfield,CA314,-119.0216,35.3612,Bakersfield
CA,HNX,P,cc,315,Southeast San Joaquin Valley,CA315,-119.0391,35.7755,Southeast San Joaquin Valley
CA,HNX,P,cc,316,South End San Joaquin Valley,CA316,-118.9898,35.1382,South End San Joaquin Valley
CA,HNX,P,cc,317,Mariposa Madera Foothills,CA317,-119.9965,37.3511,Mariposa Madera Foothills
CA,HNX,P,cc,318,Mariposa-Madera Lower Sierra,CA318,-119.8078,37.4854,Mariposa-Madera Lower Sierra
CA,HNX,P,cc,320,Fresno-Tulare Lower Sierra,CA320,-119.1509,36.837,Fresno-Tulare Lower Sierra
CA,HNX,P,cc,321,South End Sierra Foothills,CA321,-118.88,35.7347,South End Sierra Foothills
CA,HNX,P,cc,322,South End of the Lower Sierra,CA322,-118.7513,35.9436,South End of the Lower Sierra
CA,HNX,P,cc,323,Yosemite NP outside of the valley,CA323,-119.553,37.8529,Yosemite NP
CA,HNX,P,cc,324,Yosemite Valley,CA324,-119.662,37.7184,Yosemite Valley
CA,HNX,P,cc,325,San Joaquin River Canyon,CA325,-119.3176,37.3286,San Joaquin River Canyon
CA,HNX,P,cc,326,Upper San Joaquin River,CA326,-119.1195,37.4492,Upper San Joaquin River
CA,HNX,P,cc,328,Kings Canyon NP,CA328,-118.5876,36.899,Kings Canyon NP
CA,HNX,P,cc,329,Grant Grove Area,CA329,-118.8599,36.7902,Grant Grove Area
CA,HNX,P,cc,330,Sequoia NP,CA330,-118.575,36.5082,Sequoia NP
CA,HNX,P,cc,331,South End of the Upper Sierra,CA331,-118.3399,36.0209,South End of the Upper Sierra
CA,HNX,P,cc,332,Kern River Valley,CA332,-118.4122,35.6428,Kern River Valley
CA,HNX,P,cc,333,Piute Walker Basin,CA333,-118.4292,35.4383,Piute Walker Basin
CA,HNX,P,cc,334,Tehachapi,CA334,-118.5472,35.1324,Tehachapi
CA,HNX,P,cc,335,Grapevine,CA335,-118.9043,34.8909,Grapevine
CA,HNX,P,cc,336,Frazier Mountain Communities,CA336,-119.1812,34.9239,Frazier Mountain Communities
CA,HNX,P,cc,337,Indian Wells Valley,CA337,-117.7591,35.6195,Indian Wells Valley
CA,HNX,P,cc,338,Mojave Desert Slopes,CA338,-118.1893,35.2364,Mojave Desert Slopes
CA,HNX,P,cc,339,Mojave Desert,CA339,-117.9052,35.0734,Mojave Desert
WA,OTX,P,nc,048,Western Chelan County,WA048,-120.869,48.0304,Western Chelan County
WA,OTX,P,nc,047,Central Chelan County,WA047,-120.5252,47.8063,Central Chelan County
SC,GSP,E,,105,Greater Pickens,SC105,-82.7069,34.8593,Greater Pickens
SC,GSP,E,,101,Oconee Mountains,SC101,-83.1175,34.8778,Oconee Mountains
SC,GSP,E,,104,Greater Oconee,SC104,-83.0385,34.6875,Greater Oconee
SC,GSP,E,up,103,Greenville Mountains,SC103,-82.4629,35.13,Greenville Mountains
SC,GSP,E,,106,Central Greenville,SC106,-82.3782,34.9673,Central Greenville
SC,GSP,E,up,107,Southern Greenville,SC107,-82.3139,34.6832,Southern Greenville
SC,GSP,E,up,108,Northern Spartanburg,SC108,-82.0536,35.0656,Northern Spartanburg
SC,GSP,E,up,109,Southern Spartanburg,SC109,-81.9443,34.8324,Southern Spartanburg
SC,GSP,E,,102,Pickens Mountains,SC102,-82.8101,35.0173,Pickens Mountains
AR,LZK,C,ww,221,Johnson County Higher Elevations,AR221,-93.4471,35.6552,Johnson Higher Elevations
AR,LZK,C,ww,130,Western and Northern Logan County,AR130,-93.7455,35.2523,Western/Northern Logan
AR,LZK,C,nc,112,Newton County Higher Elevations,AR112,-93.2439,35.8956,Newton Higher Elevations
AR,LZK,C,ww,140,Polk County Lower Elevations,AR140,-94.3073,34.4133,Polk Lower Elevations
AR,LZK,C,cc,122,Southern Pope County,AR122,-93.0596,35.3423,Southern Pope
AR,LZK,C,ww,237,Central and Southern Scott County,AR237,-94.0651,34.8189,Central/Southern Scott
AR,LZK,C,nc,313,"Eastern, Central, and Southern Searcy County Higher Elevations",AR313,-92.6677,35.8697,E/C/S Searcy Higher Elevations
AR,LZK,C,nc,223,Van Buren County Higher Elevations,AR223,-92.5994,35.6487,Van Buren Higher Elevations
AR,LZK,C,nc,103,Boone County Except Southwest,AR103,-93.0755,36.3217,Boone Except Southwest
AR,LZK,C,nc,203,Boone County Higher Elevations,AR203,-93.2439,36.1834,Boone Higher Elevations
AR,LZK,C,nc,212,Newton County Lower Elevations,AR212,-93.0733,36.0553,Newton Lower Elevations
AR,LZK,C,nc,213,Northwest Searcy County Higher Elevations,AR213,-92.8685,36.0493,NW Searcy Higher Elevations
AR,LZK,C,nc,113,Searcy County Lower Elevations,AR113,-92.7213,35.9775,Searcy Lower Elevations
AR,LZK,C,ww,121,Southern Johnson County,AR121,-93.4744,35.4736,Southern Johnson
AR,LZK,C,cc,222,Pope County Higher Elevations,AR222,-92.9956,35.607,Pope Higher Elevations
AR,LZK,C,nc,123,Southeast Van Buren County,AR123,-92.4247,35.5067,SE Van Buren
AR,LZK,C,ww,137,Northern Scott County,AR137,-94.0579,34.9845,Northern Scott
AR,LZK,C,ww,230,Southern and Eastern Logan County,AR230,-93.6717,35.1586,Southern/Eastern Logan
AR,LZK,C,cc,138,Northwest Yell County,AR138,-93.5043,35.1143,NW Yell
AR,LZK,C,cc,238,Yell Excluding Northwest,AR238,-93.3837,34.9695,Yell Excluding NW
AR,LZK,C,ww,141,Central and Eastern Montgomery County,AR141,-93.6079,34.5241,Central/East Montgomery
AR,LZK,C,ww,240,Northern Polk County Higher Elevations,AR240,-94.2329,34.6452,N Polk Higher Elevations
AR,LZK,C,ww,241,Northern Montgomery County Higher Elevations,AR241,-93.6775,34.6914,N Montgomery Higher Elevations
AR,LZK,C,ww,340,Southeast Polk County Higher Elevations,AR340,-94.1274,34.4489,SE Polk Higher Elevations
AR,LZK,C,ww,341,Southwest Montgomery County Higher Elevations,AR341,-93.8217,34.4197,SW Montgomery Higher Elevations
FL,MLB,E,ec,254,Inland Indian River,FL254,-80.6904,27.6955,Inland Indian River
FL,MLB,E,ec,264,Inland Martin,FL264,-80.4514,27.0779,Inland Martin
FL,MLB,E,ec,547,Inland Southern Brevard,FL547,-80.7634,28.0506,Inland Southern Brevard
FL,MLB,E,ec,041,Inland Volusia,FL041,-81.2449,29.0523,Inland Volusia
FL,MLB,E,ec,141,Coastal Volusia,FL141,-80.984,29.0917,Coastal Volusia
FL,MLB,E,ec,247,Inland Northern Brevard,FL247,-80.9007,28.6092,Inland Northern Brevard
FL,MLB,E,ec,259,Inland St. Lucie,FL259,-80.5329,27.3694,Inland St. Lucie
FL,MLB,E,ec,154,Coastal Indian River,FL154,-80.4549,27.6872,Coastal Indian River
FL,MLB,E,ec,159,Coastal St. Lucie,FL159,-80.3424,27.3965,Coastal St. Lucie
FL,MLB,E,ec,164,Coastal Martin,FL164,-80.2014,27.104,Coastal Martin
FL,MLB,E,ec,447,Northern Brevard Barrier Islands,FL447,-80.6731,28.5687,Northern Brevard Barrier Islands
FL,MLB,E,ec,347,Mainland Northern Brevard,FL347,-80.8265,28.5862,Mainland Northern Brevard
FL,MLB,E,ec,647,Mainland Southern Brevard,FL647,-80.6434,28.0939,Mainland Southern Brevard
FL,MLB,E,ec,747,Southern Brevard Barrier Islands,FL747,-80.6167,28.235,Southern Brevard Barrier Island
CA,LOX,P,sw,383,Antelope Valley,CA383,-118.0482,34.7001,Antelope Valley
CA,LOX,P,sw,548,Los Angeles County San Gabriel Valley,CA548,-117.9738,34.0657,Los Angeles County San Gabriel
CA,LOX,P,sw,369,Western Santa Monica Mountains Recreational Area,CA369,-118.889,34.0907,Western Santa Monica Mountains
CA,LOX,P,sw,358,Central Ventura County Valleys,CA358,-119.0367,34.3897,Central Ventura County Valleys
CA,LOX,P,sw,376,Southern Ventura County Mountains,CA376,-119.0936,34.543,Southern Ventura County Mountai
CA,LOX,P,sw,353,Santa Barbara County Interior Mountains,CA353,-119.823,34.7747,Santa Barbara Interior Mts
CA,LOX,P,sw,348,Santa Ynez Valley,CA348,-120.0988,34.6908,Santa Ynez Valley
CA,LOX,P,sw,038,Cuyama Valley,CA038,-119.7374,34.9422,Cuyama Valley
CA,LOX,P,sw,345,San Luis Obispo County Mountains,CA345,-120.1048,35.1768,San Luis Obispo County Mountains
CA,LOX,P,sw,344,San Luis Obispo County Interior Valleys,CA344,-120.1532,35.4405,San Luis Obispo County Int Val
CA,LOX,P,sw,087,Catalina and Santa Barbara Islands,CA087,-118.4412,33.3833,Catalina Island
CA,LOX,P,sw,350,Santa Barbara County Southeastern Coast,CA350,-119.7142,34.4344,Santa Barbara County SE Coast
CA,LOX,P,sw,355,Ventura County Inland Coast,CA355,-119.0715,34.2366,Ventura County Inland Coast
CA,LOX,P,sw,341,San Luis Obispo County Inland Central Coast,CA341,-120.5471,35.1214,San Luis Obispo Inland Coast
CA,LOX,P,sw,549,San Miguel and Santa Rosa Islands,CA549,-120.1462,33.9774,San Miguel and Santa Rosa Islan
CA,LOX,P,sw,550,Santa Cruz and Anacapa Islands,CA550,-119.7416,34.0138,Santa Barbara County South Coast
CA,LOX,P,sw,362,Malibu Coast,CA362,-118.6777,34.0408,Malibu Coast
CA,LOX,P,sw,366,Los Angeles County Beaches,CA366,-118.3308,33.8457,Los Angeles County Beaches
CA,LOX,P,sw,356,Lake Casitas,CA356,-119.3447,34.4011,Lake Casitas
CA,LOX,P,sw,357,Ojai Valley,CA357,-119.2615,34.4268,Ojai Valley
CA,LOX,P,sw,342,Santa Lucia Mountains,CA342,-120.795,35.4597,Santa Lucia Mountains
CA,LOX,P,sw,343,Southern Salinas Valley,CA343,-120.7122,35.6395,Southern Salinas Valley
CA,LOX,P,sw,347,Santa Barbara County Inland Central Coast,CA347,-120.3762,34.7553,Santa Barbara County Inland
CA,LOX,P,sw,340,San Luis Obispo County Beaches,CA340,-120.8857,35.3656,San Luis Obispo County Beaches
CA,LOX,P,sw,346,Santa Barbara County Central Coast Beaches,CA346,-120.5534,34.7179,Santa Barbara County Beaches
CA,LOX,P,sw,354,Ventura County Beaches,CA354,-119.2077,34.2116,Ventura County Beaches
CA,LOX,P,sw,352,Santa Ynez Mountains Eastern Range,CA352,-119.548,34.4707,Santa Ynez Eastern Range
CA,LOX,P,sw,351,Santa Ynez Mountains Western Range,CA351,-119.9838,34.5164,Santa Ynez Western Range
CA,LOX,P,sw,372,Western San Fernando Valley,CA372,-118.5083,34.2249,Western San Fernando Valley
CA,LOX,P,sw,374,Southeastern Ventura County Valleys,CA374,-118.8394,34.2322,Southeastern Ventura County Val
CA,LOX,P,sw,088,Santa Clarita Valley,CA088,-118.5579,34.4534,Santa Clarita Valley
CA,LOX,P,sw,349,Santa Barbara County Southwestern Coast,CA349,-120.3013,34.5052,Santa Barbara County SW Coast
CA,MTR,P,ww,506,North Bay Interior Valleys,CA506,-122.6419,38.3698,North Bay Interior Valleys
CA,MTR,P,ww,505,Coastal North Bay Including Point Reyes National Seashore,CA505,-122.9543,38.2364,Coastal North Bay Including Poi
CA,MTR,P,ww,510,East Bay Interior Valleys,CA510,-121.8801,37.8804,East Bay Interior Valleys
CA,MTR,P,ww,513,Santa Clara Valley Including San Jose,CA513,-121.7971,37.2196,Santa Clara Valley Including Sa
CA,MTR,P,ww,512,Santa Cruz Mountains,CA512,-122.04,37.1726,Santa Cruz Mountains
CA,MTR,P,ww,508,San Francisco Bay Shoreline,CA508,-122.165,37.5938,San Francisco Bay Shoreline
CA,MTR,P,ww,529,Northern Monterey Bay,CA529,-121.9005,36.9757,Northern Monterey Bay
CA,MTR,P,ww,518,Mountains Of San Benito County And Interior Monterey County Including Pinnacles National Park,CA518,-120.9214,36.3718,Mountains Of San Benito County
CA,MTR,P,ww,528,Northern Salinas Valley/Hollister Valley and Carmel Valley,CA528,-121.5047,36.6769,Northern Salinas Valley/Hollist
CA,MTR,P,ww,509,San Francisco Peninsula Coast,CA509,-122.3923,37.374,San Francisco Peninsula Coast
CA,MTR,P,ww,516,Southern Salinas Valley/Arroyo Seco and Lake San Antonio,CA516,-121.0546,36.1014,Southern Salinas Valley/Arroyo
CA,MTR,P,ww,517,Santa Lucia Mountains and Los Padres National Forest,CA517,-121.4188,36.1606,Santa Lucia Mountains and Los P
CA,MTR,P,ww,530,Southern Monterey Bay and Big Sur Coast,CA530,-121.7566,36.6165,Southern Monterey Bay and Big S
CA,MTR,P,ww,006,San Francisco,CA006,-122.4424,37.7558,San Francisco
CA,MTR,P,ww,504,North Bay Interior Mountains,CA504,-122.4433,38.5823,North Bay Interior Mountains
CA,MTR,P,ww,502,Marin Coastal Range,CA502,-122.6859,38.0602,Marin Coastal Range
CA,MTR,P,ww,503,Sonoma Coastal Range,CA503,-123.1621,38.6598,Sonoma Coastal Range
CA,MTR,P,ww,514,Eastern Santa Clara Hills,CA514,-121.5277,37.243,Eastern Santa Clara Hills
CA,MTR,P,ww,515,East Bay Hills,CA515,-121.8201,37.7045,East Bay Hills
TX,BRO,C,sc,451,Kenedy Island,TX451,-97.3609,26.9007,Kenedy Island
TX,BRO,C,sc,454,Willacy Island,TX454,-97.2769,26.5229,Coastal Willacy
TX,BRO,C,sc,354,Coastal Willacy,TX354,-97.4673,26.4868,Coastal Willacy
TX,BRO,C,sc,355,Coastal Cameron,TX355,-97.3264,26.17,Coastal Cameron
TX,BRO,C,sc,455,Cameron Island,TX455,-97.1763,26.1485,Coastal Cameron
PW,PQW,J,,004,Koror,PW004,134.3979,7.2464,Koror
PW,PQW,J,,003,Airai,PW003,134.5428,7.4279,Airai
PW,PQW,J,,001,Kayangel,PW001,134.7146,8.0745,Kayangel
PW,PQW,J,,007,Sonsorol,PW007,132.0991,5.0286,Sonsorol
PW,PQW,J,,008,Tobi,PW008,131.1563,3.0055,Hatohobei
PW,PQW,J,,002,Melekeok,PW002,134.5852,7.5623,Melekeok
PW,PQW,J,,006,Angaur,PW006,134.1372,6.9074,Angaur
PW,PQW,J,,005,Peleliu,PW005,134.2477,7.0153,Peleliu
MH,PQE,J,,007,Ailinglaplap,MH007,168.7633,7.3959,Ailinglaplap
MH,PQE,K,,010,Enewetak,MH010,162.3155,11.4745,Enewetak
MH,PQE,K,,009,Ujae,MH009,165.6317,9.1107,Ujae
MH,PQE,K,,005,Utrok,MH005,169.8404,11.2304,Utrik
MH,PQE,K,,003,Wotje,MH003,170.1603,9.4713,Wotje
MH,PQE,K,,008,Kwajalein,MH008,167.4829,9.0685,Kwajalein
MH,PQE,K,,006,Jaluit,MH006,169.6133,5.9418,Jaluit
MH,PQE,K,,002,Majuro,MH002,171.1789,7.1086,Majuro
MH,PQE,K,,004,Mili,MH004,171.9031,6.0564,Mili
MH,PQE,K,,001,Arno,MH001,171.7228,7.0602,Arno
MP,GUM,G,,003,Saipan,MP003,145.7534,15.1889,Saipan
MP,GUM,G,,002,Tinian,MP002,145.6267,15.003,Tinian
MP,GUM,G,,001,Rota,MP001,145.2148,14.1576,Rota
MP,GUM,G,,007,Agrihan,MP007,145.6674,18.771,Agrihan
MP,GUM,G,,004,Anatahan,MP004,145.6774,16.3519,Anatahan
MP,GUM,G,,005,Alamagan,MP005,145.833,17.5998,Alamagan
MP,GUM,G,,006,Pagan,MP006,145.7666,18.1166,Pagan
GU,GUM,G,,001,Guam,GU001,144.7774,13.4435,Guam
FM,PQE,F,,001,Kosrae,FM001,162.9766,5.3102,Kosrae
FM,PQE,F,,016,Oroluk,FM016,155.3206,7.5684,Oroluk
FM,PQE,F,,014,Pakin,FM014,157.8033,7.0649,Pakin
FM,PQE,F,,013,Pohnpei,FM013,158.2288,6.8829,Pohnpei
FM,PQE,F,,012,Mwoakilloa,FM012,159.7581,6.68,Mokil
FM,PQE,F,,015,Sapwuahfik,FM015,157.2493,5.799,Sapwuafik
FM,PQE,F,,017,Nukuoro,FM017,154.9572,3.8531,Nukuoro
FM,PQE,F,,018,Kapingamarangi,FM018,154.8005,1.0672,Kapingamarangi
FM,PQE,F,,011,Pingelap,FM011,160.7044,6.215,Pingelap
FM,PQW,G,,025,Onoun,FM025,149.6884,8.5832,Ulul
FM,PQW,G,,024,Fananu,FM024,151.9124,8.5612,Fananu
FM,PQW,G,,023,Chuuk Lagoon,FM023,151.7574,7.3701,Chuuk Lagoon
FM,PQW,G,,026,Polowat,FM026,149.1871,7.3623,Puluwat
FM,PQW,G,,021,Lukunoch,FM021,153.7735,5.5154,Lukunor
FM,PQW,G,,022,Losap,FM022,152.7215,6.8717,Losap
FM,PQW,G,,035,Fais,FM035,140.5184,9.7631,Fais
FM,PQW,G,,033,Faraulep,FM033,144.5165,8.59,Faraulep
FM,PQW,G,,031,Satawal,FM031,147.031,7.3807,Satawal
FM,PQW,G,,032,Woleai,FM032,143.8757,7.3639,Woleai
FM,PQW,G,,034,Eauripik,FM034,143.06,6.6891,Eauripik
FM,PQW,G,,038,Ngulu,FM038,137.5069,8.3906,Ngulu
FM,PQW,G,,037,Yap,FM037,138.127,9.5399,Yap
FM,PQW,G,,036,Ulithi,FM036,139.7259,9.9895,Ulithi
VT,BTV,E,ss,020,Western Windsor,VT020,-72.7043,43.6473,Windsor
CA,HNX,P,cc,319,Fresno-Tulare Foothills,CA319,-119.2012,36.607,Fresno-Tulare Foothills
CA,HNX,P,cc,327,Kaiser to Rodgers Ridge,CA327,-119.0287,37.1044,Kaiser to Rodgers Ridge
TX,BRO,C,sc,351,Coastal Kenedy,TX351,-97.5218,26.9662,Coastal Kenedy
CA,LOX,P,sw,368,Los Angeles County Inland Coast including Downtown Los Angeles,CA368,-118.2407,33.9486,Los Angeles County Inland Coast
MT,TFX,M,nc,301,East Glacier Park Region,MT301,-113.422,48.6372,East Glacier Park Region
MT,TFX,M,nc,302,Northern High Plains,MT302,-112.8524,48.5425,Northern High Plains
MT,TFX,M,nc,303,"Eastern Glacier, Western Toole, and Central Pondera",MT303,-112.2726,48.6453,E Glacier W Toole C Pondera
MT,TFX,M,nc,304,Eastern Toole and Liberty,MT304,-111.2827,48.5958,Eastern Toole and Liberty
MT,TFX,M,nc,305,Hill County,MT305,-110.1728,48.6691,Hill County
MT,TFX,M,nc,306,Northern Blaine County,MT306,-108.8425,48.7135,Northern Blaine County
MT,TFX,M,nc,307,Southern Rocky Mountain Front,MT307,-112.7733,47.5101,Southern Rocky Mountain Front
MT,TFX,M,nc,308,Southern High Plains,MT308,-112.3405,47.6849,Southern High Plains
MT,TFX,M,nc,309,Eastern Pondera and Eastern Teton,MT309,-111.7646,47.9541,Eastern Pondera Eastern Teton
MT,TFX,M,nc,310,Western and Central Chouteau County,MT310,-110.5845,47.8751,Western Central Chouteau County
MT,TFX,M,nc,311,Bears Paw Mountains and Southern Blaine,MT311,-109.3165,48.1247,Bears Paw Mountains South Blaine
MT,TFX,M,nc,312,Cascade County below 5000ft,MT312,-111.3871,47.4133,Cascade County below 5000ft
MT,TFX,M,nc,313,Judith Basin County and Judith Gap,MT313,-110.1395,47.098,Judith Basin County Judith Gap
MT,TFX,M,nc,314,Fergus County below 4500ft,MT314,-109.2016,47.346,Fergus County below 4500ft
MT,TFX,M,cc,315,Upper Blackfoot and MacDonald Pass,MT315,-112.4247,46.806,Upper Blackfoot MacDonald Pass
MT,TFX,M,cc,316,Gates of the Mountains,MT316,-111.9932,47.0048,Gates of the Mountains
MT,TFX,M,cc,317,Little Belt and Highwood Mountains,MT317,-110.7705,46.9742,Little Belt Highwood Mountains
MT,TFX,M,cc,318,Snowy and Judith Mountains,MT318,-109.2789,46.9085,Snowy and Judith Mountains
MT,TFX,M,cc,319,Helena Valley,MT319,-111.9392,46.6543,Helena Valley
MT,TFX,M,cc,320,"Big Belt, Bridger and Castle Mountains",MT320,-111.1323,46.3337,Big Belt Bridger Castle Mtns
MT,TFX,M,cc,321,Meagher County Valleys,MT321,-110.8308,46.5176,Meagher County Valleys
MT,TFX,M,cc,322,Elkhorn and Boulder Mountains,MT322,-112.1068,46.2336,Elkhorn and Boulder Mountains
MT,TFX,M,cc,323,Canyon Ferry Area,MT323,-111.5425,46.2952,Canyon Ferry Area
MT,TFX,M,sw,324,Missouri Headwaters,MT324,-111.8024,45.8502,Missouri Headwaters
MT,TFX,M,sw,325,Madison River Valley,MT325,-111.6756,45.3268,Madison River Valley
MT,TFX,M,sw,326,Gallatin Valley,MT326,-111.196,45.7532,Gallatin Valley
MT,TFX,M,sw,327,Northwest Beaverhead County,MT327,-113.2984,45.4903,Northwest Beaverhead County
MT,TFX,M,sw,328,Beaverhead and Western Madison below 6000ft,MT328,-112.5631,45.2964,Beaverhead W Mad below 6000ft
MT,TFX,M,sw,329,Ruby Mountains and Southern Beaverhead Mountains,MT329,-112.6561,44.8223,Ruby Mtn S Beaverhead Mtn
MT,TFX,M,sw,330,Gallatin and Madison County Mountains and Centennial Mountains,MT330,-111.6002,45.0978,Gallatin Madison Centennial Mtns
IN,IWX,E,nc,104,Eastern St. Joseph,IN104,-86.2095,41.6193,St. Joseph
IN,IWX,E,nc,116,Northern Kosciusko,IN116,-85.8378,41.3378,Kosciusko
IN,IWX,C,nw,103,Northern La Porte,IN103,-86.7063,41.6261,La Porte
MI,IWX,E,sw,277,Southern Berrien,MI277,-86.4348,41.8971,Berrien
IN,IWX,E,nc,204,Western St. Joseph,IN204,-86.4382,41.6119,St. Joseph
MI,IWX,E,sw,177,Northern Berrien,MI177,-86.3368,42.1472,Berrien
IN,IWX,E,nc,216,Southern Kosciusko,IN216,-85.8838,41.1497,Kosciusko
IN,IWX,C,nw,203,Southern La Porte,IN203,-86.7975,41.4091,La Porte
AS,PPG,S,,004,Rose Atoll,AS004,-168.156,-14.5453,Rose Atoll
TX,LCH,C,se,616,Southern Orange,TX616,-93.8842,30.0641,Southern Orange
LA,LCH,C,sw,152,Upper Vermilion,LA152,-92.2739,30.0498,Upper Vermilion
LA,LCH,C,sw,242,Southern Jefferson Davis,LA242,-92.7996,30.1392,Southern Jefferson Davis
LA,LCH,C,sc,253,Lower Iberia,LA253,-91.8554,29.7499,Lower Iberia
LA,LCH,C,sc,153,Upper Iberia,LA153,-91.6312,30.0091,Upper Iberia
LA,LCH,C,sc,154,Upper St. Mary,LA154,-91.4287,29.8162,Upper St. Mary
LA,LCH,C,sw,241,Southern Calcasieu,LA241,-93.2867,30.1333,Southern Calcasieu
LA,LCH,C,sw,243,Southern Acadia,LA243,-92.45,30.1309,Southern Acadia
TX,LCH,C,se,515,Upper Jefferson,TX515,-94.2917,30.037,Upper Jefferson
TX,LCH,C,se,516,Northern Orange,TX516,-93.907,30.1826,Northern Orange
WA,PDT,P,sc,522,Upper Slopes of the Eastern Washington Cascades Crest,WA522,-121.2667,46.9379,Upper Slopes of the E Wash Cas
LA,LCH,C,sw,141,Northern Calcasieu,LA141,-93.4199,30.3127,Northern Calcasieu
CA,LOX,P,sw,375,Santa Susana Mountains,CA375,-118.7386,34.3387,Santa Susana Mountains
CA,LOX,P,sw,379,Western San Gabriel Mountains and Highway 14 Corridor,CA379,-118.2964,34.4617,Western San Gabriel Mountains a
CA,LOX,P,sw,377,Northern Ventura County Mountains,CA377,-119.1611,34.7342,Northern Ventura County Mountai
CA,LOX,P,sw,381,Western Antelope Valley Foothills,CA381,-118.3779,34.6494,Western Antelope Valley Foothil
CA,LOX,P,sw,382,Eastern Antelope Valley Foothills,CA382,-117.8141,34.4909,Eastern Antelope Valley Foothil
CA,LOX,P,sw,378,Interstate 5 Corridor,CA378,-118.7273,34.6716,Interstate 5 Corridor
CA,LOX,P,sw,380,Eastern San Gabriel Mountains,CA380,-117.8806,34.2905,Eastern San Gabriel Mountains
CA,LOX,P,sw,371,Calabasas and Agoura Hills,CA371,-118.7423,34.1299,Calabasas and Agoura Hills
CA,LOX,P,sw,373,Eastern San Fernando Valley,CA373,-118.2987,34.1898,Eastern San Fernando Valley
CA,LOX,P,sw,367,Palos Verdes Hills,CA367,-118.3624,33.7652,Palos Verdes Hills
CA,LOX,P,sw,370,Eastern Santa Monica Mountains Recreational Area,CA370,-118.5622,34.0938,Eastern Santa Monica Mountains
PA,PBZ,E,sw,078,Higher Elevations of Indiana,PA078,-79.0103,40.5318,Eastern Indiana
VA,LWX,E,nn,526,Northwest Prince William,VA526,-77.6332,38.8549,Northwest Prince Willieam
MD,LWX,E,ne,008,Cecil,MD008,-76.0104,39.5607,Cecil
MD,PHI,E,ne,012,Kent,MD012,-76.1543,39.1548,Kent
SD,UNR,M,wc,024,Northern Black Hills,SD024,-103.7924,44.1987,Northern Black Hills
SD,UNR,C,sc,049,Tripp,SD049,-99.884,43.3459,Tripp
SD,UNR,C,sc,047,Todd,SD047,-100.7184,43.1934,Todd
SD,UNR,M,sw,042,Northern Oglala Lakota,SD042,-102.5558,43.5307,Northern Oglala Lakota
SD,UNR,M,nw,078,Southern Perkins,SD078,-102.4779,45.2845,Southern Perkins
SD,UNR,M,sw,077,Southern Jackson,SD077,-101.6533,43.5628,Southern Jackson
SD,UNR,M,nw,001,Harding,SD001,-103.4959,45.5804,Harding
SD,UNR,M,wc,032,Haakon,SD032,-101.54,44.2944,Haakon
SD,UNR,M,sw,044,Bennett,SD044,-101.6639,43.1949,Bennett
SD,UNR,C,sc,046,Mellette,SD046,-100.76,43.5811,Mellette
SD,UNR,M,nw,012,Butte,SD012,-103.5081,44.9058,Butte
SD,UNR,M,wc,014,Ziebach,SD014,-101.666,44.9806,Ziebach
SD,UNR,M,wc,013,Northern Meade Co Plains,SD013,-102.48,44.8216,Northern Meade Co Plains
SD,UNR,M,wc,073,Southern Meade Co Plains,SD073,-102.7678,44.4055,Southern Meade Co Plains
SD,UNR,M,wc,028,Central Black Hills,SD028,-103.6043,43.8684,Central Black Hills
SD,UNR,M,wc,026,Rapid City,SD026,-103.2226,44.0004,Rapid City
SD,UNR,M,wc,031,Pennington Co Plains,SD031,-102.4422,44.007,Pennington Co Plains
SD,UNR,M,wc,025,Northern Foothills,SD025,-103.7849,44.5217,Northern Foothills
SD,UNR,M,sw,029,Southern Black Hills,SD029,-103.7517,43.6072,Southern Black Hills
SD,UNR,M,sw,074,Hermosa Foothills,SD074,-103.2509,43.6677,Hermosa Foothills
SD,UNR,M,sw,030,Custer Co Plains,SD030,-102.9762,43.6988,Custer Co Plains
SD,UNR,M,sw,041,Western Fall River,SD041,-103.8148,43.171,Western Fall River
SD,UNR,M,sw,027,Southern Foothills,SD027,-103.6039,43.3817,Southern Foothills
WY,UNR,M,ne,059,Newcastle,WY059,-104.3166,43.7191,Newcastle
WY,UNR,M,ne,056,Western Crook,WY056,-104.8077,44.6273,Western Crook
WY,UNR,M,ne,060,Northeastern Crook,WY060,-104.1802,44.7865,Northeastern Crook
WY,UNR,M,ne,055,Southern Campbell,WY055,-105.5478,43.8436,Southern Campbell
WY,UNR,M,ne,054,Northern Campbell,WY054,-105.5496,44.596,Northern Campbell
WY,UNR,M,ne,057,Wyoming Black Hills,WY057,-104.3495,44.3823,Wyoming Black Hills
SD,UNR,M,sw,075,Eastern Fall River,SD075,-103.2197,43.2078,Eastern Fall River
WY,UNR,M,ne,058,Weston County Plains,WY058,-104.7853,43.8674,Weston County
SD,UNR,M,nw,002,Northern Perkins,SD002,-102.4735,45.7373,Northern Perkins
SD,UNR,M,sw,076,Southern Oglala Lakota,SD076,-102.5485,43.1901,Southern Oglala Lakota
SD,UNR,M,wc,072,Sturgis/Piedmont Foothills,SD072,-103.3829,44.3268,Sturgis/Piedmont Foothills
SD,UNR,M,sw,043,Northern Jackson,SD043,-101.5949,43.8677,Northern Jackson
NM,EPZ,M,sw,426,Southern Gila Region Highlands/Black Range,NM426,-108.0453,33.0716,High Terrain of the Gila
NM,EPZ,M,sw,425,Central Grant County/Silver City Area,NM425,-108.0997,32.76,Central Grant County/Silver City
NM,EPZ,M,sc,429,Southeast Tularosa Basin,NM429,-106.1094,32.3354,Southeast Tularosa Basin
NM,EPZ,M,sc,428,East Central Tularosa Basin/Alamogordo,NM428,-106.0993,33.0694,East Central Tularosa Basin/Alam
NM,EPZ,M,sc,427,West Central Tularosa Basin/White Sands,NM427,-106.4202,32.7419,West Central Tularosa Basin/Whit
FL,JAX,E,nn,422,Southeastern Columbia,FL422,-82.5731,30.1473,Southeastern Columbia
WA,PQR,P,sw,208,South Washington Cascade Foothills,WA208,-122.5546,46.0337,South Washington Cascade Foothi
WA,PQR,P,sw,203,Willapa Hills,WA203,-123.4406,46.4636,Willapa Hills
WA,PQR,P,sw,204,Cowlitz County Lowlands,WA204,-122.9135,46.1895,Cowlitz County Lowlands
WA,PQR,P,sw,201,South Washington Coast,WA201,-123.9011,46.5078,South Washington Coast
WA,PQR,P,sw,205,North Clark County Lowlands,WA205,-122.6057,45.7787,North Clark County Lowlands
WA,PQR,P,sw,206,Inner Vancouver Metro,WA206,-122.6462,45.6678,Inner Vancouver Metro
WA,PQR,P,sw,207,East Clark County Lowlands,WA207,-122.3953,45.6042,East Clark County Lowlands
WA,PQR,P,sw,210,Central Columbia River Gorge - SR 14,WA210,-121.7109,45.7152,Central Columbia River Gorge
WA,PQR,P,sw,209,West Columbia River Gorge - SR 14,WA209,-122.0056,45.6379,West Columbia River Gorge
OR,PQR,P,nw,102,Tillamook County Coast,OR102,-123.8935,45.3813,Tillamook County Coast
OR,PQR,P,nw,101,Clatsop County Coast,OR101,-123.8453,46.0848,Clatsop County Coast
OR,PQR,P,wc,103,Central Coast of Oregon,OR103,-124.0171,44.5185,Central Coast of Oregon
OR,PQR,P,wc,105,Central Oregon Coast Range Lowlands,OR105,-123.7351,44.3784,Central Oregon Coast Range Lowl
OR,PQR,P,nw,104,North Oregon Coast Range Lowlands,OR104,-123.4834,45.7917,North Oregon Coast Range Lowlan
OR,PQR,P,nw,108,Lower Columbia River,OR108,-122.9767,45.9591,Lower Columbia River
OR,PQR,P,nw,115,East Central Willamette Valley,OR115,-122.8253,45.0421,East Central Willamette Valley
OR,PQR,P,wc,117,Linn County Lowlands,OR117,-122.9602,44.5207,Linn County Lowlands
OR,PQR,P,wc,116,Benton County Lowlands,OR116,-123.3084,44.4987,Benton County Lowlands
OR,PQR,P,nw,114,West Central Willamette Valley,OR114,-123.2391,45.0867,West Central Willamette Valley
OR,PQR,P,wc,118,Lane County Lowlands,OR118,-123.1621,44.0605,Lane County Lowlands
OR,PQR,P,nw,109,Tualatin Valley,OR109,-123.001,45.5144,Tualatin Valley
OR,PQR,P,nw,122,Central Columbia River Gorge I-84 Corridor,OR122,-121.6071,45.7005,Central Columbia River Gorge
OR,PQR,P,nw,120,West Columbia River Gorge I-84 Corridor,OR120,-122.0573,45.6063,West Columbia River Gorge
OR,PQR,P,nw,111,Inner Portland Metro,OR111,-122.6157,45.4718,Inner Portland Metro
OR,PQR,P,nw,112,East Portland Metro,OR112,-122.4069,45.5186,East Portland Metro
OR,PQR,P,nw,121,Upper Hood River Valley,OR121,-121.5868,45.6055,Upper Hood River Valley
OR,PQR,P,nw,119,West Columbia River Gorge of Oregon above 500 ft,OR119,-122.085,45.542,West Columbia River Gorge of Or
OR,PQR,P,wc,124,Cascade Foothills of Marion and Linn Counties,OR124,-122.5773,44.545,Cascade Foothills of Marion and
OR,PQR,P,nw,123,Clackamas County Cascade Foothills,OR123,-122.2583,45.2088,Clackamas County Cascade Foothi
OR,PQR,P,wc,125,Lane County Cascade Foothills,OR125,-122.7232,43.9499,Lane County Cascade Foothills
OR,PQR,P,wc,127,Cascades of Marion and Linn Counties,OR127,-122.1211,44.5856,Cascades of Marion and Linn Cou
OR,PQR,P,nw,126,North Oregon Cascades,OR126,-121.9183,45.2324,North Oregon Cascades
OR,PQR,P,wc,128,Cascades of Lane County,OR128,-122.2756,43.8198,Cascades of Lane County
OR,PQR,P,nw,110,West Hills and Chehalem Mountains,OR110,-122.9062,45.4599,West Hills and Chehalem Mountai
OR,PQR,P,wc,107,Central Oregon Coast Range,OR107,-123.6254,44.4253,Central Oregon Coast Range
WA,PQR,P,sw,202,Willapa and Wahkiakum Lowlands,WA202,-123.5766,46.4823,Willapa and Wahkiakum Lowlands
WA,PQR,P,sw,211,South Washington Cascades,WA211,-122.0135,46.0559,South Washington Cascades
OR,PQR,P,nw,113,Outer Southeast Portland Metro,OR113,-122.3697,45.3705,Outer Southeast Portland Metro
OR,PQR,P,nw,106,North Oregon Coast Range,OR106,-123.4735,45.6454,North Oregon Coast Range
VA,AKQ,E,se,528,Isle of Wight,VA528,-76.7271,36.8908,Isle of Wight
FL,MOB,C,nw,202,Escambia Coastal,FL202,-87.3014,30.4556,Escambia Coastal
WA,SEW,P,nw,001,San Juan County,WA001,-122.9627,48.5786,San Juan County
WA,SEW,P,wc,303,Cascades of Southern King County,WA303,-121.5978,47.344,Cascades of S King County
WA,SEW,P,nw,302,Cascades of Snohomish and Northern King Counties,WA302,-121.4145,47.9616,Cascades of Snohomish/N King Co
WA,SEW,P,nw,331,Grays Harbor County Coast,WA331,-124.1301,47.1427,Grays Harbor County Coast
WA,SEW,P,wc,315,City of Seattle,WA315,-122.3243,47.6213,City of Seattle
WA,SEW,P,nw,323,Eastern Kitsap County,WA323,-122.6241,47.5778,Eastern Kitsap County
WA,SEW,P,nw,325,Eastern Strait of Juan de Fuca,WA325,-123.2739,48.0671,Eastern Strait of Juan de Fuca
WA,SEW,P,wc,314,Eastside,WA314,-122.1647,47.648,Eastside
WA,SEW,P,nw,333,Island County,WA333,-122.5483,48.1631,Island County
WA,SEW,P,nw,327,Lake Crescent Area Including US 101,WA327,-124.1244,48.1413,Lake Crescent Area Incl US 101
WA,SEW,P,nw,332,Lower Chehalis River Valley,WA332,-123.7874,46.9998,Lower Chehalis River Valley
WA,SEW,P,wc,313,Shoreline / Lynnwood / South Everett Area,WA313,-122.2288,47.8329,Shoreline / Lynnwood / S Everett
WA,SEW,P,wc,312,Downtown Everett / Marysville Area,WA312,-122.1692,48.0349,Downtown Everett/Marysville Area
WA,SEW,P,nw,319,Middle Chehalis River Valley,WA319,-123.4657,47.0655,Middle Chehalis River Valley
WA,SEW,P,nw,301,Cascades of Whatcom and Skagit Counties,WA301,-121.4533,48.6842,Cascades of Whatcom/Skagit Co
WA,SEW,P,nw,305,Foothills and Valleys of the North Cascades,WA305,-121.921,48.4916,Foothills of the North Cascades
WA,SEW,P,wc,306,Foothills and Valleys of Snohomish and Northern King Counties,WA306,-121.8291,47.8433,Foothills of Snohomish/N King Co
WA,SEW,P,nw,330,Northern Washington Coast,WA330,-124.5432,48.0132,Northern Washington Coast
WA,SEW,P,nw,322,Northern Hood Canal,WA322,-122.8074,47.7472,Northern Hood Canal
WA,SEW,P,wc,317,Olympia and Southern Puget Sound,WA317,-122.8936,47.1045,Olympia and S Puget Sound
WA,SEW,P,nw,328,Olympics,WA328,-123.5654,47.7455,Olympics
WA,SEW,P,wc,308,Foothills and Valleys of Pierce and Southern King Counties,WA308,-122.1642,47.1437,Foothills of Pierce/S King Co
WA,SEW,P,nw,324,Port Townsend Area,WA324,-122.8129,48.0211,Port Townsend Area
WA,SEW,P,wc,304,Cascades of Pierce and Lewis Counties,WA304,-121.8917,46.7395,Cascades of Pierce/Lewis Co
WA,SEW,P,wc,309,Foothills and Valleys of Thurston and Lewis Counties,WA309,-122.4528,46.6074,Foothills of Thurston/Lewis Co
WA,SEW,P,wc,307,Foothills and Valleys of Central King County,WA307,-121.8909,47.5544,Foothills of Central King County
WA,SEW,P,wc,316,Lowlands of Pierce and Southern King Counties,WA316,-122.4666,47.2536,Lowlands of Pierce/S King Co
WA,SEW,P,nw,321,Southern Hood Canal,WA321,-123.0858,47.43,Southern Hood Canal
WA,SEW,P,wc,318,Lowlands of Lewis and Southern Thurston Counties,WA318,-122.9139,46.6827,Lowlands of Lewis/S Thurston Co
WA,SEW,P,nw,311,Lowlands of Western Skagit and Northwestern Snohomish Counties,WA311,-122.3548,48.4097,W Skagit and NW Snohomish Co
WA,SEW,P,nw,329,Foothills of the Western and Southern Olympic Peninsula,WA329,-124.0409,47.5508,West & South Olympic Foothills
WA,SEW,P,nw,326,Western Strait of Juan de Fuca,WA326,-124.0838,48.1939,Western Strait of Juan de Fuca
WA,SEW,P,nw,310,Lowlands of Western Whatcom County,WA310,-122.5156,48.8802,Lowlands of W Whatcom County
WA,SEW,P,wc,320,Willapa and Black Hills,WA320,-123.3072,46.7722,Willapa and Black Hills
FL,JAX,E,nn,220,Western Hamilton,FL220,-83.1185,30.5004,Western Hamilton
FL,TAE,E,bb,326,Northern Liberty,FL326,-84.8873,30.3891,Northern Liberty
FL,JAX,E,ne,233,Northeast Coastal St. Johns,FL233,-81.3753,30.0922,Northeast Coastal St. Johns
FL,JAX,E,ne,633,Western St. Johns,FL633,-81.5564,29.9173,Western St. Johns
FL,JAX,E,ne,333,Southeast Coastal St. Johns,FL333,-81.2954,29.7778,Southeast Coastal St. Johns
FL,JAX,E,ne,533,Southern Inland St. Johns,FL533,-81.4103,29.7856,Southern Inland St. Johns
FL,JAX,E,ne,433,Northern Inland St. Johns,FL433,-81.4554,30.012,Northern Inland St. Johns
MD,LWX,E,ww,509,Western Garrett,MD509,-79.362,39.5039,West Garrett
MD,LWX,E,ww,510,Eastern Garrett,MD510,-79.1231,39.5708,East Garrett
AK,AFG,A,,847,Northern Denali Borough,AK847,-150.1015,63.8132,Northern Denali Borough
AK,AFG,A,,838,Upper Chena River Valley,AK838,-145.4137,64.8331,Upper Chena River Valley
AK,AFG,A,,825,Yukon Delta Coast,AK825,-164.2482,62.1505,Yukon Delta
AK,AFG,A,,823,Interior Seward Peninsula,AK823,-163.7898,65.2676,Intr Seward Pen
AK,AFG,A,,806,Western Arctic Plains,AK806,-157.04,69.4448,Western Arctic Plains
AK,AFG,A,,818,Northern Seward Peninsula,AK818,-161.6973,65.8646,Nrn Seward Pen
AK,AFG,A,,835,Fortymile Country,AK835,-142.5483,64.3508,Fortymile Country
AK,AFG,A,,833,Yukon Flats,AK833,-144.6114,66.5037,Yukon Flats
AK,AFG,A,,848,Southern Denali Borough,AK848,-149.7918,63.3247,Southern Denali Borough
AK,AFG,A,,850,Eastern Alaska Range South of Trims Camp,AK850,-145.1328,63.315,Ern AK Rng Sth Trms
AK,AFG,A,,849,Eastern Alaska Range North of Trims Camp,AK849,-145.7849,63.725,Ern AK Rng Nth Trms
AK,AFG,A,,837,Delta Junction,AK837,-145.6591,64.0669,Delta Junction
AK,AFG,A,,836,Upper Tanana Valley,AK836,-142.5274,63.001,Upper Tanana Valley
AK,AFG,A,,841,Goldstream Valley and Nenana Hills,AK841,-148.4062,64.8224,Gldstrm Vlly Nnn Hlls
AK,AFG,A,,842,Chatanika River Valley,AK842,-147.4898,65.1445,Chatanika River Valley
AK,AFG,A,,839,Tanana Flats,AK839,-147.5782,64.4851,Tanana Flats
AK,AFG,A,,840,Eielson AFB and Salcha,AK840,-146.8032,64.5731,Eielson AFB and Salcha
AK,AFG,A,,844,Fairbanks Metro Area,AK844,-147.68,64.8465,Fairbanks Metro Area
AK,AFG,A,,843,Two Rivers,AK843,-146.8659,64.915,Two Rivers
AK,AFG,A,,830,Lower Yukon and Innoko Valleys,AK830,-158.3318,63.0676,Lwr Ykn Inno
AK,AFG,A,,851,North Slopes of the Western Alaska Range,AK851,-153.8583,62.5097,Nrth Slp Wstrn AK Rng
AK,AFG,A,,852,Upper Kuskokwim Valley,AK852,-155.2266,62.8529,Upper Kuskokwim Valley
AK,AFG,A,,828,Lower Koyukuk Valley,AK828,-156.8514,65.6686,Lwr Koyukuk
AK,AFG,A,,829,Middle Yukon Valley,AK829,-156.7719,64.4693,Mid Ykn
AK,AFG,A,,834,White Mountains and High Terrain South of the Yukon River,AK834,-146.8275,65.4534,White Mountains
AK,AFG,A,,845,Nenana,AK845,-148.7876,64.537,Nenana
AK,AFG,A,,846,Central Interior,AK846,-151.8256,64.7482,Central Interior
AK,AFG,A,,812,South Slopes Of The Central Brooks Range,AK812,-151.9616,67.563,Central Brooks Range
AK,AFG,A,,811,South Slopes Of The Eastern Brooks Range,AK811,-144.9154,67.8478,Eastern Brooks Range
AK,AFG,A,,832,Dalton Highway Summits,AK832,-150.2855,66.3044,Dalton Highway Summits
AK,AFG,A,,831,Upper Koyukuk Valley,AK831,-152.8923,66.3537,Upr Koyukuk Vly
AK,AFG,A,,810,Romanzof Mountains,AK810,-144.9103,68.9538,Romanzof Mtns
AK,AFG,A,,801,Western Arctic Coast,AK801,-164.1034,69.0153,Western Arctic Coast
AK,AFG,A,,802,Northwest Arctic Coast,AK802,-159.5078,70.302,Northwest Arctic Coast
AK,AFG,A,,803,Northern Arctic Coast,AK803,-155.3712,70.6873,Northern Arctic Coast
AK,AFG,A,,805,Eastern Beaufort Sea Coast,AK805,-144.0059,69.8543,Eastern Beaufort Sea Coast
AK,AFG,A,,804,Central Beaufort Sea Coast,AK804,-149.5614,70.2069,Central Beaufort Sea Coast
AK,AFG,A,,809,Central Brooks Range,AK809,-151.0112,68.4504,Central Brooks Range
AK,AFG,A,,808,Central Arctic Plains,AK808,-150.0441,69.3952,Central Arctic Plains
AK,AFG,A,,807,Howard Pass and the Delong Mountains,AK807,-159.5284,68.4493,Howard Pass
AK,AFG,A,,826,Lower Yukon River,AK826,-162.0476,62.1614,Lwr Yukon
AK,AFG,A,,822,Southern Seward Peninsula Coast,AK822,-164.4872,64.6146,Srn Seward Pen Cst
AK,AFG,A,,827,St Lawrence Island,AK827,-170.3421,63.3895,St. Lawrence Isl
AK,AFG,A,,824,Eastern Norton Sound and Nulato Hills,AK824,-160.8843,64.2126,Ern Norton Snd
AK,AFG,A,,820,Shishmaref,AK820,-165.8661,66.1172,Shishmaref
AK,AFG,A,,821,Bering Strait Coast,AK821,-166.6301,65.4254,Far North Bering Cst
AK,AFG,A,,815,Kivalina and Red Dog Dock,AK815,-164.1692,67.6084,Kivalina and Red Dog Dock
AK,AFG,A,,814,Noatak Valley,AK814,-161.9252,67.6845,Noatak Valley
AK,AFG,A,,813,South Slopes of the Western Brooks Range,AK813,-157.2874,67.6229,Western Brooks Range
AK,AFG,A,,819,Upper Kobuk Valleys,AK819,-157.3906,66.7755,Upr Kobuk Noatak
AK,AFG,A,,817,Baldwin Peninsula,AK817,-161.7137,66.562,Baldwin Peninsula
AK,AFG,A,,816,Lower Kobuk Valley,AK816,-160.5806,66.7012,Lower Kobuk Valley
AK,AJK,A,,323,City and Borough of Sitka,AK323,-135.3018,57.2368,Sitka Coastal
AK,AJK,A,,329,City and Borough of Wrangell,AK329,-132.0134,56.3356,Wrangell Channels
AK,AJK,A,,317,City and Borough of Yakutat,AK317,-140.3727,59.8909,Yakutat Coastal
AK,AJK,A,,319,Haines Borough and Klukwan,AK319,-135.5035,59.1229,Haines Borough
AK,AJK,A,,330,Ketchikan Gateway Borough,AK330,-130.9293,55.5976,Ketchikan Channels
AK,AJK,A,,318,Municipality of Skagway,AK318,-135.338,59.5617,Taiya Inlet
AK,AJK,A,,326,Petersburg Borough,AK326,-132.9266,57.1337,Petersburg Channels
AK,AJK,A,,322,Cape Fairweather to Lisianski Strait,AK322,-136.9205,58.3917,Pelican Coastal
AK,AJK,A,,332,Annette Island,AK332,-131.4853,55.1277,Annette Channels
AK,AJK,A,,331,City of Hyder,AK331,-130.169,55.9588,Hyder Channels
AK,AJK,A,,328,Prince of Wales Island,AK328,-132.8811,55.5012,Craig Coastal
AK,AFC,A,,756,Interior Kuskokwim Delta,AK756,-161.2797,60.681,Interior Kuskokwim Delta
AK,AFC,A,,735,Cordova,AK735,-144.5039,60.612,Cordova
AK,AFC,A,,751,McCarthy,AK751,-142.7127,61.2069,McCarthy
AK,AFC,A,,723,NW Kenai Peninsula,AK723,-150.7365,60.6011,NW Kenai Peninsula
AK,AFC,A,,772,Kodiak Island Southwest,AK772,-154.3415,57.5852,Kodiak Island Southwest
AK,AFC,A,,762,Northern Alaska Peninsula,AK762,-156.8591,57.815,Northern Alaska Peninsula
AK,AFC,A,,714,Eureka / Tahneta Pass,AK714,-147.7116,62.2507,Eureka / Tahneta Pass
AK,AFC,A,,703,East Turnagain Arm,AK703,-148.8024,61.0624,East Turnagain Arm
AK,AFC,A,,741,Northern Copper Valley,AK741,-145.6057,62.9257,Northern Copper Valley
AK,AFC,A,,742,Western Copper Valley,AK742,-146.2082,61.8626,Western Copper Valley
AK,AFC,A,,750,Tok Cutoff,AK750,-143.1439,62.2815,Tok Cutoff
AK,AFC,A,,743,Central Copper Valley,AK743,-145.1955,62.1845,Central Copper Valley
AK,AFC,A,,744,Ernestine,AK744,-145.1326,61.4012,Ernestine
AK,AFC,A,,749,Southern Copper Valley,AK749,-144.6167,61.5735,Southern Copper Valley
AK,AFC,A,,732,Thompson Pass,AK732,-145.3406,61.0071,Thompson Pass
AK,AFC,A,,728,West Prince William Sound & Whittier,AK728,-147.9169,60.7442,West Prince William Sound & Whi
AK,AFC,A,,731,Valdez,AK731,-146.4061,61.0907,Valdez
AK,AFC,A,,753,Kuskokwim Valley East,AK753,-157.3067,61.4848,Kuskokwim Valley East
AK,AFC,A,,752,Kuskokwim Valley West,AK752,-159.4907,61.4638,Kuskokwim Valley West
AK,AFC,A,,757,Western Capes,AK757,-161.4634,59.056,Western Capes
AK,AFC,A,,766,Lake Iliamna / Nila Vena / Nanvarpak,AK766,-155.161,59.6939,Lake Iliamna / Nila Vena / Nanva
AK,AFC,A,,773,Chignik and Perryville,AK773,-158.2939,56.424,Chignik and Perryville
AK,AFC,A,,761,Southern Alaska Peninsula,AK761,-158.8735,56.5814,Southern Alaska Peninsula
AK,AFC,A,,702,Anchorage Hillside / Eagle River,AK702,-149.2535,61.2344,Anchorage Hillside / Eagle River
AK,AFC,A,,704,Portage,AK704,-148.8563,60.7892,Portage
AK,AFC,A,,745,Western Susitna Valley,AK745,-151.6664,62.1719,Western Susitna Valley
AK,AFC,A,,748,Northern Susitna Valley,AK748,-148.3328,62.9725,Northern Susitna Valley
AK,AFC,A,,713,Sutton / Upper Matanuska Valley,AK713,-148.2199,61.6829,Sutton / Upper Matanuska Valley
AK,AFC,A,,712,Hatcher Pass,AK712,-149.4391,61.859,Hatcher Pass
AK,AFC,A,,746,Southern Susitna Valley,AK746,-150.2998,61.6375,Southern Susitna Valley
AK,AFC,A,,747,Central Susitna Valley,AK747,-149.9585,62.2563,Central Susitna Valley
AK,AFC,A,,754,Lime Village,AK754,-154.5599,61.5129,Lime Village
AK,AFC,A,,755,Kuskokwim Delta Coast and Nunivak Island,AK755,-163.7872,60.3165,Kuskokwim Delta Coast and Nuniv
AK,AFC,A,,795,Pribilof Islands,AK795,-169.9829,56.9151,Pribilof Islands
AK,AFC,A,,781,Aleutians East Borough,AK781,-162.0021,55.3572,Aleutians East Borough
AK,AFC,h,,787,Atka and Adak,AK787,-175.0778,52.0606,Atka and Adak
AK,AFC,h,,791,Shemya and Attu Islands,AK791,175.5398,52.3658,Shemya and Attu Islands
AK,AFC,A,,729,Tyonek,AK729,-152.9914,60.3611,Tyonek
AK,AFC,A,,725,Southern Kenai Mtns,AK725,-149.8886,59.8552,Southern Kenai Mtns
AK,AFC,A,,727,Turnagain Pass,AK727,-148.9872,60.5451,Turnagain Pass
AK,AFC,A,,726,Interior Kenai Peninsula,AK726,-149.559,60.6052,Interior Kenai Peninsula
AK,AFC,A,,721,Southern Kachemak Bay,AK721,-151.5295,59.4054,Southern Kachemak Bay
AK,AFC,A,,724,Skilak Lake,AK724,-150.3977,60.1401,Skilak Lake
AK,AFC,A,,722,SW Kenai Peninsula,AK722,-151.2998,59.9437,SW Kenai Peninsula
AK,AFC,A,,771,Kodiak Island Northeast,AK771,-152.7946,57.8834,Kodiak Island Northeast
AK,AFC,A,,701,Anchorage,AK701,-149.7449,61.2546,Anchorage
AK,AFC,A,,711,Lower Matanuska Valley,AK711,-149.5513,61.5111,Lower Matanuska Valley
AK,AFC,A,,765,Inland Bristol Bay,AK765,-157.9866,60.0562,Inland Bristol Bay
AK,AFC,A,,763,Bristol Bay Borough (Naknek and King Salmon),AK763,-156.7001,58.7436,Bristol Bay Borough Naknek and
AK,AJK,A,,327,Western Kupreanof and Kuiu Island,AK327,-133.8989,56.6439,Kake Channels
AK,AJK,A,,321,Eastern Chichagof Island,AK321,-135.5319,58.0323,Hoonah Channels
AK,AFC,A,,764,Northern Bristol Bay Coast,AK764,-159.0294,58.9826,Northern Bristol Bay Coast
AK,AJK,A,,324,Admiralty Island,AK324,-134.0838,57.7045,Angoon Channels
AK,AJK,A,,325,City and Borough of Juneau,AK325,-134.1724,58.458,Juneau Borough
AK,AJK,A,,320,Glacier Bay,AK320,-136.375,58.7923,Glacier Bay
AK,AFC,A,,785,Unalaska and Nikolski,AK785,-167.4375,53.5175,Unalaska and Nikolski
NV,VEF,P,ss,026,Lake Mohave - NV side,NV026,-114.7303,35.5086,Lake Mead National Recreation Ar
AZ,VEF,m,nw,571,Lake Mohave - AZ side,AZ571,-114.5437,35.3682,Lake Mead National Recreation Ar
CA,VEF,P,ee,582,Owens Valley North,CA582,-118.256,37.0209,Owens Valley North
CA,EKA,P,nw,117,Northeastern Trinity,CA117,-122.7321,41.0494,Northeastern Trinity
CA,EKA,P,cc,118,Western Lake,CA118,-122.9217,39.0912,Western Lake
CA,EKA,P,cc,119,Southwestern Lake,CA119,-122.7434,38.8578,Southwestern Lake
CA,STO,P,nn,121,Western Shasta County Mountains Above 3000 ft,CA121,-122.5361,40.8407,W. Shasta County abv 3k ft
CA,STO,P,nn,122,Western Shasta County Foothills Between 1000-3000 ft,CA122,-122.6689,40.5427,W. Shasta Co Foothills 1-3k ft
CA,STO,P,nn,123,Shasta Lake Area and Interstate 5 Between 1000-3000 ft,CA123,-122.1971,40.9047,Shasta Lake Area & I-5 1-3k ft
CA,STO,P,nn,124,South-Central Shasta County Including Redding Metro,CA124,-122.3164,40.5279,S-C Shasta Co & Redding Metro
CA,STO,P,nn,125,Eastern Shasta County Foothills Between 1000-3000 ft,CA125,-121.9693,40.5996,E. Shasta Co Foothills 1-3k ft
CA,STO,P,nn,126,Eastern Shasta County Mountains and Southern Cascades Above 3000 ft,CA126,-121.8099,40.8336,E. Shasta /S. Cascades abv 3k ft
CA,STO,P,nn,127,Burney Basin,CA127,-121.5216,40.8707,Burney Basin
CA,STO,P,nn,128,Lassen Volcanic National Park,CA128,-121.3968,40.4947,Lassen Volcanic National Park
CA,STO,P,nn,129,Sierra Nevada of Tehama-Butte-Plumas Counties Between 1000-3000 ft,CA129,-121.6755,39.9556,Sierra (Tehama-Plumas) 1-3k ft
CA,STO,P,nn,130,Sierra Nevada of Tehama-Butte-Plumas Counties Above 3000 ft,CA130,-121.2641,40.0511,Sierra (Tehama-Plumas) abv 3k ft
CA,STO,P,nn,131,Northern Motherlode Between 1000-3000 ft,CA131,-121.0657,39.2082,Northern Motherlode 1-3k ft
CA,STO,P,nn,132,Sierra Nevada of Yuba-Sierra-Nevada-Placer Counties Between 3000-5000 ft Including Interstate 80,CA132,-120.7989,39.3162,Sierra (Yuba-Placer) 3-5k ft
CA,STO,P,nn,133,Sierra Nevada of Sierra-Nevada-Placer Counties Above 5000 ft Including Interstate 80,CA133,-120.5456,39.3708,Sierra NV (Sierra-Placer) >5k ft
CA,STO,P,cc,134,Central Motherlode Between 1000-3000 ft,CA134,-120.7969,38.6559,Central Motherlode 1-3k ft
CA,STO,P,cc,135,Sierra Nevada of El Dorado and Amador Counties Between 3000-5000 ft Including Highway 50,CA135,-120.5231,38.7114,Sierra NV (El Dorado) 3-5k
CA,STO,P,cc,136,Sierra Nevada of El Dorado-Amador-Northern Alpine Counties Above 5000 ft Including Highway 50,CA136,-120.2142,38.735,Sierra NV (El Dorado-Amador) >5k
CA,STO,P,cc,137,Southern Motherlode Between 1000-3000 ft,CA137,-120.4767,38.0563,Southern Motherlode 1-3k ft
CA,STO,P,cc,138,Sierra Nevada of Calaveras and Tuolumne Counties Between 3000-5000 ft,CA138,-120.1833,38.1073,Sierra NV (Cal-Tuo) 3-5k ft
CA,STO,P,cc,139,Sierra Nevada of Calaveras-Tuolumne-Southern Alpine Counties Above 5000 ft,CA139,-119.9423,38.2942,Sierra NV (Cal-Tuo) >5k ft
CA,STO,P,nn,140,Tehama County Coast Range Above 3000 ft,CA140,-122.8401,40.0306,Tehama Co Coast Range >3k ft
CA,STO,P,nn,141,Western Tehama County Foothills Between 1000-3000 ft,CA141,-122.6858,40.1332,W. Tehama Co Foothills 1-3k ft
CA,STO,P,nn,142,Northern Sacramento Valley in Tehama County,CA142,-122.2811,40.0862,N. Sac Valley in Tehama County
CA,STO,P,nn,143,Glenn and Colusa County Coast Range Above 3000 ft,CA143,-122.748,39.5708,Glenn/Colusa Coast Range >3k
CA,STO,P,nn,144,Central Glenn County Including Interstate 5,CA144,-122.3587,39.6135,Central Glenn Co & Interstate 5
CA,STO,P,nn,145,Eastern Glenn County,CA145,-122.0517,39.5712,Eastern Glenn County
CA,STO,P,nn,146,Butte County Below 1000 ft,CA146,-121.723,39.5687,Butte County Below 1000 ft
CA,STO,P,nn,147,Western Glenn and Colusa County Foothills Between 1000-3000 ft,CA147,-122.5152,39.347,W. Glenn/Colusa Foothills 1-3k
CA,STO,P,nn,148,Central Colusa County Including Interstate 5,CA148,-122.2337,39.1517,Central Colusa Co incl. I-5
CA,STO,P,nn,149,Eastern Colusa County,CA149,-122.009,39.1808,Eastern Colusa County
CA,STO,P,nn,150,Sutter and Yuba Counties Below 1000 ft,CA150,-121.561,39.0791,Sutter/Yuba Counties < 1k ft
CA,STO,P,cc,151,Capay Hills of Yolo County and Vaca Hills of Solano County,CA151,-122.183,38.627,Yolo / Solano County Hills
CA,STO,P,cc,152,Western Yolo County Including Capay Valley and Interstate 505,CA152,-122.0506,38.7072,W. Yolo Co incl. Capay/I-505
CA,STO,P,cc,153,Central Yolo and Northeast Solano Counties Including Woodland and Davis,CA153,-121.8183,38.6295,C. Yolo/NE Solano incl. Woodland
CA,STO,P,cc,154,Sacramento Metro and Western El Dorado and Amador Counties,CA154,-121.2743,38.5494,Sac Metro/W. El Dorado/Amador Co
CA,STO,P,cc,155,Central Solano County Including Fairfield and Vacaville,CA155,-121.859,38.2515,C. Solano Co incl. Fairfield
CA,STO,P,cc,156,Southwestern Solano County Including Vallejo,CA156,-122.0779,38.1424,SW Solano Co incl. Vallejo
CA,STO,P,cc,157,Sacramento County Delta,CA157,-121.612,38.1743,Sacramento County Delta
CA,STO,P,cc,158,San Joaquin County Delta,CA158,-121.479,38.0171,San Joaquin County Delta
CA,STO,P,cc,159,Central San Joaquin County Including Stockton Metro,CA159,-121.1567,37.9975,C. San Joaquin Co incl. Stockton
CA,STO,P,cc,160,Tracy Triangle Below 1000 ft,CA160,-121.4116,37.724,Tracy Triangle Below 1000 ft
CA,STO,P,cc,161,Northeastern San Joaquin Valley Below 1000 ft,CA161,-120.6834,37.9131,NE San Joaquin Valley Below 1000
CA,STO,P,cc,162,Eastern Diablo Range Above 1000 ft,CA162,-121.355,37.3828,E. Diablo Range Above 1000 ft
CA,STO,P,cc,163,Western Stanislaus County Below 1000 ft Including Interstate 5,CA163,-121.1599,37.4229,W. Stanislaus Co < 1k ft & I-5
CA,STO,P,cc,164,Central Stanislaus County Including Modesto Metro,CA164,-120.8803,37.6295,C. Stanislaus Co incl. Modesto
AZ,VEF,m,nw,575,Hualapai Mountains,AZ575,-113.8737,34.9704,Hualapai Mountains
ND,BIS,C,nc,055,Northwest Ward,ND055,-102.0282,48.6332,Northwest Ward
ND,BIS,C,sc,057,Western McLean,ND057,-101.8165,47.6977,Western McLean
ND,BIS,C,sc,059,Western Morton,ND059,-101.6268,46.8216,Western Morton
ND,BIS,CM,sc,061,Western Sioux,ND061,-101.3918,46.0377,Sioux
MS,LIX,C,ss,069,Amite,MS069,-90.8045,31.1744,Amite
MS,LIX,C,ss,068,Wilkinson,MS068,-91.3109,31.161,Wilkinson
MS,LIX,C,ss,071,Walthall,MS071,-90.1061,31.1485,Walthall
MS,LIX,C,ss,077,Pearl River,MS077,-89.5898,30.7686,Pearl River
LA,LIX,C,se,057,St. James,LA057,-90.7962,30.0263,St. James
LA,LIX,C,se,096,Upper Terrebonne,LA096,-90.8429,29.6347,Upper Terrebonne
LA,LIX,C,se,058,St. John The Baptist,LA058,-90.5462,30.0792,St. John The Baptist
LA,LIX,C,se,047,West Baton Rouge,LA047,-91.3134,30.4634,West Baton Rouge
LA,LIX,C,se,056,Assumption,LA056,-91.0625,29.9008,Assumption
LA,LIX,C,se,037,St. Helena,LA037,-90.7103,30.822,St. Helena
LA,LIX,C,se,034,Pointe Coupee,LA034,-91.6009,30.7097,Pointe Coupee
LA,LIX,C,se,036,East Feliciana,LA036,-91.0455,30.8451,East Feliciana
LA,LIX,C,se,048,East Baton Rouge,LA048,-91.0957,30.5383,East Baton Rouge
LA,LIX,C,se,035,West Feliciana,LA035,-91.42,30.8798,West Feliciana
LA,LIX,C,se,094,Upper Lafourche,LA094,-90.6258,29.7437,Upper Lafourche
LA,LIX,C,se,046,Iberville,LA046,-91.3494,30.2585,Iberville
MS,LIX,C,ss,086,Southern Hancock,MS086,-89.5006,30.3161,Southern Hancock
LA,LIX,C,se,095,Lower Lafourche,LA095,-90.2759,29.4097,Lower Lafourche
LA,LIX,C,se,078,Eastern Orleans,LA078,-89.7981,30.0867,Eastern Orleans
LA,LIX,C,se,071,Northern Tangipahoa,LA071,-90.4379,30.8274,Northern Tangipahoa
MS,LIX,C,ss,070,Pike,MS070,-90.4042,31.1749,Pike
LA,LIX,C,se,039,Washington,LA039,-90.0406,30.8534,Washington
LA,LIX,C,se,100,Lower St. Charles,LA100,-90.3983,29.8746,Lower St. Charles
LA,LIX,C,se,093,Coastal Jefferson,LA093,-90.0534,29.5828,Coastal Jefferson
LA,LIX,C,se,097,Lower Terrebonne,LA097,-90.8859,29.3947,Lower Terrebonne
LA,LIX,C,se,085,Western Ascension,LA085,-90.9623,30.207,Western Ascension
LA,LIX,C,se,083,Northern Livingston,LA083,-90.7744,30.505,Northern Livingston
LA,LIX,C,se,092,Central Jefferson,LA092,-90.1307,29.7688,Central Jefferson
LA,LIX,C,se,079,Northern St. Tammany,LA079,-89.9603,30.5081,Northern St. Tammany
LA,LIX,C,se,064,Upper St. Bernard,LA064,-89.8894,29.919,Upper St. Bernard
LA,LIX,C,se,081,Central Tangipahoa,LA081,-90.4031,30.5718,Central Tangipahoa
LA,LIX,C,se,070,Lower St. Bernard,LA070,-89.5674,29.8523,Lower St. Bernard
LA,LIX,C,se,076,Southeast St. Tammany,LA076,-89.7162,30.2377,Southeast St. Tammany
LA,LIX,C,se,077,Western Orleans,LA077,-90.0257,29.9827,Western Orleans
LA,LIX,C,se,080,Southwestern St. Tammany,LA080,-90.0385,30.3605,Southwestern St. Tammany
LA,LIX,C,se,082,Lower Tangipahoa,LA082,-90.372,30.3899,Lower Tangipahoa
LA,LIX,C,se,084,Southern Livingston,LA084,-90.6508,30.3135,Southern Livingston
LA,LIX,C,se,086,Eastern Ascension,LA086,-90.7769,30.1944,Eastern Ascension
LA,LIX,C,se,087,Upper Jefferson,LA087,-90.1645,29.9317,Upper Jefferson
LA,LIX,C,se,089,Upper Plaquemines,LA089,-90.0107,29.8465,Upper Plaquemines
MS,LIX,C,ss,083,Northern Hancock,MS083,-89.4768,30.5171,Northern Hancock
MS,LIX,C,ss,087,Southern Harrison,MS087,-89.1138,30.4062,Southern Harrison
MS,LIX,C,ss,088,Southern Jackson,MS088,-88.6154,30.4468,Southern Jackson
MS,LIX,C,ss,085,Northern Jackson,MS085,-88.6549,30.6348,Northern Jackson
MS,LIX,C,ss,084,Northern Harrison,MS084,-89.1206,30.5627,Northern Harrison
LA,LIX,C,se,098,Upper St. Charles,LA098,-90.3663,30.0242,Upper St. Charles
LA,LIX,C,se,099,Central St. Charles,LA099,-90.3398,29.9622,Central St. Charles
LA,LIX,C,se,091,Lower Plaquemines,LA091,-89.5898,29.4298,Lower Plaquemines
LA,LIX,C,se,090,Central Plaquemines,LA090,-89.9679,29.7668,Central Plaquemines
AR,TSA,C,nw,119,Northern Crawford,AR119,-94.2435,35.6812,Northern Crawford
AR,TSA,C,wc,220,Central and Southern Franklin,AR220,-93.9156,35.4389,Central and Southern Franklin
AR,TSA,C,wc,129,North and Central Sebastian,AR129,-94.254,35.2592,North and Central Sebastian
OK,TSA,C,se,276,Central Le Flore,OK276,-94.685,34.9587,Central Le Flore
OK,TSA,C,ne,254,Northeast Osage,OK254,-96.2122,36.7337,Northeast Osage
OK,TSA,C,ec,272,Central and Southern Sequoyah,OK272,-94.7399,35.4583,Central and Southern Sequoyah
OK,TSA,C,ne,154,Western Osage,OK154,-96.6728,36.7052,Western Osage
OK,TSA,C,ne,354,Southeast Osage,OK354,-96.2564,36.3515,Southeast Osage
OK,TSA,C,ec,172,Northern Sequoyah,OK172,-94.7984,35.6028,Northern Sequoyah
OK,TSA,C,se,376,Southern Le Flore,OK376,-94.7512,34.6736,Southern Le Flore
OK,TSA,C,se,176,Northern Le Flore,OK176,-94.6472,35.2198,Northern Le Flore
AR,TSA,C,nw,219,Southern Crawford,AR219,-94.2424,35.4943,Southern Crawford
AR,TSA,C,wc,229,Southern Sebastian,AR229,-94.3278,35.0385,Southern Sebastian
AR,TSA,C,wc,120,Northern Franklin,AR120,-93.8358,35.6735,Northern Franklin
SC,CHS,E,se,040,Allendale,SC040,-81.3581,32.9881,Allendale
SC,CHS,E,se,148,Beaufort,SC148,-80.7305,32.3854,Beaufort
GA,CHS,E,se,100,Bulloch,GA100,-81.7432,32.3969,Bulloch
GA,CHS,E,se,099,Candler,GA099,-82.0737,32.4035,Candler
SC,CHS,E,se,150,Charleston,SC150,-79.9579,32.8337,Charleston
GA,CHS,E,se,217,Coastal Bryan,GA217,-81.1985,31.8109,Coastal Bryan
GA,CHS,E,se,219,Coastal Chatham,GA219,-81.051,31.9394,Coastal Chatham
SC,CHS,E,se,149,Coastal Colleton,SC149,-80.4968,32.6081,Coastal Colleton
SC,CHS,E,se,151,Coastal Jasper,SC151,-80.9542,32.2435,Coastal Jasper
GA,CHS,E,se,239,Coastal Liberty,GA239,-81.2056,31.6639,Coastal Liberty
GA,CHS,E,se,241,Coastal McIntosh,GA241,-81.3223,31.4637,Coastal McIntosh
SC,CHS,E,se,044,Dorchester,SC044,-80.4052,33.0795,Dorchester
GA,CHS,E,se,101,Effingham,GA101,-81.3407,32.3675,Effingham
GA,CHS,E,se,115,Evans,GA115,-81.8868,32.1568,Evans
SC,CHS,E,se,042,Hampton,SC042,-81.1406,32.7763,Hampton
SC,CHS,E,se,045,Inland Berkeley,SC045,-79.9542,33.2231,Inland Berkeley
GA,CHS,E,se,216,Inland Bryan,GA216,-81.4744,32.0397,Inland Bryan
GA,CHS,E,se,218,Inland Chatham,GA218,-81.2262,32.0778,Inland Chatham
SC,CHS,E,se,043,Inland Colleton,SC043,-80.7029,32.9179,Inland Colleton
SC,CHS,E,se,147,Inland Jasper,SC147,-81.0495,32.4832,Inland Jasper
GA,CHS,E,se,238,Inland Liberty,GA238,-81.5342,31.8505,Inland Liberty
GA,CHS,E,se,240,Inland McIntosh,GA240,-81.4877,31.5278,Inland McIntosh
GA,CHS,E,se,087,Jenkins,GA087,-81.9636,32.7925,Jenkins
GA,CHS,E,se,137,Long,GA137,-81.746,31.7528,Long
GA,CHS,E,se,088,Screven,GA088,-81.6119,32.7507,Screven
GA,CHS,E,se,114,Tattnall,GA114,-82.0582,32.0458,Tattnall
SC,CHS,E,se,152,Tidal Berkeley,SC152,-79.9188,32.9595,Tidal Berkeley
VA,AKQ,E,se,530,Norfolk,VA530,-76.2783,36.8775,Norfolk
VA,AKQ,E,se,531,Portsmouth,VA531,-76.3656,36.8444,Portsmount
VA,AKQ,E,se,531,Portsmouth,VA531,-76.3554,36.8449,Portsmouth
VA,AKQ,E,se,530,Norfolk,VA530,-76.2562,36.8939,Norfolk
VA,AKQ,E,se,529,Suffolk,VA529,-76.5242,36.8564,Suffolk
VA,AKQ,E,se,529,Suffolk,VA529,-76.6417,36.6926,Suffolk
